26-12-031003-1405,20.1 кв.м
26-12-031003-1382,29.3 кв.м
26-12-031003-1403,31.8 кв.м
26-12-031003-1378,35.5 кв.м
26-12-031003-1376,29.3 кв.м
26-12-031003-1367,29.3 кв.м
26-12-031003-1394,29.4 кв.м
26-12-031003-1379,20.1 кв.м
26-12-031003-1392,35.5 кв.м
26-12-031003-1388,43.7 кв.м
26-12-031003-1402,20.1 кв.м
26-12-031003-1404,29.3 кв.м
26-12-031003-1395,31.8 кв.м
26-12-031003-1397,29.9 кв.м
26-12-031003-1396,31.8 кв.м
26-12-031003-1393,37.7 кв.м
26-12-031003-1370,37.7 кв.м
26-12-031003-1400,29.4 кв.м
26-12-031003-1387,31.8 кв.м
26-12-031003-1375,29.4 кв.м
26-12-031003-1391,20.1 кв.м
26-12-031003-1386,35.5 кв.м
26-12-031003-1365,35.5 кв.м
26-12-031003-1371,29.4 кв.м
26-12-031003-1381,37.7 кв.м
26-12-031003-1399,39.4 кв.м
26-12-031003-1374,31.6 кв.м
26-12-031003-1384,37 кв.м
26-12-031003-1369,45.4 кв.м
26-12-031003-1406,30 кв.м
26-12-031003-1385,35 кв.м
26-12-031003-1355,45.4 кв.м
26-12-031003-1383,31.6 кв.м
26-12-031003-1377,35 кв.м
26-12-031003-1358,31.6 кв.м
26-12-031003-1362,45.4 кв.м
26-12-031003-1361,45.4 кв.м
26-12-031003-1357,35 кв.м
26-12-031003-1410,20.6 кв.м
26-12-031003-1356,32.5 кв.м
26-12-031003-1372,32.5 кв.м
26-12-031003-2049,21.9 кв.м
26-12-031003-1398,32.5 кв.м
26-12-031003-1363,32.5 кв.м
26-12-031003-1359,35 кв.м
26-12-031003-1380,31.6 кв.м
26-12-031003-1364,33.1 кв.м
26-12-031003-1291,2636.5 кв.м
26-12-031003-1368,32.2 кв.м
26-12-031003-1360,32.5 кв.м
26-12-031003-1366,47.2 кв.м
26-12-031003-2042,32.9 кв.м
26-12-031003-1401,107.6 кв.м
26-12-010301-780,53.7 кв.м
26-12-031003-1373,36.6 кв.м
26-12-031003-2040,38.8 кв.м
26-12-010301-785,70.9 кв.м
26-12-031003-2044,41.8 кв.м
26-12-010301-194,4240.9 кв.м
26-12-031003-2047,30.8 кв.м
26-12-010301-774,83.9 кв.м
26-12-031003-2043,38.6 кв.м
26-12-031003-2041,33 кв.м
26-12-031003-1407,66.2 кв.м
26-12-010301-781,87.8 кв.м
26-12-021302-1130,165.5 кв.м
26-12-031003-2045,33.9 кв.м
26-12-031003-2046,33.8 кв.м
26-12-010301-773,72.1 кв.м
26-12-021302-1406,35.5 кв.м
26-12-031003-2048,49.1 кв.м
26-12-021302-1405,92.4 кв.м
26-12-010301-778,86.3 кв.м
26-12-010301-786,53.5 кв.м
26-12-010301-787,87.9 кв.м
26-12-010301-791,70.6 кв.м
26-12-010301-792,54 кв.м
26-12-021302-1407,61.5 кв.м
26-12-010301-798,54 кв.м
26-12-010301-779,71.5 кв.м
26-12-010301-794,86.8 кв.м
26-12-010301-805,85.2 кв.м
26-12-010301-797,71.3 кв.м
26-12-010301-809,71.1 кв.м
26-12-010301-811,86.6 кв.м
26-12-010301-817,86.6 кв.м
26-12-010301-799,90.6 кв.м
26-12-010301-803,71.1 кв.м
26-12-010301-816,54.2 кв.м
26-12-010301-810,53.9 кв.м
26-12-010301-789,53.8 кв.м
26-12-010301-815,71.2 кв.м
26-12-010301-829,87.2 кв.м
26-12-010301-822,54.3 кв.м
26-12-010301-821,71.1 кв.м
26-12-010301-824,86.6 кв.м
26-12-010301-777,71 кв.м
26-12-010301-827,71.1 кв.м
26-12-010301-804,53 кв.м
26-12-010301-776,54.5 кв.м
26-12-010301-788,90.5 кв.м
26-12-010301-782,86.6 кв.м
26-12-010301-795,86.9 кв.м
26-12-010301-775,90.2 кв.м
26-12-010301-790,71.6 кв.м
26-12-010301-801,54.3 кв.м
26-12-010301-783,54.1 кв.м
26-12-010301-828,53.3 кв.м
26-12-010301-808,76.7 кв.м
26-12-010301-802,71.1 кв.м
26-12-010301-793,78.5 кв.м
26-12-010301-796,53.9 кв.м
26-12-010301-800,86.8 кв.м
26-12-010301-784,71.2 кв.м
26-12-010301-819,53.5 кв.м
26-12-010301-813,53.7 кв.м
26-12-010301-806,87.6 кв.м
26-12-010301-814,71.1 кв.м
26-12-010301-807,55.1 кв.м
26-12-010301-820,70.9 кв.м
26-12-010301-812,87 кв.м
26-12-010301-825,87.2 кв.м
26-12-010301-818,87.4 кв.м
26-12-010301-830,87.6 кв.м
26-12-010301-826,53.8 кв.м
26-12-010301-831,53.9 кв.м
26-12-010301-823,71.2 кв.м
26-12-010301-2887,79.8 кв.м
26-12-010301-3045,60.4 кв.м
26-12-010301-2890,32.2 кв.м
26-12-010301-3438,22.9 кв.м
26-12-010301-2930,59.6 кв.м
26-12-010301-3261,7277.1 кв.м
26-12-010301-2906,58.9 кв.м
26-12-010301-832,70.9 кв.м
26-12-010301-2874,32.3 кв.м
26-12-010301-2875,80.2 кв.м
26-12-010301-2907,59.5 кв.м
26-12-010301-2898,32 кв.м
26-12-010301-2910,32.3 кв.м
26-12-010301-2903,58.1 кв.м
26-12-010301-2892,31.7 кв.м
26-12-010301-2928,32.5 кв.м
26-12-010301-2931,58.3 кв.м
26-12-010301-2893,59.3 кв.м
26-12-010301-2927,78.7 кв.м
26-12-010301-2932,32.1 кв.м
26-12-010301-2894,31.9 кв.м
26-12-010301-2923,31.9 кв.м
26-12-010301-2920,59.2 кв.м
26-12-010301-2855,57.8 кв.м
26-12-010301-2881,78.3 кв.м
26-12-010301-2883,59.3 кв.м
26-12-010301-2897,78.8 кв.м
26-12-010301-2885,58.1 кв.м
26-12-010301-2879,31.6 кв.м
26-12-010301-2900,57.9 кв.м
26-12-010301-2856,31.9 кв.м
26-12-010301-2857,78.5 кв.м
26-12-010301-2852,59.3 кв.м
26-12-010301-3036,59.5 кв.м
26-12-010301-3014,31.9 кв.м
26-12-010301-2853,31.5 кв.м
26-12-010301-2699,22.4 кв.м
26-12-010301-2698,32.8 кв.м
26-12-010301-3015,78.8 кв.м
26-12-010301-2778,32.8 кв.м
26-12-010301-2859,58 кв.м
26-12-010301-3021,57.5 кв.м
26-12-010301-3020,65.3 кв.м
26-12-010301-3038,31.6 кв.м
26-12-010301-3034,31.9 кв.м
26-12-010301-2882,58.8 кв.м
26-12-010301-2876,31.4 кв.м
26-12-010301-2709,33.1 кв.м
26-12-010301-3018,59 кв.м
26-12-010301-2880,32.2 кв.м
26-12-010301-3027,31.5 кв.м
26-12-010301-2909,57.7 кв.м
26-12-010301-3025,78.6 кв.м
26-12-010301-2938,31.9 кв.м
26-12-010301-3028,31.5 кв.м
26-12-010301-2944,57.1 кв.м
26-12-010301-2884,78.7 кв.м
26-12-010301-2971,78.6 кв.м
26-12-010301-2822,33 кв.м
26-12-010301-3031,57.5 кв.м
26-12-010301-2828,22.2 кв.м
26-12-010301-3050,31.9 кв.м
26-12-010301-3032,58.8 кв.м
26-12-010301-3033,32 кв.м
26-12-010301-2793,33.3 кв.м
26-12-010301-2819,33 кв.м
26-12-010301-2933,57.5 кв.м
26-12-010301-3030,78.4 кв.м
26-12-010301-2970,59.2 кв.м
26-12-010301-3011,34.7 кв.м
26-12-010301-3026,31.9 кв.м
26-12-010301-3000,31.5 кв.м
26-12-010301-3010,38.4 кв.м
26-12-010301-2949,78.7 кв.м
26-12-010301-2959,57.6 кв.м
26-12-010301-2986,33.3 кв.м
26-12-010301-3003,15.5 кв.м
26-12-010301-2860,31.5 кв.м
26-12-010301-2861,78.5 кв.м
26-12-010301-3024,15.6 кв.м
26-12-010301-2886,31.8 кв.м
26-12-010301-2868,59.4 кв.м
26-12-010301-3049,57.5 кв.м
26-12-010301-2977,31.5 кв.м
26-12-010301-2990,38.3 кв.м
26-12-010301-2706,79.4 кв.м
26-12-010301-3019,24.6 кв.м
26-12-010301-2674,31.4 кв.м
26-12-010301-3022,24.4 кв.м
26-12-010301-2996,33.3 кв.м
26-12-010301-3052,35 кв.м
26-12-010301-2693,54.9 кв.м
26-12-010301-2864,31.9 кв.м
26-12-010301-2676,80 кв.м
26-12-010301-2689,35 кв.м
26-12-010301-2701,31.5 кв.м
26-12-010301-2895,78.2 кв.м
26-12-010301-2995,62.4 кв.м
26-12-010301-2785,86.7 кв.м
26-12-010301-2644,54.7 кв.м
26-12-010301-2792,59.6 кв.м
26-12-010301-2724,30.7 кв.м
26-12-010301-2647,30.9 кв.м
26-12-010301-2636,79.2 кв.м
26-12-010301-3051,59.8 кв.м
26-12-010301-2626,30.9 кв.м
26-12-010301-2629,54.4 кв.м
26-12-010301-3053,54.4 кв.м
26-12-010301-2696,60.1 кв.м
26-12-010301-2633,34.3 кв.м
26-12-010301-2661,30.9 кв.м
26-12-010301-2659,54.3 кв.м
26-12-010301-2648,59.8 кв.м
26-12-010301-2651,79.3 кв.м
26-12-010301-2782,54.1 кв.м
26-12-010301-2777,34.6 кв.м
26-12-010301-2774,78.7 кв.м
26-12-010301-2781,34.8 кв.м
26-12-010301-2993,29.9 кв.м
26-12-010301-2632,78.6 кв.м
26-12-010301-2641,78.8 кв.м
26-12-010301-2654,54 кв.м
26-12-010301-2646,59.2 кв.м
26-12-010301-2981,33.8 кв.м
26-12-010301-2624,30.7 кв.м
26-12-010301-2967,32.5 кв.м
26-12-010301-2985,32.9 кв.м
26-12-010301-2796,59 кв.м
26-12-010301-3394,21 кв.м
26-12-010301-2667,30.8 кв.м
26-12-010301-3004,33.3 кв.м
26-12-010301-2808,34.6 кв.м
26-12-010301-2628,78.7 кв.м
26-12-010301-3393,17.5 кв.м
26-12-010301-2743,58.8 кв.м
26-12-010301-2844,30.8 кв.м
26-12-010301-2733,34.6 кв.м
26-12-010301-2806,54 кв.м
26-12-010301-2834,58.7 кв.м
26-12-010301-2832,53.4 кв.м
26-12-010301-3372,4.7 кв.м
26-12-010301-2845,78.5 кв.м
26-12-010301-2757,78.9 кв.м
26-12-010301-3397,3.1 кв.м
26-12-010301-3406,4.6 кв.м
26-12-010301-2750,34.7 кв.м
26-12-010301-3419,4.7 кв.м
26-12-010301-2766,30.8 кв.м
26-12-010301-2756,53.7 кв.м
26-12-010301-2761,53.2 кв.м
26-12-010301-2747,4.8 кв.м
26-12-010301-2848,78.8 кв.м
26-12-010301-2799,30.7 кв.м
26-12-010301-2850,59 кв.м
26-12-010301-2849,30.9 кв.м
26-12-010301-2851,34.7 кв.м
26-12-010301-2734,78.9 кв.м
26-12-010301-2765,59 кв.м
26-12-010301-3369,36.8 кв.м
26-12-010301-2797,34.4 кв.м
26-12-010301-2801,30.7 кв.м
26-12-010301-3421,4.7 кв.м
26-12-010301-2804,4.8 кв.м
26-12-010301-2758,34.6 кв.м
26-12-010301-2843,78.6 кв.м
26-12-010301-2763,59.3 кв.м
26-12-010301-3379,24.4 кв.м
26-12-010301-2767,78.4 кв.м
26-12-010301-3353,36.9 кв.м
26-12-010301-2736,53.8 кв.м
26-12-010301-3361,18.9 кв.м
26-12-010301-2749,53.7 кв.м
26-12-010301-3367,16.9 кв.м
26-12-010301-2768,34.2 кв.м
26-12-010301-2795,34.4 кв.м
26-12-010301-2771,58.7 кв.м
26-12-010301-2745,30.7 кв.м
26-12-010301-2605,35.2 кв.м
26-12-010301-2773,59 кв.м
26-12-010301-2769,53.8 кв.м
26-12-010301-2600,31.9 кв.м
26-12-010301-3352,18.2 кв.м
26-12-010301-2599,32.1 кв.м
26-12-010301-3384,18.3 кв.м
26-12-010301-2602,78.9 кв.м
26-12-010301-2596,34.4 кв.м
26-12-010301-3354,36.1 кв.м
26-12-010301-2618,32 кв.м
26-12-010301-2772,78.4 кв.м
26-12-010301-2665,31.6 кв.м
26-12-010301-2594,78.7 кв.м
26-12-010301-3385,18.4 кв.м
26-12-010301-3349,10.4 кв.м
26-12-010301-2617,32.4 кв.м
26-12-010301-3359,18.5 кв.м
26-12-010301-3405,18.2 кв.м
26-12-010301-2601,31.8 кв.м
26-12-010301-2603,34.4 кв.м
26-12-010301-2597,78.1 кв.м
26-12-010301-2604,31.6 кв.м
26-12-010301-3345,18.4 кв.м
26-12-010301-2606,31.7 кв.м
26-12-010301-2590,34.5 кв.м
26-12-010301-2619,32.1 кв.м
26-12-010301-2598,31.3 кв.м
26-12-010301-2592,34.3 кв.м
26-12-010301-2586,77.8 кв.м
26-12-010301-2593,77.7 кв.м
26-12-010301-2587,31.1 кв.м
26-12-010301-2607,31.1 кв.м
26-12-010301-3357,17.8 кв.м
26-12-010301-2608,31.7 кв.м
26-12-010301-3356,18.2 кв.м
26-12-010301-3388,9.8 кв.м
26-12-010301-2595,31.5 кв.м
26-12-010301-2588,31.6 кв.м
26-12-010301-2610,31.4 кв.м
26-12-010301-2612,77.7 кв.м
26-12-010301-2584,77.6 кв.м
26-12-010301-2609,34.3 кв.м
26-12-010301-2591,34.3 кв.м
26-12-010301-2613,31 кв.м
26-12-010301-3392,17.6 кв.м
26-12-010301-2611,34.6 кв.м
26-12-010301-2614,31.8 кв.м
26-12-010301-2710,31.4 кв.м
26-12-010301-2585,77.5 кв.м
26-12-010301-2637,30.9 кв.м
26-12-010301-2712,78.2 кв.м
26-12-010301-2652,34.3 кв.м
26-12-010301-2639,34.4 кв.м
26-12-010301-2589,30.9 кв.м
26-12-010301-2708,31.5 кв.м
26-12-010301-2649,31.1 кв.м
26-12-010301-2643,32.4 кв.м
26-12-010301-2635,31.8 кв.м
26-12-010301-2630,31.7 кв.м
26-12-010301-2627,77.7 кв.м
26-12-010301-2784,77.6 кв.м
26-12-010301-2664,31.6 кв.м
26-12-010301-2663,34.4 кв.м
26-12-010301-2786,34.4 кв.м
26-12-010301-2640,31 кв.м
26-12-010301-2657,77.4 кв.м
26-12-010301-2653,77.8 кв.м
26-12-010301-2642,32.1 кв.м
26-12-010301-2658,31.1 кв.м
26-12-010301-2776,33.9 кв.м
26-12-010301-2645,34.5 кв.м
26-12-010301-2650,31.1 кв.м
26-12-010301-2660,32.3 кв.м
26-12-010301-2824,34.5 кв.м
26-12-010301-2770,77.3 кв.м
26-12-010301-2779,31.6 кв.м
26-12-010301-2780,30.7 кв.м
26-12-010301-2825,31.2 кв.м
26-12-010301-2805,31.5 кв.м
26-12-010301-2783,30.9 кв.м
26-12-010301-2820,34.2 кв.м
26-12-010301-2812,30.6 кв.м
26-12-010301-2655,77.6 кв.м
26-12-010301-2817,77.3 кв.м
26-12-010301-2814,31.9 кв.м
26-12-010301-2803,31.3 кв.м
26-12-010301-2789,31.6 кв.м
26-12-010301-2810,42 кв.м
26-12-010301-2794,31.6 кв.м
26-12-010301-2729,77.1 кв.м
26-12-010301-2725,31.4 кв.м
26-12-010301-2669,34 кв.м
26-12-010301-2800,77.9 кв.м
26-12-010301-2807,31.4 кв.м
26-12-010301-3043,34 кв.м
26-12-010301-2731,30.6 кв.м
26-12-010301-2634,31.5 кв.м
26-12-010301-2809,77.1 кв.м
26-12-010301-2727,31 кв.м
26-12-010301-2726,33.8 кв.м
26-12-010301-2730,77.2 кв.м
26-12-010301-2671,31.5 кв.м
26-12-010301-2679,32 кв.м
26-12-010301-2684,33.8 кв.м
26-12-010301-3046,34.1 кв.м
26-12-010301-2821,30.9 кв.м
26-12-010301-2830,30.9 кв.м
26-12-010301-2728,30.9 кв.м
26-12-010301-2670,31.9 кв.м
26-12-010301-3252,77.3 кв.м
26-12-010301-2631,31.9 кв.м
26-12-010301-2826,31.3 кв.м
26-12-010301-2638,34 кв.м
26-12-010301-2656,30.7 кв.м
26-12-010301-2836,30.5 кв.м
26-12-010301-2829,31.3 кв.м
26-12-010301-2813,31.7 кв.м
26-12-010301-2823,76.5 кв.м
26-12-010301-2683,77.3 кв.м
26-12-010301-2662,34.1 кв.м
26-12-010301-2751,30.8 кв.м
26-12-010301-2678,77.7 кв.м
26-12-010301-2787,77.1 кв.м
26-12-010301-2741,33.9 кв.м
26-12-010301-2815,30.5 кв.м
26-12-010301-2735,30.9 кв.м
26-12-010301-2673,33.7 кв.м
26-12-010301-2668,31.3 кв.м
26-12-010301-2742,77.3 кв.м
26-12-010301-2811,33.9 кв.м
26-12-010301-2858,33.8 кв.м
26-12-010301-2754,31.2 кв.м
26-12-010301-2737,31.3 кв.м
26-12-010301-2918,78 кв.м
26-12-010301-2835,31.8 кв.м
26-12-010301-2775,34 кв.м
26-12-010301-2865,31.8 кв.м
26-12-010301-2798,33.8 кв.м
26-12-010301-2854,31.5 кв.м
26-12-010301-2901,31.3 кв.м
26-12-010301-2666,52.3 кв.м
26-12-010301-2720,57.1 кв.м
26-12-010301-2862,77.9 кв.м
26-12-010301-2738,77.7 кв.м
26-12-010301-2788,77.6 кв.м
26-12-010301-2739,31.2 кв.м
26-12-010301-2790,30.4 кв.м
26-12-010301-2802,31.9 кв.м
26-12-010301-2905,34 кв.м
26-12-010301-2722,32.1 кв.м
26-12-010301-2721,53.3 кв.м
26-12-010301-2681,59.6 кв.м
26-12-010301-2921,30.7 кв.м
26-12-010301-2688,59.1 кв.м
26-12-010301-2914,30.8 кв.м
26-12-010301-2687,31.5 кв.м
26-12-010301-2615,58.6 кв.м
26-12-010301-2616,52.5 кв.м
26-12-010301-3047,58.8 кв.м
26-12-010301-2691,31.6 кв.м
26-12-010301-2682,56.6 кв.м
26-12-010301-2621,58.6 кв.м
26-12-010301-2620,57.3 кв.м
26-12-010301-2622,58.2 кв.м
26-12-010301-2690,31.3 кв.м
26-12-010301-2685,58.8 кв.м
26-12-010301-2697,56 кв.м
26-12-010301-2625,58.4 кв.м
26-12-010301-2686,58.6 кв.м
26-12-010301-2695,31.4 кв.м
26-12-010301-2672,31.1 кв.м
26-12-010301-2719,58 кв.м
26-12-010301-2694,52 кв.м
26-12-010301-2680,51.7 кв.м
26-12-010301-2623,55.8 кв.м
26-12-010301-2675,55.6 кв.м
26-12-010301-2715,51.9 кв.м
26-12-010301-2746,55.5 кв.м
26-12-010301-2711,58.5 кв.м
26-12-010301-2702,55.9 кв.м
26-12-010301-2716,55.6 кв.м
26-12-010301-2677,58.9 кв.м
26-12-010301-2713,51.8 кв.м
26-12-010301-2714,31.4 кв.м
26-12-010301-2718,51.5 кв.м
26-12-010301-2717,58.6 кв.м
26-12-010301-2692,31.1 кв.м
26-12-010301-2700,58.1 кв.м
26-12-010301-2840,51.4 кв.м
26-12-010301-2839,51.5 кв.м
26-12-010301-2723,57.5 кв.м
26-12-010301-2704,58.2 кв.м
26-12-010301-3048,31.2 кв.м
26-12-010301-2744,57.6 кв.м
26-12-010301-2764,58.7 кв.м
26-12-010301-2838,58.7 кв.м
26-12-010301-2755,59.2 кв.м
26-12-010301-2748,58 кв.м
26-12-010301-2837,31.4 кв.м
26-12-010301-2740,55.8 кв.м
26-12-010301-2937,58.4 кв.м
26-12-010301-2833,58.1 кв.м
26-12-010301-2842,55.7 кв.м
26-12-010301-2841,51.8 кв.м
26-12-010301-2831,31.3 кв.м
26-12-010301-2752,51.5 кв.м
26-12-010301-2846,55.8 кв.м
26-12-010301-2760,57.8 кв.м
26-12-010301-3016,30.9 кв.м
26-12-010301-2867,51.4 кв.м
26-12-010301-2947,57.6 кв.м
26-12-010301-2869,31 кв.м
26-12-010301-2762,31 кв.м
26-12-010301-3249,55.8 кв.м
26-12-010301-2847,58.7 кв.м
26-12-010301-3029,51.6 кв.м
26-12-010301-2878,51.4 кв.м
26-12-010301-3035,56.2 кв.м
26-12-010301-2904,55.6 кв.м
26-12-010301-3037,58.5 кв.м
26-12-010301-2915,31.1 кв.м
26-12-010301-2968,31.9 кв.м
26-12-010301-3023,57.7 кв.м
26-12-010301-3250,59.5 кв.м
26-12-010301-2912,57.7 кв.м
26-12-010301-3012,58.7 кв.м
26-12-010301-2871,58.6 кв.м
26-12-010301-2964,79.4 кв.м
26-12-010301-2703,80.2 кв.м
26-12-010301-2934,58.1 кв.м
26-12-010301-2863,59.1 кв.м
26-12-010301-2870,32.2 кв.м
26-12-010301-2973,32.2 кв.м
26-12-010301-3041,32.3 кв.м
26-12-010301-2866,31.8 кв.м
26-12-010301-3251,79.4 кв.м
26-12-010301-2889,31.6 кв.м
26-12-010301-3180,78 кв.м
26-12-010301-2966,58.4 кв.м
26-12-010301-2969,58.3 кв.м
26-12-010301-2891,32.1 кв.м
26-12-010301-2941,58.6 кв.м
26-12-010301-2888,78.7 кв.м
26-12-010301-2975,58.5 кв.м
26-12-010301-2939,31.8 кв.м
26-12-010301-2961,78.4 кв.м
26-12-010301-2982,58.2 кв.м
26-12-010301-2945,58 кв.м
26-12-010301-2958,31.6 кв.м
26-12-010301-3006,78.2 кв.м
26-12-010301-3009,31.9 кв.м
26-12-010301-2926,31.6 кв.м
26-12-010301-3005,31.6 кв.м
26-12-010301-2972,63.5 кв.м
26-12-010301-2943,31.8 кв.м
26-12-010301-2913,58.3 кв.м
26-12-010301-2997,31.6 кв.м
26-12-010301-3007,31.5 кв.м
26-12-010301-2925,58.2 кв.м
26-12-010301-3008,31.6 кв.м
26-12-010301-2999,58.1 кв.м
26-12-010301-3002,58.1 кв.м
26-12-010301-3039,78.2 кв.м
26-12-010301-2951,57.9 кв.м
26-12-010301-2978,78.3 кв.м
26-12-010301-2908,58.1 кв.м
26-12-010301-2991,78.1 кв.м
26-12-010301-2922,31.4 кв.м
26-12-010301-2980,31.7 кв.м
26-12-010301-2963,31.5 кв.м
26-12-010301-2929,58.2 кв.м
26-12-010301-2994,31.5 кв.м
26-12-010301-2974,78.2 кв.м
26-12-010301-3058,58.7 кв.м
26-12-010301-2989,58.5 кв.м
26-12-010301-3040,31.4 кв.м
26-12-010301-2936,58.3 кв.м
26-12-010301-2957,31.3 кв.м
26-12-010301-3248,31.1 кв.м
26-12-010301-2984,57.7 кв.м
26-12-010301-2979,57.7 кв.м
26-12-010301-2983,57.9 кв.м
26-12-010301-2948,31.4 кв.м
26-12-010301-2899,55.7 кв.м
26-12-010301-2998,78.2 кв.м
26-12-010301-2950,58.3 кв.м
26-12-010301-2954,31.2 кв.м
26-12-010301-3001,31.3 кв.м
26-12-010301-2896,57.6 кв.м
26-12-010301-2940,58.5 кв.м
26-12-010301-2952,31.1 кв.м
26-12-010301-2935,78 кв.м
26-12-010301-2942,31.5 кв.м
26-12-010301-2924,57.5 кв.м
26-12-010301-2976,77.8 кв.м
26-12-010301-2955,57.3 кв.м
26-12-010301-2946,78 кв.м
26-12-010301-2953,31 кв.м
26-12-010301-3412,34.5 кв.м
26-12-010301-2902,31.5 кв.м
26-12-010301-3312,36.3 кв.м
26-12-010301-3283,36.1 кв.м
26-12-010301-2956,78.2 кв.м
26-12-010301-3328,34.9 кв.м
26-12-010301-3284,35 кв.м
26-12-010301-3326,77.2 кв.м
26-12-010301-3302,34 кв.м
26-12-010301-3399,76.5 кв.м
26-12-010301-3427,39.9 кв.м
26-12-010301-3402,35.6 кв.м
26-12-010301-3325,35.6 кв.м
26-12-010301-3403,35.7 кв.м
26-12-010301-3290,34.7 кв.м
26-12-010301-3331,69.5 кв.м
26-12-010301-3263,35.2 кв.м
26-12-010301-3292,34.7 кв.м
26-12-010301-3314,35.9 кв.м
26-12-010301-3306,34.8 кв.м
26-12-010301-3332,34.5 кв.м
26-12-010301-3299,73.2 кв.м
26-12-010301-3380,76.7 кв.м
26-12-010301-3330,34.6 кв.м
26-12-010301-3293,34.2 кв.м
26-12-010301-3289,35.2 кв.м
26-12-010301-3288,73 кв.м
26-12-010301-3377,36 кв.м
26-12-010301-3279,34.7 кв.м
26-12-010301-3335,35.7 кв.м
26-12-010301-3333,33.9 кв.м
26-12-010301-3414,34.2 кв.м
26-12-010301-3300,34.4 кв.м
26-12-010301-3304,34.2 кв.м
26-12-010301-3415,35.4 кв.м
26-12-010301-3310,35.5 кв.м
26-12-010301-3303,34.5 кв.м
26-12-010301-3334,35.7 кв.м
26-12-010301-3309,34.4 кв.м
26-12-010301-3294,35.4 кв.м
26-12-010301-3262,76.9 кв.м
26-12-010301-3363,76.4 кв.м
26-12-010301-3336,34 кв.м
26-12-010301-3319,35.5 кв.м
26-12-010301-3308,72.4 кв.м
26-12-010301-3301,77 кв.м
26-12-010301-3321,34.5 кв.м
26-12-010301-3318,34.3 кв.м
26-12-010301-3317,72.3 кв.м
26-12-010301-3311,34.2 кв.м
26-12-010301-3324,35.8 кв.м
26-12-010301-3282,33.7 кв.м
26-12-010301-3287,35.4 кв.м
26-12-010301-3322,34.1 кв.м
26-12-010301-3271,34.2 кв.м
26-12-010301-3272,72.6 кв.м
26-12-010301-3286,35.4 кв.м
26-12-010301-3320,34.2 кв.м
26-12-010301-3342,34.5 кв.м
26-12-010301-3404,35.7 кв.м
26-12-010301-3274,34.4 кв.м
26-12-010301-3339,35.7 кв.м
26-12-010301-3298,79.2 кв.м
26-12-010301-3269,35.7 кв.м
26-12-010301-3338,34.4 кв.м
26-12-010301-3416,35.1 кв.м
26-12-010301-3265,34 кв.м
26-12-010301-3267,79.6 кв.м
26-12-010301-3329,73.1 кв.м
26-12-010301-3337,35.4 кв.м
26-12-010301-3323,35.3 кв.м
26-12-010301-3277,34 кв.м
26-12-010301-3285,72.2 кв.м
26-12-010301-3313,34.1 кв.м
26-12-010301-3278,35.8 кв.м
26-12-010301-3297,34.3 кв.м
26-12-010301-3280,33.8 кв.м
26-12-010301-3295,34.7 кв.м
26-12-010301-3291,34 кв.м
26-12-010301-3401,35.9 кв.м
26-12-010301-3366,72 кв.м
26-12-010301-3364,33.3 кв.м
26-12-010301-3305,34.8 кв.м
26-12-010301-3316,35 кв.м
26-12-010301-3407,79.3 кв.м
26-12-010301-3408,35.4 кв.м
26-12-010301-3424,34 кв.м
26-12-010301-3410,35.2 кв.м
26-12-010301-3360,33.7 кв.м
26-12-010301-3368,33.9 кв.м
26-12-010301-3270,79.8 кв.м
26-12-010301-3382,34.7 кв.м
26-12-010301-3383,34.1 кв.м
26-12-010301-3422,35.2 кв.м
26-12-010301-3351,35.4 кв.м
26-12-010301-3381,35 кв.м
26-12-010301-3371,78.8 кв.м
26-12-010301-3365,35.5 кв.м
26-12-010301-3411,34 кв.м
26-12-010301-3409,33.9 кв.м
26-12-010301-3413,71.9 кв.м
26-12-010301-3275,79.4 кв.м
26-12-010301-3281,33.6 кв.м
26-12-010301-3343,34 кв.м
26-12-010301-3266,34 кв.м
26-12-010301-3340,35.2 кв.м
26-12-010301-3344,34.3 кв.м
26-12-010301-3370,72 кв.м
26-12-010301-3268,35.2 кв.м
26-12-010301-3264,33.6 кв.м
26-12-010301-3315,79.9 кв.м
26-12-010301-3273,34.9 кв.м
26-12-010301-3307,71.8 кв.м
26-12-010301-3296,34 кв.м
26-12-010301-3423,71.7 кв.м
26-12-010301-3417,33.5 кв.м
26-12-010301-3341,34.2 кв.м
26-12-010301-3389,33.9 кв.м
26-12-010301-3327,34.8 кв.м
26-12-010301-3420,35.1 кв.м
26-12-010301-2816,117.8 кв.м
26-12-010301-3276,35.2 кв.м
26-12-010301-3355,34 кв.м
26-12-010301-3390,78.4 кв.м
26-12-010301-2791,118.5 кв.м
26-12-010301-3374,34.4 кв.м
26-12-010301-3391,33.7 кв.м
26-12-010301-3358,35 кв.м
26-12-010301-2818,78.8 кв.м
26-12-010301-3400,34.5 кв.м
26-12-010301-3395,35.7 кв.м
26-12-010301-2732,79.9 кв.м
26-12-010301-2705,8.6 кв.м
26-12-010301-2987,36.3 кв.м
26-12-010301-3044,79.4 кв.м
26-12-010301-2962,12.3 кв.м
26-12-010301-2877,4.8 кв.м
26-12-010301-2707,77.8 кв.м
26-12-010301-2753,9.1 кв.м
26-12-010301-4022,35.5 кв.м
26-12-010301-2873,8 кв.м
26-12-010301-3042,4.8 кв.м
26-12-010301-2827,9.1 кв.м
26-12-010301-2911,9.1 кв.м
26-12-010301-3013,4.8 кв.м
26-12-010301-2872,8.6 кв.м
26-12-010301-2916,9.1 кв.м
26-12-010301-2960,28.4 кв.м
26-12-020501-535,1357.1 кв.м
26-12-010301-2759,8.4 кв.м
26-12-020501-1775,47.1 кв.м
26-12-010301-3612,93.1 кв.м
26-12-020501-1785,31.6 кв.м
26-12-010301-2965,9.1 кв.м
26-12-010301-3637,61.7 кв.м
26-12-010301-3386,4.6 кв.м
26-12-010301-3610,45.5 кв.м
26-12-010301-3619,31.6 кв.м
26-12-010301-3615,35.1 кв.м
26-12-010301-3605,25.1 кв.м
26-12-020501-1774,30.6 кв.м
26-12-020501-1780,34 кв.м
26-12-010301-3634,36.8 кв.м
26-12-010301-3606,36.3 кв.м
26-12-000000-6908,29.9 кв.м
26-12-010301-3617,22.7 кв.м
26-12-010301-3633,34.4 кв.м
26-12-010301-3618,34 кв.м
26-12-010301-3643,56 кв.м
26-12-010301-3611,33.6 кв.м
26-12-010301-3632,22.9 кв.м
26-12-010301-3638,46.3 кв.м
26-12-010301-252,13861.2 кв.м
26-12-010301-3624,24.2 кв.м
26-12-010301-3635,42.5 кв.м
26-12-010301-1443,36.1 кв.м
26-12-020501-1764,25.9 кв.м
26-12-010301-3641,63.2 кв.м
26-12-020501-1786,34.4 кв.м
26-12-010301-3623,32.3 кв.м
26-12-010301-1531,70.7 кв.м
26-12-010301-1440,68.1 кв.м
26-12-010301-3608,140.6 кв.м
26-12-010301-1442,70.3 кв.м
26-12-010301-1439,35.7 кв.м
26-12-010301-1484,35.7 кв.м
26-12-010301-1483,70.5 кв.м
26-12-010301-1510,33.2 кв.м
26-12-010301-1532,35.6 кв.м
26-12-010301-1508,67.9 кв.м
26-12-010301-1509,69.9 кв.м
26-12-010301-1528,35.5 кв.м
26-12-010301-1529,68.3 кв.м
26-12-010301-1485,70.1 кв.м
26-12-010301-1507,36.1 кв.м
26-12-010301-1577,70.8 кв.м
26-12-010301-1553,35.5 кв.м
26-12-010301-1555,35.5 кв.м
26-12-010301-1551,67.4 кв.м
26-12-010301-1621,68 кв.м
26-12-010301-1598,36.7 кв.м
26-12-010301-1579,36.1 кв.м
26-12-010301-1486,33.1 кв.м
26-12-010301-1647,71.1 кв.м
26-12-010301-1554,71.1 кв.м
26-12-010301-1620,34.9 кв.м
26-12-010301-1578,35.5 кв.м
26-12-010301-1575,67.6 кв.м
26-12-010301-1623,34.7 кв.м
26-12-010301-1436,70.2 кв.м
26-12-010301-1622,71.1 кв.м
26-12-010301-1643,35.1 кв.м
26-12-010301-1644,67.6 кв.м
26-12-010301-1599,67.4 кв.м
26-12-010301-1669,76.5 кв.м
26-12-010301-1646,35.2 кв.м
26-12-010301-1668,35.7 кв.м
26-12-010301-1462,68.7 кв.м
26-12-010301-1665,36 кв.м
26-12-010301-1463,54.4 кв.м
26-12-010301-1601,35.5 кв.м
26-12-010301-1505,68.2 кв.м
26-12-010301-1461,68.8 кв.м
26-12-010301-1481,67.7 кв.м
26-12-010301-1479,54.2 кв.м
26-12-010301-1503,69.2 кв.м
26-12-010301-1460,54 кв.м
26-12-010301-1526,54.4 кв.м
26-12-010301-1480,68.8 кв.м
26-12-010301-1666,67.9 кв.м
26-12-010301-1482,54.8 кв.м
26-12-010301-1530,68 кв.м
26-12-010301-1504,57.1 кв.м
26-12-010301-1506,57.3 кв.м
26-12-010301-1552,67.5 кв.м
26-12-010301-1548,54.7 кв.м
26-12-010301-1527,54.8 кв.м
26-12-010301-1523,69.3 кв.м
26-12-010301-1550,68.4 кв.м
26-12-010301-1619,54.6 кв.м
26-12-010301-1549,53.8 кв.м
26-12-010301-1574,69 кв.м
26-12-010301-1572,54.3 кв.м
26-12-010301-1573,54.3 кв.м
26-12-010301-1596,51.9 кв.м
26-12-010301-1600,67.5 кв.м
26-12-010301-1576,68 кв.м
26-12-010301-1615,68.7 кв.м
26-12-010301-1645,67.4 кв.м
26-12-010301-1638,68.5 кв.м
26-12-010301-1663,54.4 кв.м
26-12-010301-1670,70 кв.м
26-12-010301-1641,53.1 кв.м
26-12-010301-1593,68.4 кв.м
26-12-010301-1597,53.4 кв.м
26-12-010301-1618,54 кв.м
26-12-010301-1667,67.6 кв.м
26-12-010301-1664,54.1 кв.м
26-12-010301-1642,54 кв.м
26-12-010301-1478,53.9 кв.м
26-12-010301-1660,67.9 кв.м
26-12-010301-1475,54.1 кв.м
26-12-010301-1456,35.4 кв.м
26-12-010301-1544,67.1 кв.м
26-12-010301-1457,67.2 кв.м
26-12-010301-1499,53.7 кв.м
26-12-010301-1459,53.9 кв.м
26-12-010301-1458,67.7 кв.м
26-12-010301-1477,72.8 кв.м
26-12-010301-1546,68.1 кв.м
26-12-010301-1522,67.4 кв.м
26-12-010301-1501,67.4 кв.м
26-12-010301-1476,66.9 кв.м
26-12-010301-1524,76.9 кв.м
26-12-010301-1502,53.7 кв.м
26-12-010301-1500,66.7 кв.м
26-12-010301-1570,67.6 кв.м
26-12-010301-1543,53.6 кв.м
26-12-010301-1521,53.3 кв.м
26-12-010301-1525,53.8 кв.м
26-12-010301-1571,53.5 кв.м
26-12-010301-1591,53 кв.м
26-12-010301-1568,67.5 кв.м
26-12-010301-1547,53.4 кв.м
26-12-010301-1639,67.4 кв.м
26-12-010301-1567,53.4 кв.м
26-12-010301-1637,67.7 кв.м
26-12-010301-1489,66.5 кв.м
26-12-010301-1614,53 кв.м
26-12-010301-1640,53.2 кв.м
26-12-010301-1659,68.2 кв.м
26-12-010301-1662,53.9 кв.м
26-12-010301-1661,67.9 кв.м
26-12-010301-1594,67.5 кв.м
26-12-010301-1617,53.3 кв.м
26-12-010301-1595,53.1 кв.м
26-12-010301-1454,67.6 кв.м
26-12-010301-1636,53.1 кв.м
26-12-010301-1658,54.1 кв.м
26-12-010301-1473,67.9 кв.м
26-12-010301-1616,67.7 кв.м
26-12-010301-1592,67.1 кв.м
26-12-010301-1453,68 кв.м
26-12-010301-1438,54.1 кв.м
26-12-010301-1452,53.1 кв.м
26-12-010301-1520,53.4 кв.м
26-12-010301-1474,54.5 кв.м
26-12-010301-1519,53.9 кв.м
26-12-010301-1518,68.2 кв.м
26-12-010301-986,57.5 кв.м
26-12-010301-1560,67.9 кв.м
26-12-010301-1497,67.8 кв.м
26-12-010301-1498,53.2 кв.м
26-12-010301-1472,67.8 кв.м
26-12-010301-985,53.3 кв.м
26-12-010301-1563,53.6 кв.м
26-12-010301-1545,67.8 кв.м
26-12-010301-1587,67.1 кв.м
26-12-010301-1542,53.7 кв.м
26-12-010301-1562,68.3 кв.м
26-12-010301-1495,67.9 кв.м
26-12-010301-1559,53.6 кв.м
26-12-010301-1584,52.7 кв.м
26-12-010301-1585,68.3 кв.м
26-12-010301-1538,68 кв.м
26-12-010301-1583,53.3 кв.м
26-12-010301-1541,54.2 кв.м
26-12-010301-1633,67.1 кв.м
26-12-010301-1610,66.5 кв.м
26-12-010301-1606,53.9 кв.м
26-12-010301-1516,68.6 кв.м
26-12-010301-1655,67.2 кв.м
26-12-010301-1450,68.4 кв.м
26-12-010301-1608,65.8 кв.м
26-12-010301-1634,54 кв.м
26-12-010301-1607,53.6 кв.м
26-12-010301-1635,53.9 кв.м
26-12-010301-1657,54.2 кв.м
26-12-010301-1653,68 кв.м
26-12-010301-1451,53.8 кв.м
26-12-010301-1496,69.1 кв.м
26-12-010301-1448,53.5 кв.м
26-12-010301-1492,53.7 кв.м
26-12-010301-1671,66.5 кв.м
26-12-010301-1631,68.7 кв.м
26-12-010301-1471,53.8 кв.м
26-12-010301-1656,53.7 кв.м
26-12-010301-1449,66.7 кв.м
26-12-010301-1470,68.1 кв.м
26-12-010301-1469,67 кв.м
26-12-010301-1468,53.9 кв.м
26-12-010301-1493,53.3 кв.м
26-12-010301-1515,53.3 кв.м
26-12-010301-1539,68.3 кв.м
26-12-010301-1536,67.3 кв.м
26-12-010301-3652,67.5 кв.м
26-12-010301-3653,55.3 кв.м
26-12-010301-1535,53.9 кв.м
26-12-010301-1540,53.9 кв.м
26-12-010301-1517,68.2 кв.м
26-12-010301-1565,53.3 кв.м
26-12-000000-4957,68.1 кв.м
26-12-010301-1564,53.2 кв.м
26-12-010301-1612,53.6 кв.м
26-12-010301-1588,68.5 кв.м
26-12-010301-1566,66.9 кв.м
26-12-010301-1590,53.1 кв.м
26-12-010301-1654,68.3 кв.м
26-12-010301-1630,67.1 кв.м
26-12-010301-1589,52.9 кв.м
26-12-010301-1611,68.1 кв.м
26-12-010301-1586,66.8 кв.м
26-12-010301-1632,68.1 кв.м
26-12-010301-1651,53.4 кв.м
26-12-010301-1609,66.6 кв.м
26-12-010301-1650,53.6 кв.м
26-12-010301-1613,53.2 кв.м
26-12-010301-1652,68.4 кв.м
26-12-010301-1446,66.8 кв.м
26-12-010301-1447,35.3 кв.м
26-12-010301-1445,69.5 кв.м
26-12-010301-1444,34.7 кв.м
26-12-010301-1490,70.4 кв.м
26-12-010301-1628,53.6 кв.м
26-12-010301-1464,34.8 кв.м
26-12-010301-1629,53.6 кв.м
26-12-010301-1466,66.5 кв.м
26-12-010301-1488,70.5 кв.м
26-12-010301-1491,35.8 кв.м
26-12-010301-1512,73.8 кв.м
26-12-010301-1513,66.4 кв.м
26-12-010301-1487,35 кв.м
26-12-010301-1511,35.3 кв.м
26-12-010301-1465,70.1 кв.м
26-12-010301-1467,35.4 кв.м
26-12-010301-1514,35.9 кв.м
26-12-010301-1556,70 кв.м
26-12-010301-1558,69.9 кв.м
26-12-010301-1581,35.4 кв.м
26-12-010301-1626,66.5 кв.м
26-12-010301-1580,67.1 кв.м
26-12-010301-1624,70.4 кв.м
26-12-010301-3651,37.1 кв.м
26-12-010301-1557,35.4 кв.м
26-12-010301-1437,35.2 кв.м
26-12-010301-1605,35.1 кв.м
26-12-010301-1561,66.2 кв.м
26-12-010301-1533,35.3 кв.м
26-12-010301-1582,35.2 кв.м
26-12-010301-1534,35 кв.м
26-12-010301-1625,35.2 кв.м
26-12-010301-1627,35 кв.м
26-12-010301-1537,66.8 кв.м
26-12-010301-1604,35 кв.м
26-12-010301-3669,70.4 кв.м
26-12-010301-618,36.3 кв.м
26-12-010301-1649,35.1 кв.м
26-12-010301-1603,66.7 кв.м
26-12-010301-645,70.8 кв.м
26-12-010301-1602,63.7 кв.м
26-12-010301-647,36.2 кв.м
26-12-010301-634,67.9 кв.м
26-12-010301-616,70.9 кв.м
26-12-010301-631,36.3 кв.м
26-12-010301-674,36 кв.м
26-12-010301-1648,67.7 кв.м
26-12-010301-629,70.7 кв.м
26-12-010301-614,67.9 кв.м
26-12-010301-648,68.1 кв.м
26-12-010301-673,76.9 кв.м
26-12-010301-617,36.4 кв.м
26-12-010301-679,36.5 кв.м
26-12-010301-193,9262.8 кв.м
26-12-010301-696,68.3 кв.м
26-12-010301-694,37.6 кв.м
26-12-010301-710,36.9 кв.м
26-12-010301-677,71.4 кв.м
26-12-010301-693,72.2 кв.м
26-12-010301-678,37.1 кв.м
26-12-010301-675,36.5 кв.м
26-12-010301-630,36.3 кв.м
26-12-010301-695,36.6 кв.м
26-12-010301-738,36.6 кв.м
26-12-010301-646,36.2 кв.м
26-12-010301-711,36.6 кв.м
26-12-010301-671,68.7 кв.м
26-12-010301-709,71.6 кв.м
26-12-010301-734,68.8 кв.м
26-12-010301-760,69.4 кв.м
26-12-010301-742,36.6 кв.м
26-12-010301-736,71.7 кв.м
26-12-010301-1441,26.3 кв.м
26-12-010301-741,72 кв.м
26-12-010301-737,36.3 кв.м
26-12-010301-712,68.3 кв.м
26-12-010301-757,71.3 кв.м
26-12-010301-615,68.9 кв.м
26-12-010301-983,53.2 кв.м
26-12-010301-758,36.2 кв.м
26-12-010301-680,68.2 кв.м
26-12-010301-744,68.7 кв.м
26-12-010301-759,40.5 кв.м
26-12-010301-3614,73.6 кв.м
26-12-010301-743,36.6 кв.м
26-12-010301-636,69.4 кв.м
26-12-010301-649,69.2 кв.м
26-12-010301-625,55.4 кв.м
26-12-010301-633,55.9 кв.м
26-12-010301-613,42 кв.м
26-12-010301-632,68.8 кв.м
26-12-010301-624,69 кв.м
26-12-010301-651,56 кв.м
26-12-010301-699,54.6 кв.м
26-12-010301-670,69.2 кв.м
26-12-010301-650,55.9 кв.м
26-12-010301-735,54.6 кв.м
26-12-010301-682,54.4 кв.м
26-12-010301-669,54.2 кв.м
26-12-010301-681,68.5 кв.м
26-12-010301-746,54.8 кв.м
26-12-010301-698,54.1 кв.м
26-12-010301-683,54.4 кв.м
26-12-010301-700,69.1 кв.м
26-12-010301-672,54.5 кв.м
26-12-010301-652,77.7 кв.м
26-12-010301-676,68.8 кв.м
26-12-010301-684,69.3 кв.м
26-12-010301-713,68.4 кв.м
26-12-010301-697,68.7 кв.м
26-12-010301-715,54.9 кв.м
26-12-010301-732,69.2 кв.м
26-12-010301-714,54.4 кв.м
26-12-010301-733,68 кв.м
26-12-010301-627,55.3 кв.м
26-12-010301-763,54.4 кв.м
26-12-010301-761,68.9 кв.м
26-12-010301-747,54.5 кв.м
26-12-010301-745,68.2 кв.м
26-12-010301-626,70.8 кв.м
26-12-010301-716,69 кв.м
26-12-010301-731,54.5 кв.м
26-12-010301-762,55.1 кв.м
26-12-010301-764,72.9 кв.м
26-12-010301-654,56.4 кв.м
26-12-010301-619,69.3 кв.м
26-12-010301-637,69.9 кв.м
26-12-010301-748,69.4 кв.м
26-12-010301-628,56.1 кв.м
26-12-010301-638,56.3 кв.м
26-12-010301-666,70.4 кв.м
26-12-010301-653,70.4 кв.м
26-12-010301-656,69.3 кв.м
26-12-010301-655,55.9 кв.м
26-12-010301-701,70.7 кв.м
26-12-010301-685,69.7 кв.м
26-12-010301-686,55.3 кв.м
26-12-010301-663,68.7 кв.м
26-12-010301-640,69.4 кв.м
26-12-010301-639,55.6 кв.м
26-12-010301-668,54.8 кв.м
26-12-010301-689,69.2 кв.м
26-12-010301-667,65 кв.м
26-12-010301-720,69.3 кв.м
26-12-010301-704,69.5 кв.м
26-12-010301-718,55 кв.м
26-12-010301-717,70.5 кв.м
26-12-010301-687,55.1 кв.м
26-12-010301-719,55.2 кв.м
26-12-010301-702,54.7 кв.м
26-12-010301-730,55.1 кв.м
26-12-010301-703,55.1 кв.м
26-12-010301-750,55.4 кв.м
26-12-010301-728,70.6 кв.м
26-12-010301-752,70.1 кв.м
26-12-010301-622,36.2 кв.м
26-12-010301-749,70.8 кв.м
26-12-010301-729,54.8 кв.м
26-12-010301-751,54.7 кв.м
26-12-010301-765,70.7 кв.м
26-12-010301-766,55.3 кв.м
26-12-010301-726,69.2 кв.м
26-12-010301-644,72.5 кв.м
26-12-010301-767,55.3 кв.м
26-12-010301-621,37 кв.м
26-12-010301-768,69.3 кв.м
26-12-010301-643,36.6 кв.м
26-12-010301-620,69.7 кв.м
26-12-010301-659,37.1 кв.м
26-12-010301-658,36.9 кв.м
26-12-010301-623,72.3 кв.м
26-12-010301-641,69.6 кв.м
26-12-010301-664,69.1 кв.м
26-12-010301-642,36.8 кв.м
26-12-010301-661,36.5 кв.м
26-12-010301-660,72.4 кв.м
26-12-010301-665,36.5 кв.м
26-12-010301-692,72.6 кв.м
26-12-010301-657,66 кв.м
26-12-010301-706,37.1 кв.м
26-12-010301-690,35.9 кв.м
26-12-010301-721,68.7 кв.м
26-12-010301-662,72.4 кв.м
26-12-010301-688,69.8 кв.м
26-12-010301-705,67.6 кв.м
26-12-010301-708,72.8 кв.м
26-12-010301-691,36 кв.м
26-12-010301-707,36.8 кв.м
26-12-010301-722,37.4 кв.м
26-12-010301-724,72.1 кв.м
26-12-010301-725,72.1 кв.м
26-12-010301-723,36.2 кв.м
26-12-010301-754,39.3 кв.м
26-12-010301-739,36.3 кв.м
26-12-010301-755,36.7 кв.м
26-12-010301-727,68.8 кв.м
26-12-010301-772,69.2 кв.м
26-12-010301-770,36.6 кв.м
26-12-010301-212,5819.6 кв.м
26-12-010301-740,42.8 кв.м
26-12-010301-1055,246 кв.м
26-12-010301-771,36.6 кв.м
26-12-010301-753,68.6 кв.м
26-12-010301-1048,58.2 кв.м
26-12-010301-769,69.3 кв.м
26-12-010301-756,72.9 кв.м
26-12-010301-1057,126.6 кв.м
26-12-010301-1050,83.3 кв.м
26-12-010301-1054,151.2 кв.м
26-12-010301-1051,98.7 кв.м
26-12-000000-3631,308.9 кв.м
26-12-010301-1053,108.9 кв.м
26-12-010301-1047,98.1 кв.м
26-12-000000-3660,51 кв.м
26-12-010301-3701,54.1 кв.м
26-12-010301-1049,77.3 кв.м
26-12-010301-1046,46.3 кв.м
26-12-010301-1045,84.3 кв.м
26-12-010301-1044,79.3 кв.м
26-12-010301-1041,101.4 кв.м
26-12-010301-1040,64.2 кв.м
26-12-010301-1052,133.3 кв.м
26-12-010301-1027,100.8 кв.м
26-12-010301-1042,76.4 кв.м
26-12-010301-1043,55.8 кв.м
26-12-010301-1032,100.6 кв.м
26-12-010301-1034,48.7 кв.м
26-12-010301-1031,78.1 кв.м
26-12-010301-1039,78.8 кв.м
26-12-010301-1036,54.5 кв.м
26-12-010301-1035,104.4 кв.м
26-12-010301-3247,51.3 кв.м
26-12-010301-1029,63.8 кв.м
26-12-010301-1026,44.3 кв.м
26-12-010301-1038,63.8 кв.м
26-12-010301-1033,87.4 кв.м
26-12-010301-1024,78.3 кв.м
26-12-010301-1030,63 кв.м
26-12-010301-1037,73 кв.м
26-12-010301-1025,88.2 кв.м
26-12-010301-3671,51.2 кв.м
26-12-010301-3702,78.1 кв.м
26-12-010301-1028,54.8 кв.м
26-12-010301-1023,88 кв.м
26-12-010301-1016,81 кв.м
26-12-010301-1013,48.4 кв.м
26-12-010301-1018,77.6 кв.м
26-12-010301-1017,63.5 кв.м
26-12-010301-1002,99.5 кв.м
26-12-010301-1022,78.1 кв.м
26-12-010301-1015,50.2 кв.м
26-12-010301-1010,100 кв.м
26-12-010301-1009,44.5 кв.м
26-12-010301-1008,64.1 кв.м
26-12-010301-1007,86.5 кв.м
26-12-010301-1001,48.3 кв.м
26-12-010301-1003,53.6 кв.м
26-12-010301-1005,60.6 кв.м
26-12-010301-1012,55.2 кв.м
26-12-010301-1011,75.9 кв.м
26-12-010301-1006,77.6 кв.м
26-12-010301-315,71.7 кв.м
26-12-010301-1004,87.6 кв.м
26-12-010301-1014,97.4 кв.м
26-12-010301-994,65.2 кв.м
26-12-010301-1021,97.2 кв.м
26-12-010301-1019,59.4 кв.м
26-12-010301-997,64.2 кв.м
26-12-010301-998,46.8 кв.м
26-12-010301-319,69.1 кв.м
26-12-010301-996,47.6 кв.м
26-12-010301-995,46.5 кв.м
26-12-010301-316,50.1 кв.м
26-12-010301-1020,49.1 кв.м
26-12-010301-313,56.7 кв.м
26-12-010301-999,98.1 кв.м
26-12-010301-314,68 кв.м
26-12-010301-318,69.8 кв.м
26-12-010301-320,55.8 кв.м
26-12-010301-323,72.8 кв.м
26-12-010301-317,56.4 кв.м
26-12-010301-326,69.1 кв.м
26-12-010301-324,53.7 кв.м
26-12-010301-329,56.2 кв.м
26-12-010301-327,72.9 кв.м
26-12-010301-332,55.1 кв.м
26-12-010301-321,56.1 кв.м
26-12-010301-330,69.4 кв.м
26-12-010301-335,68.8 кв.м
26-12-010301-328,54.4 кв.м
26-12-010301-331,71 кв.м
26-12-010301-322,67.7 кв.м
26-12-010301-325,58.7 кв.м
26-12-010301-336,56.7 кв.м
26-12-010301-339,71.4 кв.м
26-12-010301-338,69.6 кв.м
26-12-010301-344,53.8 кв.м
26-12-010301-340,54.4 кв.м
26-12-010301-342,69.9 кв.м
26-12-010301-4028,"75,2 кв.м"
26-12-010301-343,71.3 кв.м
26-12-010301-341,55.6 кв.м
26-12-010301-333,55.9 кв.м
26-12-010301-346,67.8 кв.м
26-12-010301-334,68.9 кв.м
26-12-000000-3666,14.9 кв.м
26-12-010301-348,53.3 кв.м
26-12-010301-351,70.9 кв.м
26-12-010301-349,56.2 кв.м
26-12-010301-347,71.6 кв.м
26-12-010301-337,50.5 кв.м
26-12-010301-2360,53.4 кв.м
26-12-010301-352,53.4 кв.м
26-12-010301-345,56.2 кв.м
26-12-010301-993,48.6 кв.м
26-12-000000-3659,110.9 кв.м
26-12-010301-2379,156.3 кв.м
26-12-010301-350,68.4 кв.м
26-12-010301-2395,72.3 кв.м
26-12-000000-3678,80.5 кв.м
26-12-010301-2287,53.7 кв.м
26-12-000000-3677,63.9 кв.м
26-12-010301-276,9991.8 кв.м
26-12-000000-3669,147.1 кв.м
26-12-010301-2385,47.4 кв.м
26-12-010301-2407,72.7 кв.м
26-12-010301-2397,47.2 кв.м
26-12-010301-3453,733.6 кв.м
26-12-010301-277,6480.7 кв.м
26-12-000000-3667,55.3 кв.м
26-12-010301-2378,64.4 кв.м
26-12-010301-2396,47.5 кв.м
26-12-010301-2386,72.9 кв.м
26-12-010301-2384,47.1 кв.м
26-12-010301-2410,71.2 кв.м
26-12-010301-2383,71.9 кв.м
26-12-010301-2419,72.7 кв.м
26-12-010301-2420,47.9 кв.м
26-12-010301-2408,48 кв.м
26-12-010301-2443,71.7 кв.м
26-12-010301-2444,48.4 кв.м
26-12-010301-2398,71.1 кв.м
26-12-010301-2409,46.7 кв.м
26-12-010301-2433,47.6 кв.м
26-12-010301-2421,47 кв.м
26-12-010301-2455,72.6 кв.м
26-12-010301-2422,72.2 кв.м
26-12-010301-2431,72.6 кв.м
26-12-010301-2432,48.1 кв.м
26-12-010301-2434,72.4 кв.м
26-12-010301-2457,46.7 кв.м
26-12-010301-2468,47.4 кв.м
26-12-010301-2467,72.5 кв.м
26-12-010301-2446,72.9 кв.м
26-12-010301-2470,72.4 кв.м
26-12-010301-2469,47.9 кв.м
26-12-010301-2456,47.9 кв.м
26-12-010301-2481,47.6 кв.м
26-12-010301-2480,47.9 кв.м
26-12-010301-2445,46.8 кв.м
26-12-010301-2458,73.1 кв.м
26-12-010301-2482,72.8 кв.м
26-12-010301-2388,45.1 кв.м
26-12-010301-2412,46.2 кв.м
26-12-010301-2389,46.6 кв.м
26-12-010301-2479,72.2 кв.м
26-12-010301-2387,72.6 кв.м
26-12-010301-2411,72.7 кв.м
26-12-010301-2390,70.2 кв.м
26-12-010301-2414,70.9 кв.м
26-12-010301-2413,47.9 кв.м
26-12-010301-2426,70.6 кв.м
26-12-010301-2424,46.3 кв.м
26-12-010301-2423,71.2 кв.м
26-12-010301-2435,72.1 кв.м
26-12-010301-2436,45.9 кв.м
26-12-010301-2425,46.9 кв.м
26-12-010301-2438,70.1 кв.м
26-12-010301-2461,47.2 кв.м
26-12-010301-2449,47.6 кв.м
26-12-010301-2448,46.1 кв.м
26-12-010301-2471,72.5 кв.м
26-12-010301-2437,47.5 кв.м
26-12-010301-2484,46.2 кв.м
26-12-010301-2459,71.7 кв.м
26-12-010301-2447,71.7 кв.м
26-12-010301-2483,72.7 кв.м
26-12-010301-2450,71.5 кв.м
26-12-010301-2462,71.4 кв.м
26-12-010301-2474,72 кв.м
26-12-010301-2473,47 кв.м
26-12-010301-2485,47.4 кв.м
26-12-010301-2472,46 кв.м
26-12-010301-2460,45.9 кв.м
26-12-010301-2486,72 кв.м
26-12-010301-2399,71.3 кв.м
26-12-010301-2402,70.8 кв.м
26-12-010301-2401,47.2 кв.м
26-12-010301-2439,85.1 кв.м
26-12-010301-2405,45.4 кв.м
26-12-010301-2391,86.1 кв.м
26-12-010301-2393,43.9 кв.м
26-12-010301-2441,45.2 кв.м
26-12-010301-2403,86.1 кв.м
26-12-010301-2429,45.2 кв.м
26-12-010301-2400,44.9 кв.м
26-12-010301-2394,70.5 кв.м
26-12-010301-2418,69.6 кв.м
26-12-010301-2440,43.7 кв.м
26-12-010301-2451,85.6 кв.м
26-12-010301-2417,45.3 кв.м
26-12-010301-2428,43.6 кв.м
26-12-010301-2392,44.1 кв.м
26-12-010301-2453,45.1 кв.м
26-12-010301-2415,85.8 кв.м
26-12-010301-2404,44.2 кв.м
26-12-010301-2416,43.9 кв.м
26-12-010301-2427,88.4 кв.м
26-12-010301-2406,69.8 кв.м
26-12-010301-2452,44.1 кв.м
26-12-010301-2442,69.9 кв.м
26-12-010301-2489,44.4 кв.м
26-12-010301-2475,85.7 кв.м
26-12-010301-2477,45.4 кв.м
26-12-010301-2464,43.9 кв.м
26-12-010301-2430,69.1 кв.м
26-12-010301-2463,43.9 кв.м
26-12-010301-2454,69.7 кв.м
26-12-010301-2466,69.8 кв.м
26-12-010301-2488,44.3 кв.м
26-12-010301-2476,44.2 кв.м
26-12-010301-2490,69.4 кв.м
26-12-010301-2465,45.2 кв.м
26-12-010301-3753,60.6 кв.м
26-12-010301-2478,70 кв.м
26-12-010301-2487,88.1 кв.м
26-12-010301-3756,149 кв.м
26-12-010301-3778,46.4 кв.м
26-12-010301-3776,32.6 кв.м
26-12-010301-3755,48 кв.м
26-12-010301-3754,51.3 кв.м
26-12-010301-3758,59.8 кв.м
26-12-010301-3779,79.9 кв.м
26-12-010301-3773,66.8 кв.м
26-12-010301-3783,111.6 кв.м
26-12-010301-3775,39.2 кв.м
26-12-010301-3777,25.3 кв.м
26-12-010301-3752,166.1 кв.м
26-12-010301-3179,"63,1 кв.м"
26-12-010301-3767,76 кв.м
26-12-010301-3761,68.6 кв.м
26-12-010301-3750,101 кв.м
26-12-010301-3763,125.8 кв.м
26-12-010301-3759,2.3 кв.м
26-12-010301-3770,40.6 кв.м
26-12-010301-3130,39 кв.м
26-12-010301-3762,198.9 кв.м
26-12-010301-3126,"51,1 кв.м"
26-12-010301-3769,136.5 кв.м
26-12-010301-3189,"40,8 кв.м"
26-12-010301-3760,159 кв.м
26-12-010301-3146,"46,4 кв.м"
26-12-010301-3132,"65,7 кв.м"
26-12-010301-3149,"40,7 кв.м"
26-12-010301-3765,59.6 кв.м
26-12-010301-3766,139.1 кв.м
26-12-010301-3782,60.8 кв.м
26-12-010301-3139,"46,3 кв.м"
26-12-010301-3764,44.9 кв.м
26-12-010301-3757,55.3 кв.м
26-12-010301-3781,48.6 кв.м
26-12-010301-3751,113.1 кв.м
26-12-010301-3748,124.2 кв.м
26-12-010301-3771,132.7 кв.м
26-12-010301-3129,"38,9 кв.м"
26-12-010301-3142,"46,4 кв.м"
26-12-010301-4026,332.2 кв.м
26-12-010301-3123,38.6 кв.м
26-12-010301-3233,45.8 кв.м
26-12-010301-2579,17903.3 кв.м
26-12-010301-3213,46.4 кв.м
26-12-010301-4019,224.1 кв.м
26-12-010301-3084,38.9 кв.м
26-12-010301-3166,40.7 кв.м
26-12-010301-3226,39.3 кв.м
26-12-010301-3203,63.2 кв.м
26-12-010301-3134,40.7 кв.м
26-12-010301-3099,51.1 кв.м
26-12-010301-3246,40.8 кв.м
26-12-010301-3202,40.5 кв.м
26-12-010301-3242,39.2 кв.м
26-12-010301-3193,61.7 кв.м
26-12-010301-3686,62.5 кв.м
26-12-010301-3206,38.8 кв.м
26-12-010301-3682,62.1 кв.м
26-12-010301-3243,38.9 кв.м
26-12-010301-3172,40.4 кв.м
26-12-010301-3208,40.6 кв.м
26-12-010301-3082,45.5 кв.м
26-12-010301-3211,61.3 кв.м
26-12-010301-3207,62.1 кв.м
26-12-010301-3259,61.9 кв.м
26-12-010301-3442,62.4 кв.м
26-12-010301-3683,45.9 кв.м
26-12-010301-3096,37.1 кв.м
26-12-010301-3210,78.1 кв.м
26-12-010301-3257,63.2 кв.м
26-12-010301-3234,61.2 кв.м
26-12-010301-3214,62 кв.м
26-12-010301-3228,41.1 кв.м
26-12-010301-3200,57.9 кв.м
26-12-010301-3201,37.2 кв.м
26-12-010301-3151,36.7 кв.м
26-12-010301-3087,60.7 кв.м
26-12-010301-3245,61.2 кв.м
26-12-010301-3654,78.3 кв.м
26-12-010301-3086,79.3 кв.м
26-12-010301-3205,38.1 кв.м
26-12-010301-3238,39.8 кв.м
26-12-010301-3695,77.9 кв.м
26-12-010301-3219,60.6 кв.м
26-12-010301-3198,37.3 кв.м
26-12-010301-3223,60.7 кв.м
26-12-010301-3089,78.4 кв.м
26-12-010301-3054,78.5 кв.м
26-12-010301-3095,78.2 кв.м
26-12-010301-3241,58 кв.м
26-12-010301-3218,60.5 кв.м
26-12-010301-3231,37.7 кв.м
26-12-010301-3681,57.6 кв.м
26-12-010301-3983,40 кв.м
26-12-010301-3220,37.2 кв.м
26-12-010301-3120,37.4 кв.м
26-12-010301-3094,36.9 кв.м
26-12-010301-3085,39.9 кв.м
26-12-010301-3254,60.3 кв.м
26-12-010301-3222,57.9 кв.м
26-12-010301-3244,37.3 кв.м
26-12-010301-3225,57.9 кв.м
26-12-010301-3192,39.5 кв.м
26-12-010301-3687,57.6 кв.м
26-12-010301-3190,108.7 кв.м
26-12-010301-3685,37.1 кв.м
26-12-010301-3107,57.8 кв.м
26-12-010301-3091,39.3 кв.м
26-12-010301-3236,36.9 кв.м
26-12-010301-3215,36.6 кв.м
26-12-010301-3177,39.1 кв.м
26-12-010301-3227,57.7 кв.м
26-12-010301-3216,57.4 кв.м
26-12-010301-3186,57.7 кв.м
26-12-010301-3143,39.5 кв.м
26-12-010301-3121,36.6 кв.м
26-12-010301-3093,39.9 кв.м
26-12-010301-3170,57.5 кв.м
26-12-010301-3240,40.1 кв.м
26-12-010301-3239,37.1 кв.м
26-12-010301-3684,57.1 кв.м
26-12-010301-3221,37 кв.м
26-12-010301-3133,39.4 кв.м
26-12-010301-3092,37.2 кв.м
26-12-010301-3204,37.4 кв.м
26-12-010301-3691,57.8 кв.м
26-12-010301-3452,57.5 кв.м
26-12-010301-3232,37.1 кв.м
26-12-010301-3673,39.5 кв.м
26-12-010301-3256,62.8 кв.м
26-12-010301-3678,37.1 кв.м
26-12-010301-3237,39.5 кв.м
26-12-010301-3696,105 кв.м
26-12-010301-3212,57.5 кв.м
26-12-010301-3451,37 кв.м
26-12-010301-3168,39.3 кв.м
26-12-010301-3229,38.5 кв.м
26-12-010301-3690,46 кв.м
26-12-010301-3125,39.7 кв.м
26-12-010301-3209,40.9 кв.м
26-12-010301-3253,39.2 кв.м
26-12-010301-3255,41.2 кв.м
26-12-010301-3235,40.9 кв.м
26-12-010301-3258,62.3 кв.м
26-12-010301-3147,46.6 кв.м
26-12-010301-3679,40.9 кв.м
26-12-010301-3182,38.6 кв.м
26-12-010301-3955,64 кв.м
26-12-010301-3449,63.3 кв.м
26-12-010301-3217,46 кв.м
26-12-010301-3224,41.4 кв.м
26-12-010301-3443,42.3 кв.м
26-12-010301-3260,62.6 кв.м
26-12-010301-3692,41.1 кв.м
26-12-010301-3060,139.6 кв.м
26-12-010301-3992,104.3 кв.м
26-12-010301-3070,38.8 кв.м
26-12-010301-4003,72.4 кв.м
26-12-010301-3057,107.9 кв.м
26-12-010301-3097,38.8 кв.м
26-12-010301-4007,72 кв.м
26-12-010301-2580,216.6 кв.м
26-12-010301-4006,39.1 кв.м
26-12-010301-3056,90.5 кв.м
26-12-010301-4000,12.4 кв.м
26-12-010301-3230,45.9 кв.м
26-12-010301-3998,39.2 кв.м
26-12-010301-3055,160.7 кв.м
26-12-010301-3996,67.7 кв.м
26-12-010301-2582,140.7 кв.м
26-12-010301-1104,49.7 кв.м
26-12-010301-1103,34.4 кв.м
26-12-010301-3999,110.9 кв.м
26-12-010301-4009,47.6 кв.м
26-12-010301-3090,102.4 кв.м
26-12-010301-3688,93.4 кв.м
26-12-010301-3994,45.8 кв.м
26-12-010301-3680,67.5 кв.м
26-12-010301-4008,67.5 кв.м
26-12-010301-1102,65 кв.м
26-12-010301-3083,86.2 кв.м
26-12-010301-3098,90 кв.м
26-12-010301-2581,661.8 кв.м
26-12-010301-3689,76.8 кв.м
26-12-010301-1105,65.2 кв.м
26-12-010301-232,6813.8 кв.м
26-12-021303-567,80 кв.м
26-12-010301-3063,66.9 кв.м
26-12-010301-3088,46.1 кв.м
26-12-010301-3675,144.5 кв.м
26-12-010301-1119,65.3 кв.м
26-12-010301-1138,65.1 кв.м
26-12-010301-1151,65.3 кв.м
26-12-010301-1154,65.4 кв.м
26-12-010301-1136,32.7 кв.м
26-12-010301-1152,33.4 кв.м
26-12-010301-1153,49.7 кв.м
26-12-010301-1137,49.8 кв.м
26-12-010301-1121,49.8 кв.м
26-12-010301-1120,32.7 кв.м
26-12-010301-1135,65.3 кв.м
26-12-010301-1167,65.3 кв.м
26-12-010301-1122,65.1 кв.м
26-12-010301-1184,34.1 кв.м
26-12-010301-1185,51 кв.м
26-12-010301-1186,65.3 кв.м
26-12-010301-1214,33.3 кв.м
26-12-010301-1183,65.8 кв.м
26-12-010301-1227,49.7 кв.м
26-12-010301-1168,33.3 кв.м
26-12-010301-1169,49.8 кв.м
26-12-010301-1170,65.4 кв.м
26-12-010301-1229,65.2 кв.м
26-12-010301-1072,64.4 кв.м
26-12-010301-1212,62.3 кв.м
26-12-010301-1107,33.9 кв.м
26-12-010301-1228,65.3 кв.м
26-12-010301-1106,66.2 кв.м
26-12-010301-1211,50.9 кв.м
26-12-010301-1112,33.9 кв.м
26-12-010301-1123,65.1 кв.м
26-12-010301-1113,67.8 кв.м
26-12-010301-1139,65.6 кв.м
26-12-010301-1171,65.5 кв.м
26-12-010301-1230,33.3 кв.м
26-12-010301-1140,33.8 кв.м
26-12-010301-1141,50.1 кв.м
26-12-010301-1124,32.9 кв.м
26-12-010301-1173,49.1 кв.м
26-12-010301-1125,50.1 кв.м
26-12-010301-1158,65.8 кв.м
26-12-010301-1157,49.6 кв.м
26-12-010301-1142,65.4 кв.м
26-12-010301-1126,65.2 кв.м
26-12-010301-1187,65.6 кв.м
26-12-010301-1156,33 кв.м
26-12-010301-1155,65.5 кв.м
26-12-010301-1174,65.8 кв.м
26-12-010301-1172,33 кв.м
26-12-010301-1189,51 кв.м
26-12-010301-1209,65.5 кв.м
26-12-010301-1210,33.1 кв.м
26-12-010301-1190,65.3 кв.м
26-12-010301-1226,33 кв.м
26-12-010301-1188,34.2 кв.м
26-12-010301-1223,49.5 кв.м
26-12-010301-1225,65.5 кв.м
26-12-010301-1224,65.5 кв.м
26-12-010301-1208,65.3 кв.м
26-12-010301-1130,65.1 кв.м
26-12-010301-1109,32.9 кв.м
26-12-010301-1207,49.7 кв.м
26-12-010301-1108,65.3 кв.м
26-12-010301-1110,33.6 кв.м
26-12-010301-1144,33.1 кв.м
26-12-010301-1111,65.2 кв.м
26-12-010301-1145,49.9 кв.м
26-12-010301-1127,66.5 кв.м
26-12-010301-1159,65.3 кв.м
26-12-010301-1129,49.9 кв.м
26-12-010301-1128,33.3 кв.м
26-12-010301-1143,65.3 кв.м
26-12-010301-1191,65.8 кв.м
26-12-010301-1161,51.2 кв.м
26-12-010301-1160,33.3 кв.м
26-12-010301-1146,67.9 кв.м
26-12-010301-1175,68 кв.м
26-12-010301-1192,32.8 кв.м
26-12-010301-1194,65.9 кв.м
26-12-010301-1193,51 кв.м
26-12-010301-1222,33.1 кв.м
26-12-010301-1219,51.1 кв.м
26-12-010301-1177,49.9 кв.м
26-12-010301-1205,65.7 кв.м
26-12-010301-1162,65.6 кв.м
26-12-010301-1176,34.9 кв.м
26-12-010301-1182,65.8 кв.м
26-12-010301-1206,32.9 кв.м
26-12-010301-1221,65.8 кв.м
26-12-010301-1114,68.6 кв.м
26-12-010301-1203,49.7 кв.м
26-12-010301-1220,68 кв.м
26-12-010301-1204,65.7 кв.м
26-12-010301-1115,34.2 кв.м
26-12-010301-1131,66 кв.м
26-12-010301-1117,65 кв.м
26-12-010301-1147,68.7 кв.м
26-12-010301-1132,34.5 кв.м
26-12-010301-1133,50.2 кв.м
26-12-010301-1116,50.2 кв.м
26-12-010301-1148,34.6 кв.м
26-12-010301-1149,50.2 кв.м
26-12-010301-1150,65.6 кв.м
26-12-010301-1163,66 кв.м
26-12-010301-1134,65.4 кв.м
26-12-010301-1165,49.4 кв.м
26-12-010301-1164,33.1 кв.м
26-12-010301-1178,66.1 кв.м
26-12-010301-1181,65.4 кв.м
26-12-010301-1195,65.6 кв.м
26-12-010301-1179,33.6 кв.м
26-12-010301-1199,49.9 кв.м
26-12-010301-1180,49.5 кв.м
26-12-010301-1202,33.4 кв.м
26-12-010301-1196,33.4 кв.м
26-12-010301-1166,65.4 кв.м
26-12-010301-1201,65.9 кв.м
26-12-010301-1197,49.9 кв.м
26-12-010301-1198,65.4 кв.м
26-12-010301-1217,68.4 кв.м
26-12-010301-1218,33.4 кв.м
26-12-010301-1215,50.1 кв.м
26-12-010301-1118,15.6 кв.м
26-12-010301-1200,65.4 кв.м
26-12-010301-254,6602.3 кв.м
26-12-010301-1727,35.9 кв.м
26-12-010301-1216,65.8 кв.м
26-12-010301-1729,69.2 кв.м
26-12-010301-1728,36.2 кв.м
26-12-010301-1739,35.3 кв.м
26-12-010301-1740,35.6 кв.м
26-12-010301-1726,69.9 кв.м
26-12-010301-1741,67 кв.м
26-12-010301-1751,35.9 кв.м
26-12-010301-1765,68.6 кв.м
26-12-010301-1738,76.8 кв.м
26-12-010301-1775,35.6 кв.м
26-12-010301-1777,68.2 кв.м
26-12-010301-1752,36.3 кв.м
26-12-010301-1763,35.1 кв.м
26-12-010301-1764,35.8 кв.м
26-12-010301-1774,69.3 кв.м
26-12-010301-1762,69.8 кв.м
26-12-010301-1750,70.7 кв.м
26-12-010301-1809,70 кв.м
26-12-010301-1776,36 кв.м
26-12-010301-1786,69.9 кв.м
26-12-010301-1761,67.6 кв.м
26-12-010301-1798,35.6 кв.м
26-12-010301-1789,68.3 кв.м
26-12-010301-1825,68 кв.м
26-12-010301-1812,35.8 кв.м
26-12-010301-1810,70.2 кв.м
26-12-010301-1811,35.7 кв.м
26-12-010301-1788,35.8 кв.м
26-12-010301-1800,68.9 кв.м
26-12-010301-1823,35.6 кв.м
26-12-010301-1787,35.2 кв.м
26-12-010301-1742,67.9 кв.м
26-12-010301-1799,35.8 кв.м
26-12-010301-1822,70 кв.м
26-12-010301-1813,67.5 кв.м
26-12-010301-1824,35.9 кв.м
26-12-010301-1836,35.9 кв.м
26-12-010301-1730,68.9 кв.м
26-12-010301-1837,68.1 кв.м
26-12-010301-1834,70.2 кв.м
26-12-010301-1745,68 кв.м
26-12-010301-1743,53.4 кв.м
26-12-010301-1734,68.5 кв.м
26-12-010301-1835,35.7 кв.м
26-12-010301-1778,68.4 кв.м
26-12-010301-1731,53 кв.м
26-12-010301-1767,53.2 кв.м
26-12-010301-1753,67.8 кв.м
26-12-010301-1744,53.7 кв.м
26-12-010301-1733,53.7 кв.м
26-12-010301-1754,53.5 кв.м
26-12-010301-1768,53.1 кв.м
26-12-010301-1755,53.3 кв.м
26-12-010301-1766,68.1 кв.м
26-12-010301-1781,68 кв.м
26-12-010301-1769,68.3 кв.м
26-12-010301-1790,68.7 кв.м
26-12-010301-1756,71.3 кв.м
26-12-010301-1801,68.2 кв.м
26-12-010301-1779,53.5 кв.м
26-12-010301-1802,53.5 кв.м
26-12-010301-1792,53.6 кв.м
26-12-010301-1780,53.3 кв.м
26-12-010301-1804,68 кв.м
26-12-010301-1793,67.2 кв.м
26-12-010301-1791,53.7 кв.м
26-12-010301-1815,53.7 кв.м
26-12-010301-1826,68.4 кв.м
26-12-010301-1814,68.6 кв.м
26-12-010301-1816,53.5 кв.м
26-12-010301-1827,53.8 кв.м
26-12-010301-1803,54.6 кв.м
26-12-010301-1829,67.5 кв.м
26-12-010301-1732,68.2 кв.м
26-12-010301-1839,54.2 кв.м
26-12-010301-1817,68 кв.м
26-12-010301-1828,53.7 кв.м
26-12-010301-1737,69.1 кв.м
26-12-010301-1840,53.6 кв.м
26-12-010301-1838,68.4 кв.м
26-12-010301-1841,68.1 кв.м
26-12-010301-1735,35.9 кв.м
26-12-010301-1747,36.5 кв.м
26-12-010301-1746,60.2 кв.м
26-12-010301-1736,35.8 кв.м
26-12-010301-1760,69.3 кв.м
26-12-010301-1758,35.3 кв.м
26-12-010301-1770,68.3 кв.м
26-12-010301-1796,35.8 кв.м
26-12-010301-1759,35.3 кв.м
26-12-010301-1771,35.6 кв.м
26-12-010301-1749,70.1 кв.м
26-12-010301-1783,35.3 кв.м
26-12-010301-1748,35.8 кв.м
26-12-010301-1772,35.2 кв.м
26-12-010301-1785,69.4 кв.м
26-12-010301-1795,35.6 кв.м
26-12-010301-1757,68.8 кв.м
26-12-010301-1782,68.5 кв.м
26-12-010301-1808,73.9 кв.м
26-12-010301-1819,35.7 кв.м
26-12-010301-1784,35 кв.м
26-12-010301-1820,35.6 кв.м
26-12-010301-1794,67.8 кв.м
26-12-010301-1797,69.5 кв.м
26-12-010301-1773,69.1 кв.м
26-12-010301-1818,67.4 кв.м
26-12-010301-1806,35.4 кв.м
26-12-010301-1830,68.7 кв.м
26-12-010301-1807,36.2 кв.м
26-12-010301-1805,68.1 кв.м
26-12-010301-1833,69.5 кв.м
26-12-010301-1842,67.7 кв.м
26-12-010301-1831,35.5 кв.м
26-12-010301-356,35.8 кв.м
26-12-010301-359,52.4 кв.м
26-12-010301-1821,59.9 кв.м
26-12-010301-1844,35.2 кв.м
26-12-010301-357,35.4 кв.м
26-12-010301-1843,35.8 кв.м
26-12-010301-355,36.8 кв.м
26-12-010301-1832,38 кв.м
26-12-010301-191,7309 кв.м
26-12-010301-358,36.7 кв.м
26-12-010301-371,36.9 кв.м
26-12-010301-354,58.3 кв.м
26-12-010301-1845,69.5 кв.м
26-12-010301-370,58.4 кв.м
26-12-010301-386,57.7 кв.м
26-12-010301-387,36.8 кв.м
26-12-010301-372,35.8 кв.м
26-12-010301-4023,36.6 кв.м
26-12-010301-373,35.3 кв.м
26-12-010301-375,58.1 кв.м
26-12-010301-390,36.9 кв.м
26-12-010301-389,35.3 кв.м
26-12-010301-403,36.7 кв.м
26-12-010301-406,36.9 кв.м
26-12-010301-405,35.3 кв.м
26-12-010301-404,35.8 кв.м
26-12-010301-402,58.1 кв.м
26-12-010301-391,58.1 кв.м
26-12-010301-419,36.8 кв.м
26-12-010301-388,35.9 кв.м
26-12-010301-420,35.8 кв.м
26-12-010301-438,47 кв.м
26-12-010301-418,58.2 кв.м
26-12-010301-407,58 кв.м
26-12-010301-421,35.3 кв.м
26-12-010301-436,35.8 кв.м
26-12-010301-452,35.8 кв.м
26-12-010301-433,43 кв.м
26-12-010301-437,35.3 кв.м
26-12-010301-454,36.9 кв.м
26-12-010301-434,58.1 кв.м
26-12-010301-435,36.8 кв.м
26-12-010301-453,35.4 кв.м
26-12-010301-439,57.8 кв.м
26-12-010301-422,58 кв.м
26-12-010301-451,36.6 кв.м
26-12-010301-455,58 кв.м
26-12-010301-466,65 кв.м
26-12-010301-450,57.8 кв.м
26-12-010301-470,36.6 кв.м
26-12-010301-484,58.1 кв.м
26-12-010301-468,35.9 кв.м
26-12-010301-471,58.1 кв.м
26-12-010301-469,35.5 кв.м
26-12-010301-467,36.7 кв.м
26-12-010301-498,57.6 кв.м
26-12-010301-503,58 кв.м
26-12-010301-501,35.4 кв.м
26-12-010301-499,36.6 кв.м
26-12-010301-482,35.4 кв.м
26-12-010301-483,41.5 кв.м
26-12-010301-488,35.9 кв.м
26-12-010301-487,36.6 кв.м
26-12-010301-486,57.9 кв.м
26-12-010301-500,35.8 кв.м
26-12-010301-360,36.9 кв.м
26-12-010301-502,36.6 кв.м
26-12-010301-363,36.9 кв.м
26-12-010301-380,36.8 кв.м
26-12-010301-364,58 кв.м
26-12-010301-368,52 кв.м
26-12-010301-379,36 кв.м
26-12-010301-361,35.7 кв.м
26-12-010301-378,35.8 кв.м
26-12-010301-377,36.9 кв.м
26-12-010301-381,58 кв.м
26-12-010301-392,58.1 кв.м
26-12-010301-393,36.9 кв.м
26-12-010301-376,58 кв.м
26-12-010301-362,35.5 кв.м
26-12-010301-413,58.2 кв.м
26-12-010301-443,35.5 кв.м
26-12-010301-410,35.8 кв.м
26-12-010301-396,37 кв.м
26-12-010301-411,35.5 кв.м
26-12-010301-425,35.7 кв.м
26-12-010301-394,35.7 кв.м
26-12-010301-408,58 кв.м
26-12-010301-440,58 кв.м
26-12-010301-428,57.9 кв.м
26-12-010301-458,35.7 кв.м
26-12-010301-424,46.4 кв.м
26-12-010301-427,36.7 кв.м
26-12-010301-445,57.8 кв.м
26-12-010301-444,37 кв.м
26-12-010301-397,57.9 кв.м
26-12-010301-412,36.9 кв.м
26-12-010301-423,58 кв.м
26-12-010301-441,36.5 кв.м
26-12-010301-395,35.6 кв.м
26-12-010301-459,35.6 кв.м
26-12-010301-456,58.2 кв.м
26-12-010301-442,35.7 кв.м
26-12-010301-492,36.8 кв.м
26-12-010301-490,35.7 кв.м
26-12-010301-460,36.9 кв.м
26-12-010301-426,35.5 кв.м
26-12-010301-474,35.8 кв.м
26-12-010301-457,36.6 кв.м
26-12-010301-476,36.8 кв.м
26-12-010301-491,35.6 кв.м
26-12-010301-489,36.6 кв.м
26-12-010301-485,58 кв.м
26-12-010301-409,36.7 кв.м
26-12-010301-477,58 кв.м
26-12-010301-473,36.7 кв.м
26-12-010301-366,53 кв.м
26-12-010301-472,57.9 кв.м
26-12-010301-493,58.2 кв.м
26-12-010301-508,36.8 кв.м
26-12-010301-461,57.8 кв.м
26-12-010301-475,35.4 кв.м
26-12-010301-507,35.4 кв.м
26-12-010301-365,43.8 кв.м
26-12-010301-505,36.7 кв.м
26-12-010301-369,78.9 кв.м
26-12-010301-506,35.7 кв.м
26-12-010301-383,43.8 кв.м
26-12-010301-400,53.1 кв.м
26-12-010301-367,52.1 кв.м
26-12-010301-504,58.5 кв.м
26-12-010301-399,43.8 кв.м
26-12-010301-382,56.4 кв.м
26-12-010301-385,58.1 кв.м
26-12-010301-401,58 кв.м
26-12-010301-414,56.5 кв.м
26-12-010301-509,58.3 кв.м
26-12-010301-384,52.9 кв.м
26-12-010301-431,52.9 кв.м
26-12-010301-429,56.3 кв.м
26-12-010301-398,56.3 кв.м
26-12-010301-480,53.1 кв.м
26-12-010301-446,56 кв.м
26-12-010301-462,56 кв.м
26-12-010301-432,57.9 кв.м
26-12-010301-416,53 кв.м
26-12-010301-430,43.8 кв.м
26-12-010301-447,43.8 кв.м
26-12-010301-481,57.7 кв.м
26-12-010301-415,43.8 кв.м
26-12-010301-496,53 кв.м
26-12-010301-417,57.8 кв.м
26-12-010301-479,43.7 кв.м
26-12-010301-463,43.8 кв.м
26-12-010301-510,56 кв.м
26-12-010301-448,53.1 кв.м
26-12-010301-464,52.9 кв.м
26-12-010301-478,55.7 кв.м
26-12-010301-495,43.8 кв.м
26-12-010301-494,55.9 кв.м
26-12-010301-449,57.9 кв.м
26-12-010301-465,58 кв.м
26-12-010301-512,53.1 кв.м
26-12-010301-497,58.2 кв.м
26-12-010301-526,35.3 кв.м
26-12-010301-519,51.8 кв.м
26-12-010301-513,57.9 кв.м
26-12-010301-525,35.7 кв.м
26-12-010301-192,7300.9 кв.м
26-12-010301-516,35.6 кв.м
26-12-010301-527,37 кв.м
26-12-010301-524,36.4 кв.м
26-12-010301-523,57.7 кв.м
26-12-010301-518,36.9 кв.м
26-12-010301-528,57.9 кв.м
26-12-010301-533,57.6 кв.м
26-12-010301-514,58.3 кв.м
26-12-010301-517,35.3 кв.м
26-12-010301-534,36.7 кв.м
26-12-010301-515,36.7 кв.м
26-12-010301-511,44 кв.м
26-12-010301-537,37 кв.м
26-12-010301-545,35.7 кв.м
26-12-010301-536,35.1 кв.м
26-12-010301-543,57.8 кв.м
26-12-010301-548,57.8 кв.м
26-12-010301-546,35.1 кв.м
26-12-010301-556,35.2 кв.м
26-12-010301-544,36.7 кв.м
26-12-010301-535,35.7 кв.м
26-12-010301-547,37 кв.м
26-12-010301-553,57.8 кв.м
26-12-010301-555,35.7 кв.м
26-12-010301-564,36.8 кв.м
26-12-010301-557,36.9 кв.м
26-12-010301-538,57.9 кв.м
26-12-010301-566,34.1 кв.м
26-12-010301-554,36.7 кв.м
26-12-010301-565,35.6 кв.м
26-12-010301-568,58.2 кв.м
26-12-010301-567,38.1 кв.м
26-12-010301-574,35.8 кв.м
26-12-010301-563,57.9 кв.м
26-12-010301-575,35.2 кв.м
26-12-010301-582,58.3 кв.м
26-12-010301-558,58 кв.м
26-12-010301-573,36.7 кв.м
26-12-010301-577,58 кв.м
26-12-010301-586,35.2 кв.м
26-12-010301-576,37.1 кв.м
26-12-010301-588,57.9 кв.м
26-12-010301-585,35.8 кв.м
26-12-010301-587,36.9 кв.м
26-12-010301-593,57.8 кв.м
26-12-010301-597,37.1 кв.м
26-12-010301-531,52.9 кв.м
26-12-010301-605,35.7 кв.м
26-12-010301-584,36.8 кв.м
26-12-010301-583,57.8 кв.м
26-12-010301-594,36.8 кв.м
26-12-010301-595,35.7 кв.м
26-12-010301-603,57.8 кв.м
26-12-010301-598,57.8 кв.м
26-12-010301-520,46.4 кв.м
26-12-010301-521,46.2 кв.м
26-12-010301-596,35.2 кв.м
26-12-010301-607,36.9 кв.м
26-12-010301-606,35.1 кв.м
26-12-010301-529,56.7 кв.м
26-12-010301-542,58.2 кв.м
26-12-010301-608,57.7 кв.м
26-12-010301-604,36.8 кв.м
26-12-010301-522,57.7 кв.м
26-12-010301-530,51 кв.м
26-12-010301-540,50.6 кв.м
26-12-010301-539,56.7 кв.м
26-12-010301-541,57.8 кв.м
26-12-010301-550,50.9 кв.м
26-12-010301-532,58.3 кв.м
26-12-010301-551,58.3 кв.м
26-12-010301-571,53 кв.м
26-12-010301-549,56.8 кв.м
26-12-010301-562,63.9 кв.м
26-12-010301-569,53.1 кв.м
26-12-010301-552,57.7 кв.м
26-12-010301-559,56.6 кв.м
26-12-010301-570,51 кв.м
26-12-010301-560,43.8 кв.м
26-12-010301-572,57.7 кв.м
26-12-010301-578,56.5 кв.м
26-12-010301-609,56.5 кв.м
26-12-010301-561,54.4 кв.м
26-12-010301-580,52.9 кв.м
26-12-010301-579,51.4 кв.м
26-12-010301-592,57.9 кв.м
26-12-010301-599,56.4 кв.м
26-12-010301-581,57.6 кв.м
26-12-010301-591,53.1 кв.м
26-12-010301-1080,67.4 кв.м
26-12-010301-610,51.3 кв.м
26-12-010301-601,53 кв.м
26-12-010301-589,56.8 кв.м
26-12-010301-590,43.7 кв.м
26-12-010301-3722,18.6 кв.м
26-12-010301-602,57.7 кв.м
26-12-010301-1081,99.4 кв.м
26-12-010301-3724,19.4 кв.м
26-12-010301-3456,61.7 кв.м
26-12-010301-611,53 кв.м
26-12-010301-612,64.7 кв.м
26-12-010301-1086,97.9 кв.м
26-12-010301-600,43.7 кв.м
26-12-010301-230,2370.2 кв.м
26-12-010301-1083,81.3 кв.м
26-12-010301-1087,129.5 кв.м
26-12-010301-1090,129.6 кв.м
26-12-010301-1089,171 кв.м
26-12-010301-3727,21.5 кв.м
26-12-010301-1091,66.8 кв.м
26-12-010301-1085,67.9 кв.м
26-12-010301-1088,66.4 кв.м
26-12-010301-1093,99.8 кв.м
26-12-010301-1092,66.6 кв.м
26-12-010301-1084,67 кв.м
26-12-010301-1099,48.8 кв.м
26-12-010301-1082,48.3 кв.м
26-12-010301-1097,67.7 кв.м
26-12-010301-1094,47.2 кв.м
26-12-010301-1100,80.8 кв.м
26-12-010301-3721,21.5 кв.м
26-12-010301-1869,65.2 кв.м
26-12-010301-1868,97.4 кв.м
26-12-010301-3725,33.8 кв.м
26-12-010301-1098,100.2 кв.м
26-12-010301-3731,13.9 кв.м
26-12-010301-1095,80.1 кв.м
26-12-010301-1867,45.1 кв.м
26-12-010301-1096,67.5 кв.м
26-12-010301-3734,68.3 кв.м
26-12-010301-3732,33.5 кв.м
26-12-010301-3730,33.5 кв.м
26-12-010301-1860,64.1 кв.м
26-12-010301-1865,64.3 кв.м
26-12-010301-1862,45.1 кв.м
26-12-010301-3726,33.7 кв.м
26-12-010301-1866,78 кв.м
26-12-010301-1861,77.9 кв.м
26-12-010301-3720,14.8 кв.м
26-12-010301-3719,33.8 кв.м
26-12-010301-1858,99.2 кв.м
26-12-010301-1863,97.9 кв.м
26-12-010301-3723,33.8 кв.м
26-12-010301-1857,123.5 кв.м
26-12-010301-3729,34.9 кв.м
26-12-010301-1864,64.8 кв.м
26-12-010301-3728,34.7 кв.м
26-12-010301-1854,98.4 кв.м
26-12-010301-3733,66 кв.м
26-12-010301-1859,65.3 кв.м
26-12-010301-1852,78.6 кв.м
26-12-010301-1853,45.1 кв.м
26-12-010301-3718,33.5 кв.м
26-12-010301-3714,33.8 кв.м
26-12-010301-3716,34.9 кв.м
26-12-010301-1851,63.7 кв.м
26-12-010301-3717,33.7 кв.м
26-12-010301-3884,49.1 кв.м
26-12-010301-3715,34.7 кв.м
26-12-010301-262,8981 кв.м
26-12-010301-1856,64 кв.м
26-12-010301-1847,79 кв.м
26-12-010301-1849,99.9 кв.м
26-12-010301-3886,94.6 кв.м
26-12-010301-2103,42.4 кв.м
26-12-010301-2105,65.6 кв.м
26-12-010301-2084,53 кв.м
26-12-010301-1850,65.9 кв.м
26-12-010301-1848,45.6 кв.м
26-12-010301-2086,49.7 кв.м
26-12-010301-2107,69.9 кв.м
26-12-010301-1846,64.7 кв.м
26-12-010301-2083,103.6 кв.м
26-12-010301-3887,66.1 кв.м
26-12-010301-3885,47.6 кв.м
26-12-010301-3879,47.8 кв.м
26-12-010301-2079,52 кв.м
26-12-010301-3888,66.2 кв.м
26-12-010301-2100,103.4 кв.м
26-12-010301-2081,70.2 кв.м
26-12-010301-2031,40.8 кв.м
26-12-010301-3889,49.3 кв.м
26-12-010301-3871,66 кв.м
26-12-010301-3861,41.1 кв.м
26-12-010301-2047,78.3 кв.м
26-12-010301-3859,39.3 кв.м
26-12-010301-1990,47.4 кв.м
26-12-010301-3872,38.7 кв.м
26-12-010301-3862,38.9 кв.м
26-12-010301-3875,66.3 кв.м
26-12-010301-3877,43 кв.м
26-12-010301-1243,71.2 кв.м
26-12-010301-3883,70.7 кв.м
26-12-010301-1991,49 кв.м
26-12-010301-3865,39.7 кв.м
26-12-010301-3873,39.8 кв.м
26-12-010301-3864,43.5 кв.м
26-12-010301-1986,47.1 кв.м
26-12-010301-3860,66.3 кв.м
26-12-010301-3868,70.8 кв.м
26-12-010301-3874,40 кв.м
26-12-010301-3866,39.8 кв.м
26-12-010301-3870,41.2 кв.м
26-12-010301-3867,70.9 кв.м
26-12-010301-1078,44.7 кв.м
26-12-010301-1261,70.8 кв.м
26-12-010301-1240,71.9 кв.м
26-12-010301-3869,38.7 кв.м
26-12-010301-235,9109 кв.м
26-12-010301-1077,85.5 кв.м
26-12-010301-1263,38 кв.м
26-12-010301-1258,72 кв.м
26-12-010301-1262,36.4 кв.м
26-12-010301-1244,38.5 кв.м
26-12-010301-1309,36.1 кв.м
26-12-010301-1290,68.7 кв.м
26-12-010301-1324,36.1 кв.м
26-12-010301-1308,69.8 кв.м
26-12-010301-1322,36.1 кв.м
26-12-010301-1278,38.7 кв.м
26-12-010301-1325,89.9 кв.м
26-12-010301-1277,36 кв.м
26-12-010301-1273,72.1 кв.м
26-12-010301-1293,78.3 кв.м
26-12-010301-1323,68.4 кв.м
26-12-010301-1342,36.4 кв.м
26-12-010301-1295,36.2 кв.м
26-12-010301-1294,35.7 кв.м
26-12-010301-1305,73.6 кв.м
26-12-010301-1310,37.6 кв.м
26-12-010301-1339,36.2 кв.м
26-12-010301-1341,77.8 кв.м
26-12-010301-1355,36.1 кв.м
26-12-010301-1340,70.8 кв.м
26-12-010301-1391,69 кв.м
26-12-010301-1356,70.8 кв.м
26-12-010301-1357,36.1 кв.м
26-12-010301-1387,68 кв.м
26-12-010301-1372,70.5 кв.м
26-12-010301-1386,36.1 кв.м
26-12-010301-1373,38.6 кв.м
26-12-010301-1389,36 кв.м
26-12-010301-1370,36.3 кв.м
26-12-010301-1076,86.4 кв.м
26-12-010301-1241,67.6 кв.м
26-12-010301-1259,72.5 кв.м
26-12-010301-1371,68.7 кв.м
26-12-010301-1337,68.5 кв.м
26-12-010301-1246,52.7 кв.м
26-12-010301-1271,53 кв.м
26-12-010301-1239,73.1 кв.м
26-12-010301-1260,53.8 кв.м
26-12-010301-1242,54.2 кв.м
26-12-010301-1256,53.8 кв.м
26-12-010301-1257,67.7 кв.м
26-12-010301-1275,53.6 кв.м
26-12-010301-1274,68.6 кв.м
26-12-010301-1289,67.8 кв.м
26-12-010301-1306,72.8 кв.м
26-12-010301-1291,68.3 кв.м
26-12-010301-1320,72.9 кв.м
26-12-010301-1272,73 кв.м
26-12-010301-1321,56.1 кв.м
26-12-010301-1303,54.6 кв.м
26-12-010301-1292,53.8 кв.м
26-12-010301-1288,55.2 кв.м
26-12-010301-1318,54 кв.м
26-12-010301-1304,68 кв.м
26-12-010301-1335,53.7 кв.м
26-12-010301-1307,53.8 кв.м
26-12-010301-1385,56 кв.м
26-12-010301-1368,68.3 кв.м
26-12-010301-1354,54.8 кв.м
26-12-010301-1336,68.4 кв.м
26-12-010301-1352,68 кв.м
26-12-010301-1353,69.4 кв.м
26-12-010301-1369,56.4 кв.м
26-12-010301-1338,52.8 кв.м
26-12-010301-1351,54.2 кв.м
26-12-010301-1319,68 кв.м
26-12-010301-1237,55.6 кв.м
26-12-010301-1238,53.7 кв.м
26-12-010301-1366,54.1 кв.м
26-12-010301-1236,72.4 кв.м
26-12-010301-1384,72.4 кв.м
26-12-010301-1367,72.2 кв.м
26-12-010301-1382,72.4 кв.м
26-12-010301-1255,53.8 кв.м
26-12-010301-1248,67.8 кв.м
26-12-010301-1383,56.1 кв.м
26-12-010301-1253,68.3 кв.м
26-12-010301-1268,68.9 кв.м
26-12-010301-1235,73.1 кв.м
26-12-010301-1266,68.2 кв.м
26-12-010301-1270,56.2 кв.м
26-12-010301-1254,54.3 кв.м
26-12-010301-1298,73.6 кв.м
26-12-010301-1269,54.1 кв.м
26-12-010301-1285,73.4 кв.м
26-12-010301-1316,72.7 кв.м
26-12-010301-1283,72.7 кв.м
26-12-010301-1332,72.1 кв.м
26-12-010301-1300,73.3 кв.м
26-12-010301-1302,53.8 кв.м
26-12-010301-1301,54.3 кв.м
26-12-010301-1286,56.3 кв.м
26-12-010301-1315,53.6 кв.м
26-12-010301-1287,56.1 кв.м
26-12-010301-1333,68.4 кв.м
26-12-010301-1349,68.6 кв.м
26-12-010301-1326,68.9 кв.м
26-12-010301-1317,53.8 кв.м
26-12-010301-1331,53 кв.м
26-12-010301-1334,56.3 кв.м
26-12-010301-1364,68.3 кв.м
26-12-010301-1362,56.1 кв.м
26-12-010301-1381,55.8 кв.м
26-12-010301-1350,53.6 кв.м
26-12-010301-1363,72.4 кв.м
26-12-010301-1233,36.1 кв.м
26-12-010301-1347,53.7 кв.м
26-12-010301-1378,53.6 кв.м
26-12-010301-1348,67.8 кв.м
26-12-010301-1249,68.7 кв.м
26-12-010301-1247,67.5 кв.м
26-12-010301-1380,73 кв.м
26-12-010301-1365,55.7 кв.м
26-12-010301-1379,72.4 кв.м
26-12-010301-1252,71.6 кв.м
26-12-010301-1075,39.5 кв.м
26-12-010301-1232,35.5 кв.м
26-12-010301-1264,38.2 кв.м
26-12-010301-1251,36 кв.м
26-12-010301-1267,68.8 кв.м
26-12-010301-1279,39.5 кв.м
26-12-010301-1390,36.2 кв.м
26-12-010301-1281,35.7 кв.м
26-12-010301-1284,68.6 кв.м
26-12-010301-1296,38.4 кв.м
26-12-010301-1280,36.3 кв.м
26-12-010301-1265,77.7 кв.м
26-12-010301-1282,70.8 кв.м
26-12-010301-1327,38.1 кв.м
26-12-010301-1313,68.4 кв.м
26-12-010301-1328,72 кв.м
26-12-010301-1299,72.7 кв.м
26-12-010301-1314,36 кв.м
26-12-010301-1329,72.1 кв.м
26-12-010301-1311,35.9 кв.м
26-12-010301-1312,71.4 кв.м
26-12-010301-1297,70.1 кв.м
26-12-010301-1360,67.6 кв.м
26-12-010301-1361,38.1 кв.м
26-12-010301-1330,35.8 кв.м
26-12-010301-1344,70.9 кв.м
26-12-010301-1343,36.2 кв.м
26-12-010301-1359,79 кв.м
26-12-010301-1377,36.1 кв.м
26-12-010301-1375,71 кв.м
26-12-010301-1358,35.6 кв.м
26-12-010301-1346,36 кв.м
26-12-010301-1064,76 кв.м
26-12-010301-1345,68.1 кв.м
26-12-010301-3539,39.2 кв.м
26-12-010301-2502,72.6 кв.м
26-12-010301-2510,93.3 кв.м
26-12-010301-1376,68.3 кв.м
26-12-010301-298,4368.1 кв.м
26-12-010301-2505,72.9 кв.м
26-12-010301-3544,37.5 кв.м
26-12-010301-2526,73.2 кв.м
26-12-010301-1374,37.9 кв.м
26-12-010301-2503,39 кв.м
26-12-010301-3527,77.8 кв.м
26-12-010301-2542,72.2 кв.м
26-12-010301-3537,36.8 кв.м
26-12-010301-3518,36.9 кв.м
26-12-010301-3525,88.9 кв.м
26-12-010301-3670,73.6 кв.м
26-12-010301-2528,39.9 кв.м
26-12-010301-2529,77.5 кв.м
26-12-010301-3536,69.7 кв.м
26-12-010301-2504,39.2 кв.м
26-12-010301-3558,37.7 кв.м
26-12-010301-2536,72.3 кв.м
26-12-010301-3531,37.4 кв.м
26-12-010301-2544,37.3 кв.м
26-12-010301-2541,35.8 кв.м
26-12-010301-3547,37 кв.м
26-12-010301-3545,35.8 кв.м
26-12-010301-2550,72.8 кв.м
26-12-010301-2558,73.1 кв.м
26-12-010301-2566,36.3 кв.м
26-12-010301-2545,72.8 кв.м
26-12-010301-3542,37.1 кв.м
26-12-010301-2551,36.9 кв.м
26-12-010301-2559,36.3 кв.м
26-12-010301-2568,73.1 кв.м
26-12-010301-3540,36.3 кв.м
26-12-010301-3697,72.8 кв.м
26-12-010301-1063,68.1 кв.м
26-12-010301-2565,72.3 кв.м
26-12-010301-2567,37.2 кв.м
26-12-010301-2495,36.3 кв.м
26-12-010301-2497,72.9 кв.м
26-12-010301-3705,73.1 кв.м
26-12-010301-2524,37.5 кв.м
26-12-010301-2506,72.5 кв.м
26-12-010301-2516,40 кв.м
26-12-010301-2509,72.7 кв.м
26-12-010301-2496,37.2 кв.м
26-12-010301-3546,37.7 кв.м
26-12-010301-3534,37.4 кв.м
26-12-010301-2522,77 кв.м
26-12-010301-2514,72.5 кв.м
26-12-010301-2523,39.3 кв.м
26-12-010301-2517,71 кв.м
26-12-010301-3602,37.5 кв.м
26-12-010301-2530,76.3 кв.м
26-12-010301-2540,77.2 кв.м
26-12-010301-2511,37.1 кв.м
26-12-010301-3557,37 кв.м
26-12-010301-3535,39.2 кв.м
26-12-010301-2537,72.6 кв.м
26-12-010301-1062,35.6 кв.м
26-12-010301-3532,73.1 кв.м
26-12-010301-2539,37.5 кв.м
26-12-010301-2555,37.5 кв.м
26-12-010301-2532,39.5 кв.м
26-12-010301-3664,81.8 кв.м
26-12-010301-2549,70.6 кв.м
26-12-010301-2535,37.4 кв.м
26-12-010301-3706,37.1 кв.м
26-12-010301-2501,72 кв.м
26-12-010301-2553,72.5 кв.м
26-12-010301-2512,37.5 кв.м
26-12-010301-2546,72.7 кв.м
26-12-010301-2563,37.3 кв.м
26-12-010301-2493,79.4 кв.м
26-12-010301-3530,39.2 кв.м
26-12-010301-3524,76.3 кв.м
26-12-010301-2570,37 кв.м
26-12-010301-3667,35.3 кв.м
26-12-010301-2561,76.8 кв.м
26-12-010301-2513,77.8 кв.м
26-12-010301-3529,38.7 кв.м
26-12-010301-2515,42 кв.м
26-12-010301-2500,37.2 кв.м
26-12-010301-3528,77.2 кв.м
26-12-010301-3554,36.5 кв.м
26-12-010301-2494,72.8 кв.м
26-12-010301-3543,73 кв.м
26-12-010301-2508,37.7 кв.м
26-12-010301-2525,73.1 кв.м
26-12-010301-2543,37 кв.м
26-12-010301-2507,37.5 кв.м
26-12-010301-2552,37.3 кв.м
26-12-010301-2556,81.8 кв.м
26-12-010301-2531,37 кв.м
26-12-010301-2547,37.1 кв.м
26-12-010301-2538,37.1 кв.м
26-12-010301-2569,73 кв.м
26-12-010301-2492,37.4 кв.м
26-12-010301-2557,76 кв.м
26-12-010301-2498,77.2 кв.м
26-12-010301-2554,36.7 кв.м
26-12-010301-835,35.8 кв.м
26-12-010301-2499,36.5 кв.м
26-12-010301-2564,76.3 кв.м
26-12-010301-2562,39.2 кв.м
26-12-010301-836,70.8 кв.м
26-12-010301-195,6662.9 кв.м
26-12-010301-854,36.1 кв.м
26-12-010301-865,38.2 кв.м
26-12-010301-853,38.2 кв.м
26-12-010301-866,75.1 кв.м
26-12-010301-834,38.2 кв.м
26-12-010301-877,35.8 кв.м
26-12-010301-852,72.1 кв.м
26-12-010301-864,36 кв.м
26-12-010301-833,67.8 кв.м
26-12-010301-879,70.3 кв.м
26-12-010301-855,70.4 кв.м
26-12-010301-867,67.9 кв.м
26-12-010301-906,67.6 кв.м
26-12-010301-885,35.6 кв.м
26-12-010301-880,70.3 кв.м
26-12-010301-883,72.3 кв.м
26-12-010301-884,36.2 кв.м
26-12-010301-2534,88.9 кв.м
26-12-010301-909,71 кв.м
26-12-010301-908,35.3 кв.м
26-12-030301-230,34.3 кв.м
26-12-010301-895,70.9 кв.м
26-12-010301-919,74.6 кв.м
26-12-010301-935,35.8 кв.м
26-12-010301-907,38.3 кв.м
26-12-010301-918,35.8 кв.м
26-12-010301-876,67.8 кв.м
26-12-010301-892,67.9 кв.м
26-12-010301-917,38.3 кв.м
26-12-010301-851,68 кв.м
26-12-010301-936,77.1 кв.м
26-12-010301-950,70.3 кв.м
26-12-010301-916,67.6 кв.м
26-12-010301-947,72 кв.м
26-12-010301-933,67.9 кв.м
26-12-010301-850,35.9 кв.м
26-12-010301-893,35.5 кв.м
26-12-010301-837,38.1 кв.м
26-12-010301-952,106.8 кв.м
26-12-010301-894,35.8 кв.м
26-12-010301-844,107.2 кв.м
26-12-010301-838,67.7 кв.м
26-12-010301-887,68.5 кв.м
26-12-010301-860,107.1 кв.м
26-12-010301-875,68.7 кв.м
26-12-010301-863,70.8 кв.м
26-12-010301-873,37.3 кв.м
26-12-010301-849,35.9 кв.м
26-12-010301-874,36 кв.м
26-12-010301-861,35.8 кв.м
26-12-010301-881,109.3 кв.м
26-12-010301-886,35.9 кв.м
26-12-010301-862,36.2 кв.м
26-12-010301-882,35.7 кв.м
26-12-010301-868,103.6 кв.м
26-12-010301-921,67.8 кв.м
26-12-010301-951,40.5 кв.м
26-12-010301-896,35.9 кв.м
26-12-010301-934,35.9 кв.м
26-12-010301-948,36.2 кв.м
26-12-010301-897,68.2 кв.м
26-12-010301-904,36 кв.м
26-12-010301-840,68.1 кв.м
26-12-010301-899,35.5 кв.м
26-12-010301-905,67.7 кв.м
26-12-010301-944,36 кв.м
26-12-010301-911,106.5 кв.м
26-12-010301-946,72.2 кв.м
26-12-010301-920,38.5 кв.м
26-12-010301-937,72.2 кв.м
26-12-010301-923,35.7 кв.м
26-12-010301-927,110.2 кв.м
26-12-010301-945,35.9 кв.м
26-12-010301-912,40.3 кв.м
26-12-010301-929,107.5 кв.м
26-12-010301-949,35.7 кв.м
26-12-010301-891,67.9 кв.м
26-12-010301-841,36.3 кв.м
26-12-010301-898,114.3 кв.м
26-12-010301-843,35.8 кв.м
26-12-010301-943,111.5 кв.м
26-12-010301-842,70.3 кв.м
26-12-010301-870,35.7 кв.м
26-12-010301-938,42.5 кв.м
26-12-010301-839,35.9 кв.м
26-12-010301-902,35.5 кв.м
26-12-010301-857,35.5 кв.м
26-12-010301-847,35.8 кв.м
26-12-010301-845,93.5 кв.м
26-12-010301-846,35.5 кв.м
26-12-010301-871,35.9 кв.м
26-12-010301-901,35.3 кв.м
26-12-010301-869,69.8 кв.м
26-12-010301-859,68.1 кв.м
26-12-010301-900,89.6 кв.м
26-12-010301-888,70.9 кв.м
26-12-010301-889,35.3 кв.м
26-12-010301-872,68 кв.м
26-12-010301-858,35.5 кв.м
26-12-010301-890,35.6 кв.м
26-12-010301-903,75.1 кв.м
26-12-010301-848,68.1 кв.м
26-12-010301-942,67.8 кв.м
26-12-010301-914,35.2 кв.м
26-12-010301-931,35.6 кв.м
26-12-010301-928,70.6 кв.м
26-12-010301-856,90 кв.м
26-12-010301-925,35.7 кв.м
26-12-010301-1876,32.6 кв.м
26-12-010301-913,70.6 кв.м
26-12-010301-258,4736.9 кв.м
26-12-010301-922,67.9 кв.м
26-12-010301-926,84.3 кв.м
26-12-010301-930,85.2 кв.м
26-12-010301-941,35.9 кв.м
26-12-010301-932,35.9 кв.м
26-12-010301-1875,43.9 кв.м
26-12-010301-924,35.3 кв.м
26-12-010301-939,69.4 кв.м
26-12-010301-1877,64.3 кв.м
26-12-010301-1874,43.7 кв.м
26-12-010301-910,72.7 кв.м
26-12-010301-1870,60.2 кв.м
26-12-010301-940,35.8 кв.м
26-12-010301-1873,63.7 кв.м
26-12-010301-915,38.1 кв.м
26-12-010301-1871,32.3 кв.м
26-12-010301-1884,33 кв.м
26-12-010301-1893,59.5 кв.м
26-12-010301-1966,32.3 кв.м
26-12-010301-1881,60.5 кв.м
26-12-010301-1879,59.6 кв.м
26-12-010301-1882,43.8 кв.м
26-12-010301-1885,59.5 кв.м
26-12-010301-1883,44.2 кв.м
26-12-010301-1878,32.5 кв.м
26-12-010301-1892,33.1 кв.м
26-12-010301-1889,60.2 кв.м
26-12-010301-1890,44.2 кв.м
26-12-010301-1880,64.1 кв.м
26-12-010301-1898,33.1 кв.м
26-12-010301-1887,60.1 кв.м
26-12-010301-1908,32.1 кв.м
26-12-010301-1894,33 кв.м
26-12-010301-1891,44.2 кв.м
26-12-010301-1886,32.8 кв.м
26-12-010301-1888,63.8 кв.м
26-12-010301-1909,59.9 кв.м
26-12-010301-1901,43.7 кв.м
26-12-010301-1895,60.3 кв.м
26-12-010301-1899,62.4 кв.м
26-12-010301-1896,63.2 кв.м
26-12-010301-1913,60.7 кв.м
26-12-010301-1916,33.1 кв.м
26-12-010301-1900,44.6 кв.м
26-12-010301-1897,59.3 кв.м
26-12-010301-1904,65.3 кв.м
26-12-010301-1905,60.7 кв.м
26-12-010301-1906,44 кв.м
26-12-010301-1907,43.9 кв.м
26-12-010301-1922,63.3 кв.м
26-12-010301-1902,32.2 кв.м
26-12-010301-1903,60 кв.м
26-12-010301-1917,59.9 кв.м
26-12-010301-1912,61 кв.м
26-12-010301-1915,43.8 кв.м
26-12-010301-1920,44 кв.м
26-12-010301-1923,43.8 кв.м
26-12-010301-1930,62.5 кв.м
26-12-010301-1910,32.2 кв.м
26-12-010301-1932,32.7 кв.м
26-12-010301-1914,45 кв.м
26-12-010301-1918,60.9 кв.м
26-12-010301-1911,61.9 кв.м
26-12-010301-1933,60.2 кв.м
26-12-010301-1924,32.1 кв.м
26-12-010301-1940,32.8 кв.м
26-12-010301-1919,33.1 кв.м
26-12-010301-1925,59.2 кв.м
26-12-010301-1948,32.8 кв.м
26-12-010301-1939,43.7 кв.м
26-12-010301-1928,44 кв.м
26-12-010301-1941,60.5 кв.м
26-12-010301-1926,61 кв.м
26-12-010301-1921,60.3 кв.м
26-12-010301-1938,67 кв.м
26-12-010301-1927,32.3 кв.м
26-12-010301-1946,60.1 кв.м
26-12-010301-1935,32.5 кв.м
26-12-010301-1936,44.4 кв.м
26-12-010301-1937,60.3 кв.м
26-12-010301-1931,44 кв.м
26-12-010301-1872,27.6 кв.м
26-12-010301-1934,61.1 кв.м
26-12-010301-1947,43.8 кв.м
26-12-010301-1949,63 кв.м
26-12-010301-1942,64 кв.м
26-12-010301-1943,32.5 кв.м
26-12-010301-1957,61.2 кв.м
26-12-010301-1944,44.5 кв.м
26-12-010301-1929,62.5 кв.м
26-12-010301-1945,60 кв.м
26-12-010301-3519,44.2 кв.м
26-12-010301-1954,61 кв.м
26-12-010301-3560,67.9 кв.м
26-12-010301-1953,60.3 кв.м
26-12-010301-1958,43.8 кв.м
26-12-010301-1961,32.6 кв.м
26-12-010301-1950,60.7 кв.м
26-12-010301-1959,60.5 кв.м
26-12-010301-1963,44 кв.м
26-12-010301-1951,32.7 кв.м
26-12-010301-1962,60.4 кв.м
26-12-010301-1960,61.1 кв.м
26-12-010301-1964,33.2 кв.м
26-12-010301-3562,40 кв.м
26-12-010301-3563,70.5 кв.м
26-12-010301-237,2191.8 кв.м
26-12-010301-3573,68.9 кв.м
26-12-010301-1965,60.4 кв.м
26-12-010301-3569,68.6 кв.м
26-12-010301-3568,68.3 кв.м
26-12-010301-3567,112.5 кв.м
26-12-010301-3565,68.8 кв.м
26-12-010301-3564,68.3 кв.м
26-12-010301-3566,89.9 кв.м
26-12-010301-3572,68.3 кв.м
26-12-010301-3571,112 кв.м
26-12-010301-1956,32.7 кв.м
26-12-010301-3570,89.8 кв.м
26-12-010301-3575,112.9 кв.м
26-12-010301-3579,113.1 кв.м
26-12-010301-3580,68.3 кв.м
26-12-010301-3583,91.2 кв.м
26-12-010301-3559,362.5 кв.м
26-12-010301-3577,68.9 кв.м
26-12-010301-3574,89.9 кв.м
26-12-010301-3592,69 кв.м
26-12-010301-3713,43.7 кв.м
26-12-010301-3578,89.8 кв.м
26-12-010301-245,2199.4 кв.м
26-12-010301-3584,41.7 кв.м
26-12-010301-3576,68.3 кв.м
26-12-010301-3587,68.3 кв.м
26-12-010301-1414,68.9 кв.м
26-12-010301-3593,90.8 кв.м
26-12-010301-1417,69.5 кв.м
26-12-010301-3561,95 кв.м
26-12-010301-3588,91.1 кв.м
26-12-010301-3594,112.6 кв.м
26-12-010301-3586,68.5 кв.м
26-12-010301-3591,67.6 кв.м
26-12-010301-3590,69.5 кв.м
26-12-010301-3589,42.1 кв.м
26-12-010301-1413,391 кв.м
26-12-010301-3597,112.8 кв.м
26-12-010301-1673,87 кв.м
26-12-010301-3600,91 кв.м
26-12-010301-3599,68.6 кв.м
26-12-010301-3596,68.7 кв.м
26-12-010301-3601,112.8 кв.м
26-12-010301-1429,90.5 кв.м
26-12-010301-3595,68.4 кв.м
26-12-010301-1435,68.5 кв.м
26-12-010301-3920,14.9 кв.м
26-12-010301-3922,20 кв.м
26-12-010301-3598,68.8 кв.м
26-12-010301-253,5939.3 кв.м
26-12-010301-3950,86.3 кв.м
26-12-010301-1681,90.4 кв.м
26-12-010301-1679,79.7 кв.м
26-12-010301-3921,17.4 кв.м
26-12-010301-3919,17.1 кв.м
26-12-010301-1680,43.1 кв.м
26-12-010301-1682,86.7 кв.м
26-12-010301-3949,105.5 кв.м
26-12-010301-3918,19 кв.м
26-12-010301-1690,80.6 кв.м
26-12-010301-1702,44 кв.м
26-12-010301-1691,43.7 кв.м
26-12-010301-3953,90.4 кв.м
26-12-010301-3915,15 кв.м
26-12-010301-3913,18.4 кв.м
26-12-010301-3916,15.9 кв.м
26-12-010301-3917,15.7 кв.м
26-12-010301-3914,18.3 кв.м
26-12-010301-1701,79.9 кв.м
26-12-010301-1692,90.5 кв.м
26-12-010301-3946,18.1 кв.м
26-12-010301-1712,79.3 кв.м
26-12-010301-1693,85.3 кв.м
26-12-010301-3942,20 кв.м
26-12-010301-3930,113.9 кв.м
26-12-010301-3947,17.7 кв.м
26-12-010301-1704,86.8 кв.м
26-12-010301-3943,20.2 кв.м
26-12-010301-3944,17.2 кв.м
26-12-010301-3938,14.6 кв.м
26-12-010301-3941,20.3 кв.м
26-12-010301-3945,14.7 кв.м
26-12-010301-3939,17 кв.м
26-12-010301-1675,96.7 кв.м
26-12-010301-3937,17.8 кв.м
26-12-010301-1683,80.8 кв.м
26-12-010301-1684,51.7 кв.м
26-12-010301-3940,19.3 кв.м
26-12-010301-1714,92.9 кв.м
26-12-010301-1685,94.8 кв.м
26-12-010301-3952,87.5 кв.м
26-12-010301-3935,18.3 кв.м
26-12-010301-3932,15.7 кв.м
26-12-010301-3933,14.8 кв.м
26-12-010301-1694,81.3 кв.м
26-12-010301-1696,98.4 кв.м
26-12-010301-1713,44.9 кв.м
26-12-010301-1695,51.7 кв.м
26-12-010301-3926,14.7 кв.м
26-12-010301-3936,17.8 кв.м
26-12-010301-3925,17.4 кв.м
26-12-010301-1706,50.4 кв.м
26-12-010301-3924,20.1 кв.м
26-12-010301-3934,18.5 кв.м
26-12-010301-1717,213 кв.м
26-12-010301-1707,98.4 кв.м
26-12-010301-3928,18.5 кв.м
26-12-010301-3929,16.1 кв.м
26-12-010301-1705,81.8 кв.м
26-12-010301-1710,45.4 кв.м
26-12-010301-1718,309.1 кв.м
26-12-010301-3927,17.2 кв.м
26-12-010301-1716,185.4 кв.м
26-12-010301-1676,106.9 кв.м
26-12-010301-1709,91.1 кв.м
26-12-010301-3931,87.1 кв.м
26-12-010301-1686,87.4 кв.м
26-12-010301-3948,87.6 кв.м
26-12-010301-1721,45.9 кв.м
26-12-010301-1698,91.1 кв.м
26-12-010301-1687,92.7 кв.м
26-12-010301-3951,87.8 кв.м
26-12-020504-732,5.3 кв.м
26-12-010301-1689,78.6 кв.м
26-12-010301-1720,90.6 кв.м
26-12-010301-1711,79.5 кв.м
26-12-010301-1722,79.5 кв.м
26-12-010301-3923,20.1 кв.м
26-12-010301-1697,88.8 кв.м
26-12-010301-1699,45.3 кв.м
26-12-010301-1688,46.1 кв.м
26-12-010301-1708,88.2 кв.м
26-12-010402-2483,55.8 кв.м
26-12-021304-1731,27.6 кв.м
26-12-010301-3450,20 кв.м
26-12-020504-733,6.1 кв.м
26-12-020506-352,197.9 кв.м
26-12-020504-538,86 кв.м
26-12-010301-1700,79 кв.м
26-12-021304-424,53.3 кв.м
26-12-021304-1732,16.8 кв.м
26-12-020504-680,32.8 кв.м
26-12-020504-679,53.2 кв.м
26-12-021304-427,33.2 кв.м
26-12-010402-2488,10.6 кв.м
26-12-021302-1423,33.4 кв.м
26-12-021304-425,76.6 кв.м
26-12-010402-2538,26.6 кв.м
26-12-021304-1527,10.5 кв.м
26-12-021304-273,361.8 кв.м
26-12-021304-430,48.6 кв.м
26-12-010402-2508,9.8 кв.м
26-12-021304-432,57.1 кв.м
26-12-021304-428,32.9 кв.м
26-12-021304-429,32.3 кв.м
26-12-021304-426,38.8 кв.м
26-12-010402-2507,10.4 кв.м
26-12-021304-433,82.4 кв.м
26-12-021304-431,46.1 кв.м
26-12-021304-441,35.5 кв.м
26-12-021304-435,39.1 кв.м
26-12-021304-437,53.4 кв.м
26-12-021304-434,53 кв.м
26-12-021304-436,56.9 кв.м
26-12-021304-438,36.6 кв.м
26-12-021304-440,56.3 кв.м
26-12-021304-439,52 кв.м
26-12-021304-442,57.9 кв.м
26-12-021304-449,37 кв.м
26-12-021304-444,35.4 кв.м
26-12-021304-445,52.8 кв.м
26-12-021304-457,52.4 кв.м
26-12-021304-443,53.8 кв.м
26-12-021304-456,53.1 кв.м
26-12-021304-463,59.9 кв.м
26-12-021304-452,39.3 кв.м
26-12-021304-448,52.5 кв.м
26-12-021304-462,63.5 кв.м
26-12-021304-451,51.6 кв.м
26-12-021304-455,36.7 кв.м
26-12-021304-446,57.6 кв.м
26-12-021304-454,51.1 кв.м
26-12-021304-450,53 кв.м
26-12-021304-453,53.2 кв.м
26-12-021304-458,35.9 кв.м
26-12-021304-447,71.8 кв.м
26-12-021304-459,53.6 кв.м
26-12-021304-460,59.7 кв.м
26-12-021304-465,40.4 кв.м
26-12-021304-475,58.5 кв.м
26-12-021304-461,39.6 кв.м
26-12-021304-464,68 кв.м
26-12-021304-471,57.9 кв.м
26-12-021304-466,66.6 кв.м
26-12-021304-482,59.6 кв.м
26-12-021304-468,68.8 кв.м
26-12-021304-480,43.8 кв.м
26-12-021304-470,63.4 кв.м
26-12-021304-469,39.5 кв.м
26-12-021304-474,62.7 кв.м
26-12-021304-476,68.8 кв.м
26-12-021304-473,39.7 кв.м
26-12-021304-477,38.8 кв.м
26-12-021304-467,58.4 кв.м
26-12-021304-472,69.7 кв.м
26-12-021304-481,77.7 кв.м
26-12-021304-478,67.5 кв.м
26-12-021304-487,77.4 кв.м
26-12-021304-484,58.3 кв.м
26-12-021304-483,77.5 кв.м
26-12-021304-490,90.1 кв.м
26-12-021304-479,67.5 кв.м
26-12-021304-492,70.6 кв.м
26-12-021304-485,77.4 кв.м
26-12-010402-2458,77.4 кв.м
26-12-021304-491,38.1 кв.м
26-12-021304-486,57.6 кв.м
26-12-021304-488,57.4 кв.м
26-12-021304-493,37 кв.м
26-12-021304-494,51.4 кв.м
26-12-021304-495,70.2 кв.м
26-12-021304-510,35.6 кв.м
26-12-021304-500,51.3 кв.м
26-12-021304-503,51.3 кв.м
26-12-021304-506,51.1 кв.м
26-12-021304-497,50.9 кв.м
26-12-021304-519,72.2 кв.м
26-12-021304-514,53.1 кв.м
26-12-021304-515,51.6 кв.м
26-12-021304-513,36.1 кв.м
26-12-021304-498,70.7 кв.м
26-12-021304-826,52.3 кв.м
26-12-021304-520,53.3 кв.м
26-12-021304-516,36 кв.м
26-12-021304-499,37.2 кв.м
26-12-021304-505,55.1 кв.м
26-12-021304-517,54.7 кв.м
26-12-021304-501,70.1 кв.м
26-12-021304-507,37.9 кв.м
26-12-021304-508,53.6 кв.м
26-12-021304-527,51.4 кв.м
26-12-021304-509,51.4 кв.м
26-12-021304-496,35.7 кв.м
26-12-021304-504,71 кв.м
26-12-021304-512,55.3 кв.м
26-12-021304-528,52.7 кв.м
26-12-021304-502,36.8 кв.м
26-12-021304-524,38.6 кв.м
26-12-021304-518,54.6 кв.м
26-12-021304-526,36.3 кв.м
26-12-021304-523,53.1 кв.м
26-12-021304-522,51.4 кв.м
26-12-021304-521,36.4 кв.м
26-12-021304-529,38.5 кв.м
26-12-021304-530,57.5 кв.м
26-12-021304-542,38.3 кв.м
26-12-021304-532,59.3 кв.м
26-12-021304-536,36.6 кв.м
26-12-021304-525,53.3 кв.м
26-12-021304-537,53.8 кв.м
26-12-021304-538,52 кв.м
26-12-021304-1709,17.4 кв.м
26-12-021304-534,53.4 кв.м
26-12-021304-531,72.9 кв.м
26-12-021304-533,89 кв.м
26-12-021304-535,113.8 кв.м
26-12-021304-539,36.5 кв.м
26-12-021304-543,51.4 кв.м
26-12-021304-540,54.3 кв.м
26-12-021304-585,85.3 кв.м
26-12-021304-593,68.4 кв.м
26-12-021304-589,67.2 кв.м
26-12-021304-588,85.4 кв.м
26-12-021304-541,51.5 кв.м
26-12-021304-277,6775.5 кв.м
26-12-021304-592,67.1 кв.м
26-12-021304-597,85.3 кв.м
26-12-021304-591,87 кв.м
26-12-021304-594,85.6 кв.м
26-12-021304-586,67.4 кв.м
26-12-021304-584,66.6 кв.м
26-12-021304-590,67.1 кв.м
26-12-021304-598,66.9 кв.м
26-12-021304-611,65.5 кв.м
26-12-021304-587,66.7 кв.м
26-12-021304-596,67.4 кв.м
26-12-021304-595,67 кв.м
26-12-021304-582,84.7 кв.м
26-12-021304-599,66.5 кв.м
26-12-021304-583,67.5 кв.м
26-12-021304-608,66.7 кв.м
26-12-021304-602,65.7 кв.м
26-12-021304-607,67.1 кв.м
26-12-021304-606,85.2 кв.м
26-12-021304-609,88.4 кв.м
26-12-021304-616,34.9 кв.м
26-12-021304-615,64.4 кв.м
26-12-021304-613,34.6 кв.м
26-12-021304-612,64.3 кв.м
26-12-021304-610,66.9 кв.м
26-12-021304-605,66.6 кв.м
26-12-021304-601,67.2 кв.м
26-12-021304-600,87.7 кв.м
26-12-021304-603,85.1 кв.м
26-12-021304-604,67.5 кв.м
26-12-021304-620,36.3 кв.м
26-12-021304-618,90.7 кв.м
26-12-021304-617,51.4 кв.м
26-12-021304-619,64.1 кв.м
26-12-021304-622,64.3 кв.м
26-12-021304-614,128.7 кв.м
26-12-021304-581,50.8 кв.м
26-12-021304-627,34.9 кв.м
26-12-021304-626,64.3 кв.м
26-12-021304-621,90.6 кв.м
26-12-021304-636,51.6 кв.м
26-12-021304-635,35.6 кв.м
26-12-021304-628,52 кв.м
26-12-021304-623,35.3 кв.м
26-12-021304-634,98.1 кв.м
26-12-021304-625,89.9 кв.м
26-12-021304-629,94.8 кв.м
26-12-021304-624,50.9 кв.м
26-12-021304-639,51.8 кв.м
26-12-021304-632,51.1 кв.м
26-12-021304-633,64.8 кв.м
26-12-021304-817,34 кв.м
26-12-021304-580,65.4 кв.м
26-12-021304-643,51.5 кв.м
26-12-021304-630,91.6 кв.м
26-12-021304-631,35 кв.м
26-12-021304-818,88 кв.м
26-12-021304-645,91.6 кв.м
26-12-021304-638,35.6 кв.м
26-12-021304-649,65.2 кв.м
26-12-021304-637,91.3 кв.м
26-12-021304-650,36 кв.м
26-12-021304-646,36.2 кв.м
26-12-021304-640,65.4 кв.м
26-12-021304-644,64.8 кв.м
26-12-021304-648,64.8 кв.м
26-12-021304-651,51 кв.м
26-12-021304-647,51.3 кв.м
26-12-021304-655,51 кв.м
26-12-021304-653,64.7 кв.м
26-12-021304-662,35.4 кв.м
26-12-021304-652,64.5 кв.м
26-12-021304-656,66.3 кв.м
26-12-021304-657,66.9 кв.м
26-12-021304-671,65.9 кв.м
26-12-021304-658,37.8 кв.м
26-12-021304-659,52.1 кв.м
26-12-021304-654,34.7 кв.м
26-12-021304-669,35.8 кв.м
26-12-021304-660,65.9 кв.м
26-12-021304-661,67.2 кв.м
26-12-021304-664,64.4 кв.м
26-12-021304-665,64.9 кв.м
26-12-021304-663,51.6 кв.м
26-12-021304-666,35.6 кв.м
26-12-021304-670,52.3 кв.м
26-12-021304-579,66.4 кв.м
26-12-021304-668,65.3 кв.м
26-12-021304-667,51.8 кв.м
26-12-021304-680,65.4 кв.м
26-12-021304-672,66.5 кв.м
26-12-021304-676,66.1 кв.м
26-12-021304-684,65.8 кв.м
26-12-021304-674,51 кв.м
26-12-021304-678,52 кв.м
26-12-021304-774,51.1 кв.м
26-12-021304-679,65.9 кв.м
26-12-021304-683,66 кв.м
26-12-021304-675,66.5 кв.м
26-12-021304-795,51.4 кв.м
26-12-021304-677,35.1 кв.м
26-12-021304-673,35.4 кв.м
26-12-021304-682,51.3 кв.м
26-12-021304-816,33.3 кв.м
26-12-021304-808,33.8 кв.м
26-12-021304-775,35.7 кв.м
26-12-021304-283,3829.2 кв.м
26-12-021304-807,50.3 кв.м
26-12-021304-780,64.4 кв.м
26-12-021304-685,35.4 кв.м
26-12-021304-797,65.7 кв.м
26-12-021304-776,63.9 кв.м
26-12-021304-809,64.5 кв.м
26-12-021304-794,64.4 кв.м
26-12-021304-755,47.4 кв.м
26-12-021304-796,35.6 кв.м
26-12-021304-687,66.5 кв.м
26-12-021304-806,65.1 кв.м
26-12-021304-686,51.2 кв.м
26-12-021304-764,64 кв.м
26-12-021304-805,35.5 кв.м
26-12-021304-812,45.5 кв.м
26-12-021304-793,65.6 кв.м
26-12-021304-792,50 кв.м
26-12-021304-803,63.5 кв.м
26-12-021304-769,116.7 кв.м
26-12-021304-802,65 кв.м
26-12-021304-790,64.3 кв.м
26-12-021304-753,108.5 кв.м
26-12-021304-765,35.3 кв.м
26-12-021304-778,35.8 кв.м
26-12-021304-754,64 кв.м
26-12-021304-759,102.6 кв.м
26-12-021304-777,50.4 кв.м
26-12-021304-791,34.2 кв.м
26-12-021304-767,34.3 кв.м
26-12-021304-804,51.4 кв.м
26-12-021304-758,103.5 кв.м
26-12-021304-768,65.3 кв.м
26-12-021304-819,54.3 кв.м
26-12-021304-757,49.4 кв.м
26-12-021304-766,63.6 кв.м
26-12-021304-779,64.7 кв.м
26-12-021304-813,46.4 кв.м
26-12-021304-761,104.1 кв.м
26-12-021304-756,63.6 кв.м
26-12-021304-751,61.8 кв.м
26-12-021304-798,65.5 кв.м
26-12-021304-789,65.7 кв.м
26-12-021304-763,126.7 кв.м
26-12-021304-782,63.9 кв.м
26-12-021304-799,49.6 кв.м
26-12-021304-800,35.4 кв.м
26-12-021304-786,64.2 кв.м
26-12-021304-783,63.6 кв.м
26-12-021304-788,36.3 кв.м
26-12-021304-770,34.2 кв.м
26-12-021304-781,35.2 кв.м
26-12-021304-787,51.4 кв.м
26-12-021304-784,63.4 кв.м
26-12-021304-762,103.7 кв.м
26-12-021304-750,63.9 кв.м
26-12-021304-801,66.7 кв.м
26-12-021304-785,50.5 кв.м
26-12-021304-752,47.3 кв.м
26-12-021304-556,63.4 кв.м
26-12-021304-760,104.4 кв.м
26-12-021304-772,50.9 кв.м
26-12-021304-546,62.4 кв.м
26-12-021304-548,55.3 кв.м
26-12-021304-811,63.2 кв.м
26-12-021304-771,65.4 кв.м
26-12-021304-276,1728.6 кв.м
26-12-021304-810,46.4 кв.м
26-12-021304-550,61.6 кв.м
26-12-021304-551,34 кв.м
26-12-021304-545,58.9 кв.м
26-12-021304-557,59.8 кв.м
26-12-021304-553,59.8 кв.м
26-12-021304-547,34.5 кв.м
26-12-021304-554,61.8 кв.м
26-12-021304-563,34.3 кв.м
26-12-021304-555,37.2 кв.м
26-12-021304-549,60.5 кв.м
26-12-021304-552,62.4 кв.м
26-12-021304-558,59.7 кв.м
26-12-021304-560,63.1 кв.м
26-12-021304-564,62.8 кв.м
26-12-021304-559,35 кв.м
26-12-021304-565,68.3 кв.м
26-12-021304-562,60.8 кв.м
26-12-021304-570,53.6 кв.м
26-12-021304-561,58.8 кв.м
26-12-021304-567,51.6 кв.м
26-12-021304-566,53.5 кв.м
26-12-021304-572,50.9 кв.м
26-12-021304-569,50.2 кв.м
26-12-021304-568,32.5 кв.м
26-12-021304-288,158.3 кв.м
26-12-021304-964,36.7 кв.м
26-12-021304-575,50.8 кв.м
26-12-021304-577,34.9 кв.м
26-12-021304-574,35.6 кв.м
26-12-021304-576,50.7 кв.м
26-12-021304-573,51.1 кв.м
26-12-021304-1513,79.9 кв.м
26-12-021304-1728,79.9 кв.м
26-12-021304-822,36 кв.м
26-12-010402-2468,36.1 кв.м
26-12-021304-571,33.3 кв.м
26-12-021304-1701,40 кв.м
26-12-021304-1698,79.7 кв.м
26-12-021304-963,40.2 кв.м
26-12-021304-965,79.8 кв.м
26-12-021304-1695,36 кв.м
26-12-021304-1538,61.3 кв.м
26-12-021304-955,40.7 кв.м
26-12-021304-959,40.5 кв.м
26-12-021304-962,60 кв.м
26-12-021304-578,50.7 кв.м
26-12-021304-958,59.7 кв.м
26-12-021304-1714,59.5 кв.м
26-12-021304-1717,61.3 кв.м
26-12-010402-2490,59.8 кв.м
26-12-021304-1703,80.2 кв.м
26-12-021304-1697,40.4 кв.м
26-12-021304-1700,36.3 кв.м
26-12-021304-945,53.7 кв.м
26-12-021304-952,36.3 кв.м
26-12-010402-2467,40.6 кв.м
26-12-021304-946,61.2 кв.м
26-12-021304-950,80.2 кв.м
26-12-021304-1724,54.2 кв.м
26-12-021304-947,59.3 кв.м
26-12-021304-1702,59.2 кв.м
26-12-021304-943,61 кв.м
26-12-021304-1715,59.2 кв.м
26-12-010402-2475,54.4 кв.м
26-12-010402-2489,58.9 кв.м
26-12-021304-1725,59.1 кв.м
26-12-021304-821,53.7 кв.м
26-12-021304-1704,70.5 кв.м
26-12-021304-938,60.9 кв.м
26-12-021304-935,60.7 кв.м
26-12-021304-937,54.4 кв.м
26-12-021304-1705,80.1 кв.м
26-12-021304-1722,59.5 кв.м
26-12-021304-926,70.3 кв.м
26-12-021304-934,54.3 кв.м
26-12-021304-1708,41.5 кв.м
26-12-021304-1707,79.8 кв.м
26-12-021304-1696,70.7 кв.м
26-12-021304-1699,58.8 кв.м
26-12-021304-1716,80.1 кв.м
26-12-021304-927,42 кв.м
26-12-021304-928,70.4 кв.м
26-12-021304-925,41.8 кв.м
26-12-021304-931,43.5 кв.м
26-12-021304-1723,113 кв.м
26-12-021304-1706,80.1 кв.м
26-12-021304-908,70.5 кв.м
26-12-021304-924,82.5 кв.м
26-12-021304-921,45.4 кв.м
26-12-021304-922,80.2 кв.м
26-12-021304-940,60.8 кв.м
26-12-021304-920,59.1 кв.м
26-12-021304-889,64.5 кв.м
26-12-021304-897,85.6 кв.м
26-12-021304-882,64.9 кв.м
26-12-021304-912,64.3 кв.м
26-12-021304-916,61.7 кв.м
26-12-021304-905,80.7 кв.м
26-12-021304-923,41.6 кв.м
26-12-021304-904,36 кв.м
26-12-021304-907,85.8 кв.м
26-12-021304-919,84.9 кв.м
26-12-021304-915,62.9 кв.м
26-12-021304-883,62.7 кв.м
26-12-021304-918,61.4 кв.м
26-12-021304-903,40.3 кв.м
26-12-021304-910,62.6 кв.м
26-12-021304-914,84.8 кв.м
26-12-021304-877,85.4 кв.м
26-12-021304-917,64.5 кв.м
26-12-021304-884,87.4 кв.м
26-12-021304-913,62 кв.м
26-12-021304-902,59.5 кв.м
26-12-021304-911,84.8 кв.м
26-12-021304-875,84.2 кв.м
26-12-021304-876,49.8 кв.м
26-12-021304-900,36.1 кв.м
26-12-021304-890,59.7 кв.м
26-12-021304-895,35.5 кв.м
26-12-021304-892,36.4 кв.м
26-12-021304-901,78.1 кв.м
26-12-021304-894,40.2 кв.м
26-12-021304-1649,78.6 кв.м
26-12-021304-898,60 кв.м
26-12-021304-899,40.5 кв.м
26-12-021304-893,60 кв.м
26-12-021304-887,35.9 кв.м
26-12-021304-891,39.4 кв.м
26-12-021304-896,79.1 кв.м
26-12-021304-879,39.8 кв.м
26-12-021304-888,78 кв.м
26-12-021304-885,59.9 кв.м
26-12-021304-886,40 кв.м
26-12-021304-693,61 кв.м
26-12-021304-872,103 кв.м
26-12-021304-878,60.7 кв.м
26-12-021304-881,79 кв.м
26-12-021304-873,35.7 кв.м
26-12-021304-874,77.5 кв.м
26-12-021304-957,81.6 кв.м
26-12-021304-880,36.1 кв.м
26-12-021304-1812,137 кв.м
26-12-021304-688,37.5 кв.м
26-12-021304-697,79.7 кв.м
26-12-021304-692,38.7 кв.м
26-12-021304-715,38.6 кв.м
26-12-021304-710,38.4 кв.м
26-12-021304-723,140.9 кв.м
26-12-021304-721,37.5 кв.м
26-12-021304-701,50.2 кв.м
26-12-021304-698,38.8 кв.м
26-12-021304-702,62.1 кв.м
26-12-021304-716,61.7 кв.м
26-12-021304-691,57.8 кв.м
26-12-021304-278,2117.9 кв.м
26-12-021304-722,65.2 кв.м
26-12-021304-700,63.5 кв.м
26-12-021304-728,66 кв.м
26-12-021304-713,54.5 кв.м
26-12-021304-718,62.4 кв.м
26-12-021304-690,57 кв.м
26-12-021304-708,59.3 кв.м
26-12-021304-724,82.6 кв.м
26-12-021304-730,79.4 кв.м
26-12-021304-727,63.5 кв.м
26-12-021304-725,45.1 кв.м
26-12-021304-720,81.1 кв.м
26-12-021304-726,81.6 кв.м
26-12-021304-719,36.1 кв.м
26-12-021304-729,86.8 кв.м
26-12-010402-2492,40.7 кв.м
26-12-021304-731,45.9 кв.м
26-12-021304-734,66.2 кв.м
26-12-021304-736,63.4 кв.м
26-12-021304-732,82.1 кв.м
26-12-021304-735,85.6 кв.м
26-12-021304-733,58.1 кв.м
26-12-010402-2511,124.6 кв.м
26-12-021304-737,66.2 кв.м
26-12-021304-739,79.3 кв.м
26-12-021304-741,82.7 кв.м
26-12-021304-1184,97.1 кв.м
26-12-021304-738,88.4 кв.м
26-12-010402-2477,44.7 кв.м
26-12-010402-2491,122.8 кв.м
26-12-021304-1183,58.1 кв.м
26-12-021304-1185,39.5 кв.м
26-12-021304-740,45.9 кв.м
26-12-021304-1175,57.5 кв.м
26-12-021304-1180,39.3 кв.м
26-12-021304-300,1709.7 кв.м
26-12-021304-1191,50 кв.м
26-12-021304-1182,50.4 кв.м
26-12-021304-1181,42.5 кв.м
26-12-021304-1192,42.1 кв.м
26-12-021304-1177,58.2 кв.м
26-12-010402-2493,50.7 кв.м
26-12-021304-1179,57.9 кв.м
26-12-021304-1174,73.6 кв.м
26-12-021304-1178,38.8 кв.м
26-12-021304-297,1749.8 кв.м
26-12-021304-1196,38.8 кв.м
26-12-021304-1176,105.1 кв.м
26-12-021304-1198,41.9 кв.м
26-12-021304-968,35.1 кв.м
26-12-021304-1816,58.4 кв.м
26-12-021304-1667,61.7 кв.м
26-12-021304-1199,38.7 кв.м
26-12-021304-974,60.9 кв.м
26-12-021304-976,63.2 кв.м
26-12-021304-966,60.3 кв.м
26-12-021304-993,62.7 кв.м
26-12-021304-969,52.4 кв.м
26-12-021304-986,60.5 кв.м
26-12-021304-975,38.4 кв.м
26-12-021304-977,51.2 кв.м
26-12-021304-973,60.4 кв.м
26-12-021304-981,63.8 кв.м
26-12-021304-989,62.1 кв.м
26-12-021304-982,35.8 кв.м
26-12-021304-971,68.1 кв.м
26-12-021304-994,60.7 кв.м
26-12-021304-967,60.6 кв.м
26-12-021304-996,62 кв.м
26-12-021304-980,64.3 кв.м
26-12-021304-988,36.3 кв.м
26-12-021304-995,36.3 кв.м
26-12-021304-983,67.8 кв.м
26-12-021304-987,60.7 кв.м
26-12-021304-997,51.1 кв.м
26-12-021304-998,33.6 кв.м
26-12-021304-978,32.9 кв.м
26-12-021304-970,74.8 кв.м
26-12-021304-990,55.1 кв.м
26-12-021304-984,51.3 кв.м
26-12-021304-992,53.7 кв.м
26-12-021304-972,54.2 кв.м
26-12-021304-991,36.7 кв.м
26-12-010402-2469,62.9 кв.м
26-12-021304-985,33.3 кв.м
26-12-021304-999,51.5 кв.м
26-12-013401-175,59.6 кв.м
26-12-021304-979,51.3 кв.м
26-12-013401-160,59.7 кв.м
26-12-010402-2484,60 кв.м
26-12-010402-2480,35.7 кв.м
26-12-010402-2481,47.7 кв.м
26-12-013401-138,1740.9 кв.м
26-12-021304-1718,59.7 кв.м
26-12-010402-2463,34.5 кв.м
26-12-010402-2514,60.1 кв.м
26-12-013401-159,62.2 кв.м
26-12-010402-2470,35.4 кв.м
26-12-013401-167,60.1 кв.м
26-12-010402-2465,61.5 кв.м
26-12-013401-166,68.3 кв.м
26-12-010402-2479,40.4 кв.м
26-12-013401-182,59.5 кв.м
26-12-021304-1246,36.8 кв.м
26-12-021304-1275,32.5 кв.м
26-12-010402-2471,59 кв.м
26-12-010402-2513,51.2 кв.м
26-12-013401-173,62.2 кв.м
26-12-013401-180,62 кв.м
26-12-013401-171,33 кв.м
26-12-021304-1726,51.4 кв.м
26-12-013401-181,59.2 кв.м
26-12-010402-2478,35.2 кв.м
26-12-010402-2486,52.6 кв.м
26-12-021304-1692,51.5 кв.м
26-12-010402-2464,53.9 кв.м
26-12-021304-1241,58.4 кв.м
26-12-021304-1690,32.5 кв.м
26-12-021304-304,62.9 кв.м
26-12-021304-1734,71.1 кв.м
26-12-010402-2495,50.8 кв.м
26-12-010402-2494,37.3 кв.м
26-12-021304-1250,36.1 кв.м
26-12-021304-1712,52.4 кв.м
26-12-010402-2485,52.6 кв.м
26-12-021304-1251,62.6 кв.м
26-12-021304-1243,47.6 кв.м
26-12-021304-1245,60.1 кв.м
26-12-021304-1255,63.3 кв.м
26-12-021304-1242,36.3 кв.м
26-12-021304-1244,59.6 кв.м
26-12-021304-1248,57.6 кв.м
26-12-021304-1253,61.1 кв.м
26-12-021304-1260,70.6 кв.м
26-12-021304-1262,51.2 кв.м
26-12-021304-1273,60.5 кв.м
26-12-021304-1247,62.9 кв.м
26-12-021304-1249,60.1 кв.м
26-12-021304-1254,36.2 кв.м
26-12-021304-1263,32.6 кв.м
26-12-021304-1257,64 кв.м
26-12-021304-1258,36.5 кв.м
26-12-021304-1261,53.3 кв.м
26-12-021304-1271,40.3 кв.м
26-12-021304-1259,59.4 кв.м
26-12-021304-1264,49.9 кв.м
26-12-021304-1252,58.1 кв.м
26-12-021304-1256,58.2 кв.м
26-12-021303-634,53.8 кв.м
26-12-021304-1265,50.7 кв.м
26-12-021303-480,100.9 кв.м
26-12-021304-1268,34 кв.м
26-12-021304-1266,32.9 кв.м
26-12-021304-280,170.7 кв.м
26-12-021304-1272,48.6 кв.м
26-12-021304-1270,54.6 кв.м
26-12-021304-1274,50 кв.м
26-12-021304-1730,41.5 кв.м
26-12-021304-1711,27.5 кв.м
26-12-021304-1269,49.8 кв.м
26-12-021304-1267,54 кв.м
26-12-021303-633,47.1 кв.м
26-12-021304-1710,33.4 кв.м
26-12-021304-1689,33 кв.м
26-12-021304-1277,41 кв.м
26-12-021304-1720,38.8 кв.м
26-12-021304-284,66 кв.м
26-12-021304-1276,65.6 кв.м
26-12-021304-1523,33.4 кв.м
26-12-021304-747,33.3 кв.м
26-12-021304-281,83.7 кв.м
26-12-021304-1522,66.8 кв.м
26-12-021304-815,33 кв.м
26-12-021304-814,33 кв.м
26-12-021304-307,106.6 кв.м
26-12-021304-749,32.2 кв.м
26-12-021304-746,50.4 кв.м
26-12-021304-1002,60.8 кв.м
26-12-021304-1012,79.9 кв.м
26-12-021304-1003,50.7 кв.м
26-12-021304-282,64.4 кв.м
26-12-021304-298,10754.6 кв.м
26-12-021304-1000,79.8 кв.м
26-12-021304-1015,61.6 кв.м
26-12-021304-748,32.2 кв.м
26-12-021304-1001,39.7 кв.м
26-12-021304-1039,61.2 кв.м
26-12-021304-1013,40.1 кв.м
26-12-021304-1023,80.1 кв.м
26-12-021304-1049,79.9 кв.м
26-12-021304-1050,39.9 кв.м
26-12-021304-1037,39.8 кв.м
26-12-021304-1038,60.1 кв.м
26-12-021304-1051,60 кв.м
26-12-021304-1026,61.3 кв.м
26-12-021304-1036,80.3 кв.м
26-12-021304-1064,60.2 кв.м
26-12-021304-1025,60.4 кв.м
26-12-021304-1062,80.3 кв.м
26-12-021304-1014,60.7 кв.м
26-12-021304-1103,61 кв.м
26-12-021304-1063,40 кв.м
26-12-021304-1077,60.7 кв.м
26-12-021304-1089,60.7 кв.м
26-12-021304-1076,39.9 кв.м
26-12-021304-1065,61.2 кв.м
26-12-021304-1024,39.7 кв.м
26-12-021304-1052,61.4 кв.м
26-12-021304-1090,61.3 кв.м
26-12-021304-1088,39.5 кв.м
26-12-021304-1115,60.7 кв.м
26-12-021304-1078,61.1 кв.м
26-12-021304-1075,80 кв.м
26-12-021304-1116,61.8 кв.м
26-12-021304-1087,80.6 кв.м
26-12-021304-1004,50.3 кв.м
26-12-021304-1100,80 кв.м
26-12-021304-1113,80.2 кв.м
26-12-021304-1102,60.9 кв.м
26-12-021304-1017,60.7 кв.м
26-12-021304-1030,80.2 кв.м
26-12-021304-1101,39.8 кв.м
26-12-021304-1006,39.6 кв.м
26-12-021304-1029,39.4 кв.м
26-12-021304-1053,61.6 кв.м
26-12-021304-1114,39.9 кв.м
26-12-021304-1028,60.5 кв.м
26-12-021304-1018,80.5 кв.м
26-12-021304-1041,60.3 кв.м
26-12-021304-1756,80.5 кв.м
26-12-021304-1007,79.8 кв.м
26-12-021304-1027,61.6 кв.м
26-12-021304-1005,60.6 кв.м
26-12-021304-1016,61.6 кв.м
26-12-021304-1055,39.8 кв.м
26-12-021304-1040,61.5 кв.м
26-12-021304-1054,60.5 кв.м
26-12-021304-1043,80.3 кв.м
26-12-021304-1042,39.5 кв.м
26-12-021304-1068,39.8 кв.м
26-12-021304-1056,80.3 кв.м
26-12-021304-1066,61.6 кв.м
26-12-021304-1069,80 кв.м
26-12-021304-1081,80.5 кв.м
26-12-021304-1117,61.4 кв.м
26-12-021304-1104,60.4 кв.м
26-12-021304-1105,60.7 кв.м
26-12-021304-1079,61 кв.м
26-12-021304-1094,80.7 кв.м
26-12-021304-1067,60.3 кв.м
26-12-021304-1080,60.6 кв.м
26-12-021304-1758,39.7 кв.м
26-12-021304-1106,39.5 кв.м
26-12-021304-1092,60.5 кв.м
26-12-021304-1091,60.6 кв.м
26-12-021304-1093,39.5 кв.м
26-12-021304-1118,60.7 кв.м
26-12-021304-1020,55.6 кв.м
26-12-021304-1120,80.5 кв.м
26-12-021304-1119,39.8 кв.м
26-12-021304-1107,80.5 кв.м
26-12-021304-1009,55.7 кв.м
26-12-021304-1031,53.1 кв.м
26-12-021304-1033,39.3 кв.м
26-12-021304-1022,87.6 кв.м
26-12-021304-1032,55.7 кв.м
26-12-021304-1010,39.6 кв.м
26-12-021304-1046,39.3 кв.м
26-12-021304-1008,53.4 кв.м
26-12-021304-1011,74.4 кв.м
26-12-021304-1019,53.3 кв.м
26-12-021304-1035,87.7 кв.м
26-12-021304-1045,55.1 кв.м
26-12-021304-1057,53 кв.м
26-12-021304-1061,87.9 кв.м
26-12-021304-1764,39.6 кв.м
26-12-021304-1058,55.5 кв.м
26-12-021304-1034,43.3 кв.м
26-12-021304-1044,58.2 кв.м
26-12-021304-1060,43.1 кв.м
26-12-021304-1070,52.9 кв.м
26-12-021304-1059,39.5 кв.м
26-12-021304-1071,55.4 кв.м
26-12-021304-1073,43.5 кв.м
26-12-021304-1048,87.5 кв.м
26-12-021304-1047,43.4 кв.м
26-12-021304-1084,39.3 кв.м
26-12-021304-1072,39.4 кв.м
26-12-021304-1074,87.2 кв.м
26-12-021304-1095,53.6 кв.м
26-12-021304-1097,39.5 кв.м
26-12-021304-1082,53.3 кв.м
26-12-021304-1086,87.4 кв.м
26-12-021304-1096,55.1 кв.м
26-12-021304-1109,56 кв.м
26-12-021304-1098,42.8 кв.м
26-12-021304-1085,43.3 кв.м
26-12-021304-1083,55.5 кв.м
26-12-021304-1121,60.2 кв.м
26-12-021304-1108,53.5 кв.м
26-12-021304-1110,39.4 кв.м
26-12-021304-1111,43.1 кв.м
26-12-021304-1099,87.1 кв.м
26-12-021304-1122,55.8 кв.м
26-12-021304-1748,31.6 кв.м
26-12-021304-1749,43.6 кв.м
26-12-021304-1112,87.7 кв.м
26-12-021304-1124,43.7 кв.м
26-12-021304-1747,29.2 кв.м
26-12-021304-1123,39.4 кв.м
26-12-021304-1125,87.8 кв.м
26-12-021304-1746,42.1 кв.м
26-12-021304-1750,64.4 кв.м
26-12-021304-1743,31.6 кв.м
26-12-021304-1740,45.6 кв.м
26-12-021304-1737,38.6 кв.м
26-12-021304-1742,42.7 кв.м
26-12-021304-1021,43.5 кв.м
26-12-021304-1741,33.7 кв.м
26-12-021304-1744,30.5 кв.м
26-12-021304-1745,42.7 кв.м
26-12-021304-1201,39.8 кв.м
26-12-021304-1761,90.7 кв.м
26-12-021304-302,3429.5 кв.м
26-12-021304-1739,69.2 кв.м
26-12-021304-1200,81 кв.м
26-12-021304-1509,48 кв.м
26-12-021304-1206,60.8 кв.м
26-12-021304-1209,39.9 кв.м
26-12-021304-1204,80.7 кв.м
26-12-021304-1212,81 кв.м
26-12-021304-1203,50.7 кв.м
26-12-021304-1202,61.5 кв.м
26-12-021304-1207,62.3 кв.м
26-12-021304-1213,40 кв.м
26-12-021304-1788,3.4 кв.м
26-12-021304-1208,80.4 кв.м
26-12-021304-1205,40 кв.м
26-12-021304-1210,61.1 кв.м
26-12-021304-1218,61.2 кв.м
26-12-021304-1216,86.7 кв.м
26-12-021304-1219,61.9 кв.м
26-12-021304-1215,61.8 кв.м
26-12-021304-1220,80.9 кв.м
26-12-010402-2787,61.6 кв.м
26-12-021304-1214,61.2 кв.м
26-12-021304-1787,5.1 кв.м
26-12-021304-1225,60.6 кв.м
26-12-021304-1222,61.3 кв.м
26-12-021304-1217,40 кв.м
26-12-021304-1783,5.1 кв.м
26-12-021304-1224,81.2 кв.м
26-12-021304-1223,61.9 кв.м
26-12-021304-1782,5.1 кв.м
26-12-021304-1221,39.7 кв.м
26-12-021304-1227,60.6 кв.м
26-12-021304-1228,80.9 кв.м
26-12-021304-1226,61.6 кв.м
26-12-021304-1233,39.4 кв.м
26-12-021304-1237,39.5 кв.м
26-12-021304-1229,39.5 кв.м
26-12-021304-1230,61.1 кв.м
26-12-021304-1781,3.4 кв.м
26-12-021304-1235,61.5 кв.м
26-12-021304-1232,80.8 кв.м
26-12-021304-1234,60.8 кв.м
26-12-021304-1236,81 кв.м
26-12-021304-1239,61.5 кв.м
26-12-021304-1238,60.5 кв.м
26-12-021304-1778,43.1 кв.м
26-12-021304-1786,3.4 кв.м
26-12-021304-1231,61.1 кв.м
26-12-021304-1126,50.4 кв.м
26-12-021304-1779,43.9 кв.м
26-12-021304-1780,64.5 кв.м
26-12-021304-1130,61.2 кв.м
26-12-021304-1777,3.4 кв.м
26-12-021304-1135,40 кв.м
26-12-021304-1129,61.6 кв.м
26-12-021304-1127,60.7 кв.м
26-12-021304-1128,39.5 кв.м
26-12-021304-299,3402.8 кв.м
26-12-021304-1132,81.1 кв.м
26-12-021304-1133,61.6 кв.м
26-12-021304-1131,40 кв.м
26-12-021304-1138,61.3 кв.м
26-12-021304-1137,61.9 кв.м
26-12-021304-1134,61.2 кв.м
26-12-010402-2785,80.4 кв.м
26-12-021304-1139,39.8 кв.м
26-12-021304-1136,80.5 кв.м
26-12-021304-1141,61.4 кв.м
26-12-021304-1145,61.3 кв.м
26-12-021304-1144,80.9 кв.м
26-12-021304-1149,60.9 кв.м
26-12-021304-1143,39.3 кв.м
26-12-021304-1147,39.6 кв.м
26-12-021304-1142,61 кв.м
26-12-021304-1154,60.8 кв.м
26-12-021304-1159,39.7 кв.м
26-12-021304-1152,80.2 кв.м
26-12-021304-1153,61.3 кв.м
26-12-021304-1155,39.3 кв.м
26-12-021304-1160,80.7 кв.м
26-12-021304-1148,80.5 кв.м
26-12-021304-1157,63.6 кв.м
26-12-021304-1151,39.6 кв.м
26-12-021304-1150,60.6 кв.м
26-12-021304-1163,39.4 кв.м
26-12-021304-1162,60.6 кв.м
26-12-021304-1146,61 кв.м
26-12-021304-1156,80.3 кв.м
26-12-021304-1158,60.6 кв.м
26-12-021304-1161,61.1 кв.м
26-12-021304-1169,64.1 кв.м
26-12-021304-1539,7276 кв.м
26-12-021302-1229,63.7 кв.м
26-12-021302-833,456 кв.м
26-12-021304-1549,45.4 кв.м
26-12-021304-1573,59.1 кв.м
26-12-021302-1228,51.5 кв.м
26-12-021304-1167,32.4 кв.м
26-12-021304-1166,30 кв.м
26-12-021302-1231,39.2 кв.м
26-12-021304-1164,80.5 кв.м
26-12-021302-1230,36.3 кв.м
26-12-021304-1168,44.2 кв.м
26-12-021304-1589,36.3 кв.м
26-12-021304-1548,58.9 кв.м
26-12-021304-1575,46.2 кв.м
26-12-021304-1165,42 кв.м
26-12-021304-1571,68.3 кв.м
26-12-021304-1554,59 кв.м
26-12-021304-1543,68.3 кв.м
26-12-021304-1552,46.5 кв.м
26-12-021304-1565,46.5 кв.м
26-12-021304-1574,35.6 кв.м
26-12-021304-1556,68.3 кв.м
26-12-021304-1588,68.3 кв.м
26-12-021304-1563,46.5 кв.м
26-12-021304-1547,59 кв.м
26-12-021304-1555,68.9 кв.м
26-12-021304-1560,59 кв.м
26-12-021304-1557,46.2 кв.м
26-12-021304-1564,36 кв.м
26-12-021304-1558,36.3 кв.м
26-12-021304-1544,46.6 кв.м
26-12-021304-1546,58.9 кв.м
26-12-021304-1567,69 кв.м
26-12-021304-1545,36.2 кв.м
26-12-021304-1568,36.2 кв.м
26-12-021304-1584,47.1 кв.м
26-12-021304-1587,59.3 кв.м
26-12-021304-1578,36.2 кв.м
26-12-021304-1561,69.3 кв.м
26-12-021304-1586,59.4 кв.м
26-12-021304-1559,36.4 кв.м
26-12-021304-1583,36 кв.м
26-12-021304-1581,69.8 кв.м
26-12-021304-1592,37.1 кв.м
26-12-021304-1590,107.5 кв.м
26-12-021304-1562,60.3 кв.м
26-12-021304-1566,46.6 кв.м
26-12-021304-1572,69.4 кв.м
26-12-021304-1569,70.2 кв.м
26-12-021304-1585,69.3 кв.м
26-12-021304-1577,108.4 кв.м
26-12-021304-1553,36.2 кв.м
26-12-021304-1570,108.5 кв.м
26-12-021304-1604,36.5 кв.м
26-12-021304-1596,109.1 кв.м
26-12-021304-1579,35.8 кв.м
26-12-021304-1639,69.5 кв.м
26-12-021304-1594,69.4 кв.м
26-12-021304-1640,108.9 кв.м
26-12-021304-1599,69.2 кв.м
26-12-021304-1638,36.7 кв.м
26-12-021304-1641,69.4 кв.м
26-12-021304-1551,37 кв.м
26-12-021304-1612,108.9 кв.м
26-12-021304-1550,109.2 кв.м
26-12-021304-1631,70.1 кв.м
26-12-021304-1617,109 кв.м
26-12-021304-1616,36.6 кв.м
26-12-021304-1618,69.5 кв.м
26-12-021304-1595,35 кв.м
26-12-021304-1621,37.1 кв.м
26-12-021304-1622,69.1 кв.м
26-12-021304-1603,37.6 кв.м
26-12-021304-1625,36.7 кв.м
26-12-021304-1624,69.7 кв.м
26-12-021304-1626,69 кв.м
26-12-021304-1613,47.3 кв.м
26-12-021304-1610,59.1 кв.м
26-12-021304-1598,36.3 кв.м
26-12-021304-1628,58.8 кв.м
26-12-021304-1627,110 кв.м
26-12-021304-1630,36.1 кв.м
26-12-021304-1608,45.7 кв.м
26-12-021304-1607,59 кв.м
26-12-021304-1602,68.8 кв.м
26-12-021304-1615,36 кв.м
26-12-021304-1629,45.9 кв.м
26-12-021304-1633,46.7 кв.м
26-12-021304-1632,68 кв.м
26-12-021304-1593,59.3 кв.м
26-12-021304-1636,46.2 кв.м
26-12-021304-1634,58.3 кв.м
26-12-021304-1601,68.1 кв.м
26-12-021304-1591,58.7 кв.м
26-12-021304-1635,36.3 кв.м
26-12-021304-1580,68.8 кв.м
26-12-021304-1606,36.8 кв.м
26-12-021603-632,52.1 кв.м
26-12-021304-1600,46.9 кв.м
26-12-021304-1619,58.5 кв.м
26-12-021304-1576,36.7 кв.м
26-12-021603-615,1698.5 кв.м
26-12-021304-1582,69.4 кв.м
26-12-021304-1605,46.3 кв.м
26-12-021304-1620,46.5 кв.м
26-12-021304-1623,59.6 кв.м
26-12-021304-1611,46.4 кв.м
26-12-021304-1637,59.6 кв.м
26-12-021304-1597,67.6 кв.м
26-12-021304-1614,36.3 кв.м
26-12-020307-459,37.7 кв.м
26-12-021304-1609,69 кв.м
26-12-020307-460,36.4 кв.м
26-12-020307-464,37.2 кв.м
26-12-021603-637,37.4 кв.м
26-12-021603-638,52.3 кв.м
26-12-020307-439,73.7 кв.м
26-12-021603-646,86.7 кв.м
26-12-021603-641,50 кв.м
26-12-020307-461,74.4 кв.м
26-12-021603-629,49.1 кв.м
26-12-021304-349,69 кв.м
26-12-021603-635,50 кв.м
26-12-020307-440,34.9 кв.м
26-12-021603-636,35.7 кв.м
26-12-021304-347,32.5 кв.м
26-12-020307-473,310.5 кв.м
26-12-021603-634,36 кв.м
26-12-021603-644,106.1 кв.м
26-12-021603-647,101.5 кв.м
26-12-020307-462,36.5 кв.м
26-12-020307-444,35.4 кв.м
26-12-020307-465,140.1 кв.м
26-12-021304-354,50.1 кв.м
26-12-021304-825,47 кв.м
26-12-021304-355,60.2 кв.м
26-12-021304-351,46.3 кв.м
26-12-021304-271,4496.7 кв.м
26-12-021304-348,60.7 кв.м
26-12-021304-352,64.9 кв.м
26-12-021304-357,52.1 кв.м
26-12-021603-648,70.1 кв.м
26-12-021304-422,62.7 кв.м
26-12-021304-361,47.9 кв.м
26-12-021304-359,60 кв.м
26-12-021304-366,60 кв.м
26-12-021304-350,32.5 кв.м
26-12-021304-1500,62.6 кв.м
26-12-021304-356,63.5 кв.м
26-12-021603-630,35 кв.м
26-12-021304-358,46.4 кв.м
26-12-021304-360,62.2 кв.м
26-12-021304-368,52.3 кв.м
26-12-021304-362,47.1 кв.м
26-12-021304-364,56.8 кв.м
26-12-021304-423,45.4 кв.м
26-12-021304-367,61.3 кв.м
26-12-021304-365,51.1 кв.м
26-12-021304-363,60.3 кв.м
26-12-021304-370,62.7 кв.м
26-12-021304-371,47.6 кв.м
26-12-021304-374,62.8 кв.м
26-12-021304-375,48.3 кв.м
26-12-021304-379,51.5 кв.м
26-12-021304-377,60.8 кв.м
26-12-021304-369,64.7 кв.м
26-12-021304-378,66.5 кв.м
26-12-021304-381,60.3 кв.м
26-12-021304-376,46.5 кв.м
26-12-021304-372,46.4 кв.м
26-12-021304-380,46.5 кв.м
26-12-021304-373,60.5 кв.м
26-12-021304-384,33.5 кв.м
26-12-021304-383,46.7 кв.м
26-12-021304-382,64.5 кв.м
26-12-021304-389,87 кв.м
26-12-021304-391,47.8 кв.м
26-12-021304-388,32.9 кв.м
26-12-021304-387,32.7 кв.м
26-12-021304-393,86.4 кв.м
26-12-021304-386,60.8 кв.м
26-12-021304-385,79.1 кв.м
26-12-021304-390,74 кв.м
26-12-021304-395,48.1 кв.м
26-12-021304-396,33.5 кв.м
26-12-021304-392,31.7 кв.м
26-12-021304-394,74.6 кв.м
26-12-021304-397,87.2 кв.м
26-12-021304-400,35.8 кв.м
26-12-021304-401,88.6 кв.м
26-12-021304-399,48.3 кв.м
26-12-021304-398,74.3 кв.м
26-12-021304-402,72.1 кв.м
26-12-021304-409,77.3 кв.м
26-12-021304-405,86.7 кв.м
26-12-021304-404,32.9 кв.м
26-12-021304-408,86.6 кв.м
26-12-021304-403,50.7 кв.м
26-12-021304-824,48.7 кв.м
26-12-021304-1501,72.2 кв.м
26-12-021304-407,35.6 кв.м
26-12-021304-410,47.3 кв.м
26-12-021304-1497,36.4 кв.м
26-12-021304-1488,63.5 кв.м
26-12-021304-421,47.2 кв.м
26-12-021304-1499,36.4 кв.м
26-12-021304-412,86.2 кв.м
26-12-021304-419,33 кв.м
26-12-021304-1496,65.2 кв.м
26-12-021304-1830,84.9 кв.м
26-12-021304-871,90.4 кв.м
26-12-021304-823,48 кв.м
26-12-021304-411,33 кв.м
26-12-021304-420,71 кв.м
26-12-021304-342,4645 кв.м
26-12-021304-415,36.6 кв.м
26-12-021304-1489,54.1 кв.м
26-12-021304-1482,50.3 кв.м
26-12-021304-414,52.3 кв.м
26-12-021304-1502,85 кв.м
26-12-021304-417,72.4 кв.м
26-12-021304-1490,80.9 кв.м
26-12-021304-1476,78.9 кв.м
26-12-021304-1483,67.2 кв.м
26-12-021304-413,71.1 кв.м
26-12-021304-1491,37.8 кв.м
26-12-021304-1440,81 кв.м
26-12-021304-1464,66.6 кв.м
26-12-021304-1434,51.2 кв.м
26-12-021304-1469,50.4 кв.м
26-12-021304-1456,79.8 кв.м
26-12-021304-1443,66.2 кв.м
26-12-021304-1448,81.5 кв.м
26-12-021304-1458,71 кв.м
26-12-021304-1457,38.3 кв.м
26-12-021304-1473,80.4 кв.м
26-12-021304-1467,65.7 кв.м
26-12-021304-1432,81.8 кв.м
26-12-021304-1465,49.5 кв.м
26-12-021304-1466,49.4 кв.м
26-12-021304-1451,65.8 кв.м
26-12-021304-1441,38.1 кв.м
26-12-021304-1427,68 кв.м
26-12-021304-1449,38.1 кв.м
26-12-021304-1470,67 кв.м
26-12-021304-1433,36.6 кв.м
26-12-021304-1450,49.6 кв.м
26-12-021304-1442,50.2 кв.м
26-12-021304-1479,50 кв.м
26-12-021304-1459,54.6 кв.м
26-12-021304-1468,37.9 кв.м
26-12-021304-1477,78 кв.м
26-12-021304-1478,37.2 кв.м
26-12-021304-1455,68.6 кв.м
26-12-021304-1425,37.9 кв.м
26-12-021304-1493,67.7 кв.м
26-12-021304-1461,49.3 кв.м
26-12-021304-1484,80.5 кв.м
26-12-021304-1494,74.3 кв.м
26-12-021304-1426,50.4 кв.м
26-12-021304-1486,45.4 кв.м
26-12-021304-1487,67.3 кв.м
26-12-021304-1481,37.6 кв.м
26-12-021304-1492,36.5 кв.м
26-12-021304-1485,38.1 кв.м
26-12-021304-1480,67.9 кв.м
26-12-021304-1462,49.9 кв.м
26-12-021304-1424,80.8 кв.м
26-12-021304-1495,36.6 кв.м
26-12-021304-1472,69.1 кв.м
26-12-021304-1463,68.9 кв.м
26-12-021304-1471,49.5 кв.м
26-12-021304-1474,79.2 кв.м
26-12-021304-1445,37.5 кв.м
26-12-021304-1475,37.9 кв.м
26-12-021304-1454,49.5 кв.м
26-12-021304-1453,38.2 кв.м
26-12-021304-1460,67.6 кв.м
26-12-021304-1438,49.5 кв.м
26-12-021304-1446,50.2 кв.м
26-12-021304-1447,66.9 кв.м
26-12-021304-1452,73.1 кв.м
26-12-021304-1428,79.8 кв.м
26-12-021304-1444,79.8 кв.м
26-12-021304-1430,48.5 кв.м
26-12-021304-325,7178.1 кв.м
26-12-021304-1420,79.7 кв.м
26-12-021304-1436,67.3 кв.м
26-12-021304-1336,49.6 кв.м
26-12-021304-1399,49 кв.м
26-12-021304-1439,68.2 кв.м
26-12-021304-1422,49.7 кв.м
26-12-021304-1421,37.7 кв.м
26-12-021304-1431,67.2 кв.м
26-12-021304-1437,49.5 кв.м
26-12-021304-1423,68.8 кв.м
26-12-021304-1429,38.4 кв.м
26-12-021304-1410,89 кв.м
26-12-021304-1372,80 кв.м
26-12-021304-1361,50.3 кв.м
26-12-021304-1348,49.7 кв.м
26-12-021304-1407,49.8 кв.м
26-12-021304-1408,35 кв.м
26-12-021304-1308,81.2 кв.м
26-12-021304-1373,51.1 кв.м
26-12-021304-1397,92.6 кв.м
26-12-020307-455,65 кв.м
26-12-021304-1382,68.6 кв.м
26-12-021304-1400,68.3 кв.м
26-12-021304-1310,49.1 кв.м
26-12-021304-1285,66.6 кв.м
26-12-021304-1297,50 кв.м
26-12-021304-1349,67.8 кв.м
26-12-021304-1396,70.6 кв.м
26-12-021304-1355,67.6 кв.м
26-12-021304-1332,49.7 кв.м
26-12-021304-1404,29.8 кв.м
26-12-021304-1304,64.8 кв.м
26-12-021304-1356,67.8 кв.м
26-12-021304-1371,49.3 кв.м
26-12-021304-1376,68.5 кв.м
26-12-021304-1294,66.2 кв.м
26-12-021304-1342,66 кв.м
26-12-021304-1392,38.5 кв.м
26-12-021304-1402,48.9 кв.м
26-12-021304-1337,65.4 кв.м
26-12-021304-1352,36.5 кв.м
26-12-021304-1390,38.4 кв.м
26-12-021304-1329,55.3 кв.м
26-12-021304-1378,36 кв.м
26-12-021304-1368,50.8 кв.м
26-12-021304-1290,38.5 кв.м
26-12-021304-1366,37.1 кв.м
26-12-021304-1313,51.1 кв.м
26-12-021304-1367,38.2 кв.м
26-12-021304-1412,48.3 кв.м
26-12-021304-1299,36.2 кв.м
26-12-021304-1340,38.3 кв.м
26-12-021304-1287,67.5 кв.м
26-12-021304-1353,38.8 кв.м
26-12-021304-1413,66.1 кв.м
26-12-021304-1386,50.4 кв.м
26-12-021304-1291,50.1 кв.м
26-12-021304-1359,80.5 кв.м
26-12-021304-1328,38.7 кв.м
26-12-021304-1388,68.7 кв.м
26-12-021304-1398,50.9 кв.м
26-12-021304-1411,51.5 кв.м
26-12-021304-1314,38.8 кв.м
26-12-021304-1346,82.7 кв.м
26-12-021304-1387,49.5 кв.м
26-12-021304-1375,68.5 кв.м
26-12-021304-1347,51.9 кв.м
26-12-021304-1374,50 кв.м
26-12-021304-1385,78.1 кв.м
26-12-021304-1362,70 кв.м
26-12-021304-1360,51.4 кв.м
26-12-021304-1324,68.2 кв.м
26-12-021304-1406,64.1 кв.м
26-12-021304-1295,78 кв.м
26-12-021304-1409,67.5 кв.м
26-12-021304-1381,66 кв.м
26-12-021304-1369,67.5 кв.м
26-12-021304-1383,49.8 кв.м
26-12-021304-1334,80.8 кв.м
26-12-021304-1345,69.2 кв.м
26-12-021304-1335,52.1 кв.м
26-12-021304-1395,49.8 кв.м
26-12-021304-1394,68.6 кв.м
26-12-021304-1309,51.5 кв.м
26-12-021304-1322,53 кв.м
26-12-021304-1321,81.3 кв.м
26-12-021304-1311,67.4 кв.м
26-12-021304-1298,66.2 кв.м
26-12-021304-1296,51.2 кв.м
26-12-021304-1358,68.7 кв.м
26-12-021304-1323,48.9 кв.м
26-12-021304-1364,68.6 кв.м
26-12-021304-1330,65.6 кв.м
26-12-021304-1384,69 кв.м
26-12-021304-1343,68 кв.м
26-12-021304-1293,48.5 кв.м
26-12-021304-1331,67.9 кв.м
26-12-021304-1319,69.4 кв.м
26-12-021304-1357,51.3 кв.м
26-12-021304-1370,66.9 кв.м
26-12-021304-1333,73.4 кв.м
26-12-021304-1344,48.7 кв.м
26-12-021304-1318,48.7 кв.м
26-12-021304-1317,64.2 кв.м
26-12-021304-1286,64.3 кв.м
26-12-021304-1401,38 кв.м
26-12-021304-1338,36.7 кв.м
26-12-021304-1320,68.9 кв.м
26-12-021304-1307,68.1 кв.м
26-12-021304-1292,67.2 кв.м
26-12-021304-1305,67.9 кв.м
26-12-021304-1306,51.4 кв.м
26-12-021304-1389,66.2 кв.м
26-12-021304-1405,53.7 кв.м
26-12-021304-1403,62 кв.м
26-12-021304-1391,38.5 кв.м
26-12-021304-1288,36.4 кв.м
26-12-021304-1379,39 кв.м
26-12-021304-1341,50.7 кв.м
26-12-021304-1380,51.9 кв.м
26-12-021304-1339,37.3 кв.м
26-12-021304-1363,69.8 кв.м
26-12-020307-400,128.1 кв.м
26-12-021304-1315,65.8 кв.м
26-12-021304-1365,37.1 кв.м
26-12-021304-1325,66 кв.м
26-12-021304-1327,36.2 кв.м
26-12-021304-1351,36.6 кв.м
26-12-021304-1312,38.3 кв.м
26-12-020307-398,30.1 кв.м
26-12-021304-1350,66.4 кв.м
26-12-021304-1377,38.4 кв.м
26-12-021304-1326,36.7 кв.м
26-12-021304-1354,50.6 кв.м
26-12-020307-401,29.5 кв.м
26-12-021304-1302,36.5 кв.м
26-12-021304-1289,36.8 кв.м
26-12-021304-1300,39.3 кв.м
26-12-020307-390,302.4 кв.м
26-12-020602-410,"69,1 кв.м"
26-12-020602-378,"88,2 кв.м"
26-12-020602-305,620 кв.м
26-12-020602-380,"43,7 кв.м"
26-12-020602-383,"42,2 кв.м"
26-12-020602-381,"84,4 кв.м"
26-12-020602-379,"58,3 кв.м"
26-12-020602-385,"61,3 кв.м"
26-12-020602-382,"105,2 кв.м"
26-12-020602-390,"68,6 кв.м"
26-12-020602-307,1153 кв.м
26-12-020602-389,130 кв.м
26-12-021304-1316,37 кв.м
26-12-020602-388,96 кв.м
26-12-020602-396,51.6 кв.м
26-12-020602-406,80.9 кв.м
26-12-020307-399,16.3 кв.м
26-12-020307-406,86 кв.м
26-12-020602-377,40.2 кв.м
26-12-020307-402,65.4 кв.м
26-12-021304-1303,65.4 кв.м
26-12-020602-407,51.5 кв.м
26-12-020307-381,56.2 кв.м
26-12-021304-1301,50.3 кв.м
26-12-020602-405,80 кв.м
26-12-020602-409,66.3 кв.м
26-12-020307-404,85.7 кв.м
26-12-020307-405,73 кв.м
26-12-020602-408,49.9 кв.м
26-12-020602-386,44.5 кв.м
26-12-020307-383,37 кв.м
26-12-020602-404,72.8 кв.м
26-12-030717-632,32.4 кв.м
26-12-021302-1283,31.5 кв.м
26-12-021302-1282,28.6 кв.м
26-12-021302-1064,60.1 кв.м
26-12-030717-633,40.5 кв.м
26-12-030717-324,150.3 кв.м
26-12-030717-591,62.9 кв.м
26-12-020307-403,58.9 кв.м
26-12-030717-634,33.1 кв.м
26-12-030717-281,258.2 кв.м
26-12-030717-471,60 кв.м
26-12-030717-383,84.6 кв.м
26-12-030717-385,123 кв.м
26-12-030717-409,129 кв.м
26-12-030717-480,28.7 кв.м
26-12-030717-476,28.8 кв.м
26-12-030717-470,43.7 кв.м
26-12-030717-475,44.9 кв.м
26-12-030717-481,41.6 кв.м
26-12-030717-643,41.3 кв.м
26-12-030717-592,60.1 кв.м
26-12-030717-473,42.9 кв.м
26-12-030717-477,42.7 кв.м
26-12-030717-282,2531.2 кв.м
26-12-030717-474,45 кв.м
26-12-030717-322,147.9 кв.м
26-12-030717-482,44.7 кв.м
26-12-030717-472,44.8 кв.м
26-12-030717-479,45.5 кв.м
26-12-030717-478,43.8 кв.м
26-12-030717-483,45.6 кв.м
26-12-030717-485,42.4 кв.м
26-12-030717-484,28.9 кв.м
26-12-030717-487,45.4 кв.м
26-12-030717-489,42.7 кв.м
26-12-030717-498,55.9 кв.м
26-12-030717-493,55.3 кв.м
26-12-030717-492,31.8 кв.м
26-12-030717-486,45.6 кв.м
26-12-030717-446,55.2 кв.м
26-12-030717-501,57.3 кв.м
26-12-030717-442,56.1 кв.м
26-12-030717-488,30.2 кв.м
26-12-030717-491,41 кв.м
26-12-030717-500,31.8 кв.м
26-12-030717-445,55.8 кв.м
26-12-030717-490,56.4 кв.м
26-12-030717-499,40.8 кв.м
26-12-030717-497,56.2 кв.м
26-12-030717-494,56.2 кв.м
26-12-030717-444,32.8 кв.м
26-12-030717-447,42.1 кв.м
26-12-030717-443,41 кв.м
26-12-030717-454,42.8 кв.м
26-12-030717-450,42.6 кв.м
26-12-030717-448,31.9 кв.м
26-12-030717-496,31.9 кв.м
26-12-030717-495,41 кв.м
26-12-030717-456,44.6 кв.м
26-12-030717-449,55.6 кв.м
26-12-030717-460,45.2 кв.м
26-12-030717-452,44.7 кв.м
26-12-030717-455,29.4 кв.м
26-12-030717-459,29 кв.м
26-12-030717-457,43.5 кв.м
26-12-030717-463,29.2 кв.м
26-12-030717-461,43 кв.м
26-12-030717-453,43.7 кв.м
26-12-030717-462,42.7 кв.м
26-12-030717-467,29.2 кв.м
26-12-030717-458,43.7 кв.м
26-12-030717-451,29 кв.м
26-12-030717-469,43.6 кв.м
26-12-030717-466,43.5 кв.м
26-12-030717-514,46.4 кв.м
26-12-030717-465,43.8 кв.м
26-12-030717-284,299.7 кв.м
26-12-030717-516,48.7 кв.м
26-12-030717-285,407.4 кв.м
26-12-030717-464,45.3 кв.м
26-12-030717-468,45.1 кв.м
26-12-030717-519,62.3 кв.м
26-12-030717-517,44.4 кв.м
26-12-030717-283,383.6 кв.м
26-12-030717-518,45.2 кв.м
26-12-030717-515,63.3 кв.м
26-12-030121-112,1561 кв.м
26-12-030717-286,208.8 кв.м
26-12-030717-521,46.5 кв.м
26-12-030717-287,699.1 кв.м
26-12-030121-338,21.7 кв.м
26-12-030121-467,17.1 кв.м
26-12-030121-337,15.4 кв.м
26-12-030717-289,559.1 кв.м
26-12-030121-495,23.5 кв.м
26-12-030717-520,50.6 кв.м
26-12-030121-176,31.5 кв.м
26-12-030121-336,29.3 кв.м
26-12-030717-412,46.5 кв.м
26-12-030121-49,103.2 кв.м
26-12-030121-335,39.7 кв.м
26-12-030121-346,15.4 кв.м
26-12-030121-332,32.1 кв.м
26-12-030121-347,32.1 кв.м
26-12-030121-333,64.7 кв.м
26-12-030121-465,29.1 кв.м
26-12-030121-177,37.9 кв.м
26-12-030121-113,20.5 кв.м
26-12-030121-175,20.9 кв.м
26-12-030121-117,81.5 кв.м
26-12-030713-389,264.6 кв.м
26-12-030713-407,79.5 кв.м
26-12-030713-254,6847.2 кв.м
26-12-030121-114,25.1 кв.м
26-12-030713-398,102.2 кв.м
26-12-030121-207,101.5 кв.м
26-12-030713-339,38.1 кв.м
26-12-030121-208,71.9 кв.м
26-12-030121-203,96.3 кв.м
26-12-030121-472,16.2 кв.м
26-12-030121-202,61.8 кв.м
26-12-030121-209,95.2 кв.м
26-12-030121-200,95.7 кв.м
26-12-030121-205,62.1 кв.м
26-12-030713-400,216.8 кв.м
26-12-031232-245,188.5 кв.м
26-12-030121-206,94.5 кв.м
26-12-030707-403,896 кв.м
26-12-030121-204,93.4 кв.м
26-12-030121-201,88.1 кв.м
26-12-030121-63,3287.5 кв.м
26-12-030121-197,95.2 кв.м
26-12-030121-196,61.9 кв.м
26-12-030121-189,89.5 кв.м
26-12-030121-199,60.9 кв.м
26-12-030121-195,80.5 кв.м
26-12-030121-186,82.7 кв.м
26-12-030121-513,76.7 кв.м
26-12-030121-192,88.4 кв.м
26-12-030121-193,62.6 кв.м
26-12-030121-191,95.3 кв.м
26-12-030121-187,61.4 кв.м
26-12-030121-188,97 кв.м
26-12-030121-190,61.6 кв.м
26-12-030121-194,95.8 кв.м
26-12-030121-85,5117.9 кв.м
26-12-030215-3151,32.6 кв.м
26-12-030121-198,80.5 кв.м
26-12-030215-3398,32.5 кв.м
26-12-030121-514,100.1 кв.м
26-12-030121-241,119.7 кв.м
26-12-030215-3361,7.2 кв.м
26-12-030121-515,566.5 кв.м
26-12-030121-327,52.5 кв.м
26-12-030215-3262,229 кв.м
26-12-030121-331,114.2 кв.м
26-12-030121-326,128.1 кв.м
26-12-030121-324,77.2 кв.м
26-12-030121-329,45.7 кв.м
26-12-030121-321,52.6 кв.м
26-12-030121-328,48.5 кв.м
26-12-030121-330,84.7 кв.м
26-12-030121-316,55.8 кв.м
26-12-030121-323,45.8 кв.м
26-12-030121-322,48.5 кв.м
26-12-030121-319,120.9 кв.м
26-12-030121-320,121.4 кв.м
26-12-030121-317,46 кв.м
26-12-030121-312,85.6 кв.м
26-12-030121-318,86.1 кв.м
26-12-030121-314,115.7 кв.м
26-12-030121-315,53.4 кв.м
26-12-030121-307,120.3 кв.м
26-12-030121-313,119.8 кв.м
26-12-030121-308,120.9 кв.м
26-12-030121-311,51.8 кв.м
26-12-030121-306,83.8 кв.м
26-12-030121-304,55.7 кв.м
26-12-030121-305,45.8 кв.м
26-12-030121-309,55.5 кв.м
26-12-030121-302,121.1 кв.м
26-12-030121-310,55.5 кв.м
26-12-030121-303,56.7 кв.м
26-12-030121-295,120.3 кв.м
26-12-030121-301,76.9 кв.м
26-12-030121-300,45.5 кв.м
26-12-030121-291,52.2 кв.м
26-12-030121-299,49.2 кв.м
26-12-030121-296,120 кв.м
26-12-030121-298,57.3 кв.м
26-12-030121-462,133.5 кв.м
26-12-030121-289,85.1 кв.м
26-12-030121-286,52.6 кв.м
26-12-030121-293,38.5 кв.м
26-12-030121-269,115.9 кв.м
26-12-030121-292,56.1 кв.м
26-12-030121-290,127.5 кв.м
26-12-030121-294,77.9 кв.м
26-12-030121-285,118.1 кв.м
26-12-030121-287,56.1 кв.м
26-12-030121-284,129.1 кв.м
26-12-030121-288,45.9 кв.м
26-12-030121-342,70.1 кв.м
26-12-000000-7015,72.8 кв.м
26-12-030121-343,115 кв.м
26-12-030215-3186,158.2 кв.м
26-12-030215-3259,485.1 кв.м
26-12-000000-7480,93.7 кв.м
26-12-000000-7468,73.6 кв.м
26-12-000000-7044,69.8 кв.м
26-12-000000-7051,130.1 кв.м
26-12-000000-7042,94.4 кв.м
26-12-000000-7471,69.9 кв.м
26-12-000000-7052,73.7 кв.м
26-12-030120-119,10378.4 кв.м
26-12-000000-7018,223.9 кв.м
26-12-000000-7472,95 кв.м
26-12-030215-3192,86 кв.м
26-12-030215-3401,69.8 кв.м
26-12-000000-7023,73.3 кв.м
26-12-000000-7045,93.8 кв.м
26-12-000000-7454,83.6 кв.м
26-12-000000-7043,69.9 кв.м
26-12-000000-7057,85.3 кв.м
26-12-000000-7436,94.3 кв.м
26-12-000000-7010,70.7 кв.м
26-12-000000-7026,129.7 кв.м
26-12-000000-7053,85.3 кв.м
26-12-000000-7040,129.7 кв.м
26-12-000000-7005,64.7 кв.м
26-12-000000-6856,64.9 кв.м
26-12-000000-7030,129.2 кв.м
26-12-000000-7027,85.4 кв.м
26-12-000000-7025,58.7 кв.м
26-12-000000-7445,130.2 кв.м
26-12-000000-7024,69.9 кв.м
26-12-000000-7016,70.1 кв.м
26-12-000000-7459,130.1 кв.м
26-12-000000-7441,69.4 кв.м
26-12-000000-7009,64.9 кв.м
26-12-000000-7028,65.2 кв.м
26-12-000000-7031,101.6 кв.м
26-12-000000-7055,53.3 кв.м
26-12-030215-3855,86.1 кв.м
26-12-000000-7054,48.5 кв.м
26-12-000000-7046,70.2 кв.м
26-12-000000-7008,116.8 кв.м
26-12-000000-7437,117.1 кв.м
26-12-000000-7440,101.3 кв.м
26-12-000000-7007,70.3 кв.м
26-12-000000-7466,116.6 кв.м
26-12-000000-7017,56 кв.м
26-12-000000-7041,113.9 кв.м
26-12-000000-7006,107.3 кв.м
26-12-000000-7050,53.3 кв.м
26-12-000000-7049,116.3 кв.м
26-12-000000-7038,58.5 кв.м
26-12-000000-7470,129.4 кв.м
26-12-000000-7444,48.7 кв.м
26-12-030215-3365,53.5 кв.м
26-12-030707-665,65.9 кв.м
26-12-000000-7479,117.2 кв.м
26-12-000000-7011,58.8 кв.м
26-12-030120-428,58.9 кв.м
26-12-000000-7439,48.8 кв.м
26-12-030215-3768,16.3 кв.м
26-12-000000-7047,48.7 кв.м
26-12-030707-685,42.9 кв.м
26-12-000000-7029,117.5 кв.м
26-12-030215-3944,34.6 кв.м
26-12-030707-663,4399.6 кв.м
26-12-030215-4062,16.3 кв.м
26-12-000000-7032,115.1 кв.м
26-12-030707-664,63.8 кв.м
26-12-030707-668,61 кв.м
26-12-030215-3767,34.3 кв.м
26-12-030707-666,93.5 кв.м
26-12-030215-3842,34.2 кв.м
26-12-030707-710,187.3 кв.м
26-12-030707-669,59.3 кв.м
26-12-030707-667,65.9 кв.м
26-12-030707-706,43.3 кв.м
26-12-030707-681,64.9 кв.м
26-12-030707-670,60.2 кв.м
26-12-030707-707,59 кв.м
26-12-030707-686,65.5 кв.м
26-12-030707-683,90.4 кв.м
26-12-030707-687,59.5 кв.м
26-12-030707-703,43.5 кв.м
26-12-030707-689,93.9 кв.м
26-12-030707-678,43.2 кв.м
26-12-030707-672,61.5 кв.м
26-12-030707-682,61.1 кв.м
26-12-030707-688,66 кв.м
26-12-030707-700,66.9 кв.м
26-12-030707-693,60.4 кв.м
26-12-030707-702,98.8 кв.м
26-12-030707-674,67.5 кв.м
26-12-030707-701,61.7 кв.м
26-12-030707-699,42.8 кв.м
26-12-030707-698,65.4 кв.м
26-12-030707-695,66.3 кв.м
26-12-030707-696,61.9 кв.м
26-12-030707-671,64.8 кв.м
26-12-030707-679,70.2 кв.м
26-12-030707-704,96 кв.м
26-12-030707-677,61.2 кв.м
26-12-030707-673,43.5 кв.м
26-12-030704-121,107.8 кв.м
26-12-030707-684,100.8 кв.м
26-12-030707-680,64.5 кв.м
26-12-030707-675,60 кв.м
26-12-030707-697,65.8 кв.м
26-12-030707-690,67.1 кв.м
26-12-030707-694,104.2 кв.м
26-12-030707-709,254.2 кв.м
26-12-030707-708,247.6 кв.м
26-12-030707-692,46.1 кв.м
26-12-030704-72,67.4 кв.м
26-12-030707-676,64.5 кв.м
26-12-030704-104,177.7 кв.м
26-12-030704-128,59.6 кв.м
26-12-030704-126,112.1 кв.м
26-12-030704-127,109.1 кв.м
26-12-030704-84,59.2 кв.м
26-12-030707-691,194.6 кв.м
26-12-030704-48,251.4 кв.м
26-12-030704-115,107.6 кв.м
26-12-030704-114,113.2 кв.м
26-12-030704-70,55.5 кв.м
26-12-030704-120,112.7 кв.м
26-12-030704-28,227.3 кв.м
26-12-030704-69,55.6 кв.м
26-12-030704-71,48.8 кв.м
26-12-030704-91,106.3 кв.м
26-12-030704-103,59.1 кв.м
26-12-030704-109,113.8 кв.м
26-12-030704-116,60 кв.м
26-12-030704-85,59.7 кв.м
26-12-030704-89,109.8 кв.м
26-12-030704-94,109.8 кв.м
26-12-030704-102,109.9 кв.м
26-12-030704-130,75 кв.м
26-12-030704-101,112.9 кв.м
26-12-030704-83,108.7 кв.м
26-12-030704-133,107.6 кв.м
26-12-030704-96,106.4 кв.м
26-12-030704-125,102.9 кв.м
26-12-030704-123,77.9 кв.м
26-12-030704-92,60.3 кв.м
26-12-030704-88,112.6 кв.м
26-12-030704-124,66.7 кв.м
26-12-030704-118,100.3 кв.м
26-12-030704-90,67.2 кв.м
26-12-030704-107,66.7 кв.м
26-12-030704-129,43.2 кв.м
26-12-030704-145,256 кв.м
26-12-030704-141,"154,9 кв.м"
26-12-030704-122,106.6 кв.м
26-12-030704-140,"130,8 кв.м"
26-12-030704-119,66.3 кв.м
26-12-030704-111,78.7 кв.м
26-12-030704-113,103.3 кв.м
26-12-030704-81,67.4 кв.м
26-12-030704-106,77.5 кв.м
26-12-030704-112,69.9 кв.м
26-12-030704-110,100.7 кв.м
26-12-030704-100,110.1 кв.м
26-12-030704-117,117.3 кв.м
26-12-030704-97,76.9 кв.м
26-12-030704-82,75.3 кв.м
26-12-030704-98,107 кв.м
26-12-030704-105,102.7 кв.м
26-12-030215-3403,134.2 кв.м
26-12-030704-93,153.5 кв.м
26-12-030704-99,67.5 кв.м
26-12-030704-86,206.9 кв.м
26-12-030704-95,158.2 кв.м
26-12-030717-593,52 кв.м
26-12-030717-595,51.8 кв.м
26-12-030704-138,99.9 кв.м
26-12-030717-386,154.8 кв.м
26-12-030703-1137,93.6 кв.м
26-12-030703-1133,58.3 кв.м
26-12-030703-1165,58.3 кв.м
26-12-030703-1112,13436.6 кв.м
26-12-030703-1164,38.9 кв.м
26-12-030717-594,51 кв.м
26-12-030703-1304,46.1 кв.м
26-12-030703-1240,46.1 кв.м
26-12-030703-1216,95.7 кв.м
26-12-030703-1416,46.1 кв.м
26-12-030703-1151,44.2 кв.м
26-12-030703-1149,44.7 кв.м
26-12-030703-1153,39.1 кв.м
26-12-030703-1212,58.1 кв.м
26-12-030703-1113,93.7 кв.м
26-12-030703-1198,44 кв.м
26-12-030703-1127,58.5 кв.м
26-12-030703-1213,93.5 кв.м
26-12-030703-1157,44.4 кв.м
26-12-030703-1115,45.6 кв.м
26-12-030703-1277,45.6 кв.м
26-12-030703-1124,58.6 кв.м
26-12-030703-1139,93.4 кв.м
26-12-030703-1154,44.3 кв.м
26-12-030703-1155,41.2 кв.м
26-12-030703-1239,45.7 кв.м
26-12-030703-1292,45.5 кв.м
26-12-030703-1159,58.4 кв.м
26-12-030703-1274,93.3 кв.м
26-12-030703-1190,39.1 кв.м
26-12-030703-1257,93.7 кв.м
26-12-030703-1126,58.3 кв.м
26-12-030703-1145,39.2 кв.м
26-12-030703-1187,44.5 кв.м
26-12-030703-1200,93.6 кв.м
26-12-030703-1296,44.4 кв.м
26-12-030703-1368,38.8 кв.м
26-12-030703-1160,58.4 кв.м
26-12-030703-1147,38.6 кв.м
26-12-030703-1158,58 кв.м
26-12-030703-1297,44 кв.м
26-12-030703-1184,92.9 кв.м
26-12-030703-1142,45.8 кв.м
26-12-030703-1134,45.7 кв.м
26-12-030703-1225,39.1 кв.м
26-12-030703-1387,44.2 кв.м
26-12-030703-1312,38.6 кв.м
26-12-030703-1120,93.5 кв.м
26-12-030703-1116,43.8 кв.м
26-12-030703-1150,45.9 кв.м
26-12-030703-1294,58.6 кв.м
26-12-030703-1415,93.1 кв.м
26-12-030703-1146,44.6 кв.м
26-12-030703-1226,38.8 кв.м
26-12-030703-1202,58.3 кв.м
26-12-030703-1188,45.9 кв.м
26-12-030703-1310,93.2 кв.м
26-12-030703-1276,39 кв.м
26-12-030703-1140,48.5 кв.м
26-12-030703-1287,58.2 кв.м
26-12-030703-1214,38.8 кв.м
26-12-030703-1201,45.6 кв.м
26-12-030703-1229,58.4 кв.м
26-12-030703-1244,45.9 кв.м
26-12-030703-1167,42.1 кв.м
26-12-030703-1118,44.6 кв.м
26-12-030703-1152,44.2 кв.м
26-12-030703-1185,93 кв.м
26-12-030703-1128,44 кв.м
26-12-030703-1284,50.2 кв.м
26-12-030703-1241,93 кв.м
26-12-030703-1219,58.5 кв.м
26-12-030703-1291,44.2 кв.м
26-12-030703-1197,44.5 кв.м
26-12-030703-1176,58.3 кв.м
26-12-030703-1144,58.3 кв.м
26-12-030703-1256,93.1 кв.м
26-12-030703-1189,38.7 кв.м
26-12-030703-1301,45.6 кв.м
26-12-030703-1203,39.2 кв.м
26-12-030703-1303,93.6 кв.м
26-12-030703-1222,94.7 кв.м
26-12-030703-1328,39.1 кв.м
26-12-030703-1162,51.4 кв.м
26-12-030703-1275,44.9 кв.м
26-12-030703-1192,51.1 кв.м
26-12-030703-1191,60 кв.м
26-12-030703-1327,45.5 кв.м
26-12-030703-1211,63.2 кв.м
26-12-030703-1329,95 кв.м
26-12-030703-1326,60.7 кв.м
26-12-030703-1161,89.3 кв.м
26-12-030703-1325,51.3 кв.м
26-12-030703-1117,51 кв.м
26-12-030703-1243,39.7 кв.м
26-12-030703-1186,60.3 кв.м
26-12-030703-1232,45 кв.м
26-12-030703-1193,51.4 кв.м
26-12-030703-1121,51.5 кв.м
26-12-030703-1194,39.5 кв.м
26-12-030703-1141,44.9 кв.м
26-12-030703-1210,94.9 кв.м
26-12-030703-1281,45.4 кв.м
26-12-030703-1307,94.7 кв.м
26-12-030703-1308,39.5 кв.м
26-12-030703-1180,58.6 кв.м
26-12-030703-1129,57.9 кв.м
26-12-030703-1166,93.1 кв.м
26-12-030703-1181,45.1 кв.м
26-12-030703-1245,50.3 кв.м
26-12-030703-1148,43.1 кв.м
26-12-030703-1207,97.4 кв.м
26-12-030703-1178,40.3 кв.м
26-12-030703-1334,45.3 кв.м
26-12-030703-1234,61.1 кв.м
26-12-030703-1445,40.3 кв.м
26-12-030703-1196,51.5 кв.м
26-12-030703-1208,97.2 кв.м
26-12-030703-1183,39.8 кв.м
26-12-030703-1135,61.3 кв.м
26-12-030703-1199,39.6 кв.м
26-12-030703-1156,97 кв.м
26-12-030703-1125,57.8 кв.м
26-12-030703-1136,95.5 кв.м
26-12-030703-1143,61.3 кв.м
26-12-030703-1446,45.7 кв.м
26-12-030703-1290,96.8 кв.м
26-12-030703-1269,100 кв.м
26-12-030703-1270,99.7 кв.м
26-12-030703-1273,40.6 кв.м
26-12-030703-1119,61.6 кв.м
26-12-030703-1230,40 кв.м
26-12-030703-1179,61.2 кв.м
26-12-030703-1309,51.6 кв.м
26-12-030703-1131,42.2 кв.м
26-12-030703-1231,46 кв.м
26-12-030703-1319,50.8 кв.м
26-12-030703-1283,7.1 кв.м
26-12-030703-1228,139.6 кв.м
26-12-030703-1323,14.2 кв.м
26-12-030703-1138,49.1 кв.м
26-12-030703-1130,50.9 кв.м
26-12-030703-1278,51.4 кв.м
26-12-030703-1195,58.7 кв.м
26-12-030703-1209,97.9 кв.м
26-12-030703-1332,97.2 кв.м
26-12-030703-1316,14.3 кв.м
26-12-030703-1318,6.5 кв.м
26-12-030703-1330,45.7 кв.м
26-12-030703-1317,178.6 кв.м
26-12-030703-1235,42.3 кв.м
26-12-030703-1440,93.4 кв.м
26-12-030703-1306,7.5 кв.м
26-12-030703-1258,4.2 кв.м
26-12-030703-1233,42.3 кв.м
26-12-030703-1215,10.8 кв.м
26-12-030703-1280,6.8 кв.м
26-12-030703-1254,17.6 кв.м
26-12-030703-1132,10 кв.м
26-12-030703-1223,6.1 кв.м
26-12-030703-1205,151.4 кв.м
26-12-030703-1206,13.1 кв.м
26-12-030703-1271,15.8 кв.м
26-12-030703-1177,64.3 кв.м
26-12-030703-1182,96.4 кв.м
26-12-030703-1441,63.1 кв.м
26-12-030703-1236,15.9 кв.м
26-12-030703-1253,96.7 кв.м
26-12-030703-1247,16.5 кв.м
26-12-030703-1314,15.7 кв.м
26-12-030703-1286,6.6 кв.м
26-12-030703-1237,97.3 кв.м
26-12-030703-1249,15.2 кв.м
26-12-030703-1259,72.3 кв.м
26-12-030703-1279,16 кв.м
26-12-030703-1333,15.4 кв.м
26-12-030703-1272,16.9 кв.м
26-12-030703-1295,16.8 кв.м
26-12-030703-1221,72.6 кв.м
26-12-030703-1246,16.3 кв.м
26-12-030703-1293,16 кв.м
26-12-030703-1288,16 кв.м
26-12-030703-1262,16.1 кв.м
26-12-030703-1264,16 кв.м
26-12-030703-1289,15.7 кв.м
26-12-030703-1251,15.9 кв.м
26-12-030703-1261,16 кв.м
26-12-030703-1315,17.1 кв.м
26-12-030703-1263,17.8 кв.м
26-12-030703-1238,16.1 кв.м
26-12-030703-1220,15.9 кв.м
26-12-030703-1265,16.1 кв.м
26-12-030703-1324,31.7 кв.м
26-12-030703-1305,15.4 кв.м
26-12-030703-1255,21.2 кв.м
26-12-030703-1367,16.7 кв.м
26-12-030703-1267,32.3 кв.м
26-12-030703-1268,15.7 кв.м
26-12-030703-1248,15 кв.м
26-12-030703-1282,16 кв.м
26-12-030703-1285,16.2 кв.м
26-12-030703-1227,15.7 кв.м
26-12-030703-492,40.9 кв.м
26-12-030703-491,30.2 кв.м
26-12-030703-1242,16.2 кв.м
26-12-030703-1389,813.8 кв.м
26-12-030703-554,154 кв.м
26-12-030703-739,96.1 кв.м
26-12-030703-402,5374.8 кв.м
26-12-030703-1302,7.7 кв.м
26-12-030703-792,30.5 кв.м
26-12-030703-494,55 кв.м
26-12-030703-838,31.6 кв.м
26-12-030703-824,30.1 кв.м
26-12-030703-1266,15 кв.м
26-12-030703-835,29.3 кв.м
26-12-030703-823,41.1 кв.м
26-12-030703-805,31.2 кв.м
26-12-030703-822,31.2 кв.м
26-12-030703-497,56.3 кв.м
26-12-030703-790,55.8 кв.м
26-12-030703-806,41.8 кв.м
26-12-030703-821,55 кв.м
26-12-030703-820,41.9 кв.м
26-12-030703-804,55 кв.м
26-12-030703-817,56.2 кв.м
26-12-030703-819,30 кв.м
26-12-030703-523,41.5 кв.м
26-12-030703-791,41.6 кв.м
26-12-030703-808,30.3 кв.м
26-12-030703-776,55.8 кв.м
26-12-030703-836,42 кв.м
26-12-030703-527,31.2 кв.м
26-12-030703-557,31.4 кв.м
26-12-030703-788,32 кв.м
26-12-030703-829,43.3 кв.м
26-12-030703-803,29.8 кв.м
26-12-030703-814,29.2 кв.м
26-12-030703-789,42.6 кв.м
26-12-030703-818,32.2 кв.м
26-12-030703-832,54.7 кв.м
26-12-030703-787,29 кв.м
26-12-030703-499,31.8 кв.м
26-12-030703-815,32.7 кв.м
26-12-030703-786,56.1 кв.м
26-12-030703-830,29.2 кв.м
26-12-030703-801,55.5 кв.м
26-12-030703-797,42.8 кв.м
26-12-030703-530,32.3 кв.м
26-12-030703-517,42.6 кв.м
26-12-030703-816,55.5 кв.м
26-12-030703-800,55.2 кв.м
26-12-030703-827,32 кв.м
26-12-030703-812,56.9 кв.м
26-12-030703-784,31.4 кв.м
26-12-030703-798,29.4 кв.м
26-12-030703-782,42.9 кв.м
26-12-030703-548,29 кв.м
26-12-030703-828,56 кв.м
26-12-030703-796,54.8 кв.м
26-12-030703-785,55 кв.м
26-12-030703-811,32.3 кв.м
26-12-030703-810,42 кв.м
26-12-030703-826,42.8 кв.м
26-12-030703-825,30.6 кв.м
26-12-030703-809,31.1 кв.м
26-12-030703-794,32.2 кв.м
26-12-030703-778,30.3 кв.м
26-12-030703-781,56.9 кв.м
26-12-030703-795,50.7 кв.м
26-12-030703-793,30.3 кв.м
26-12-030120-399,43.7 кв.м
26-12-031232-309,144.3 кв.м
26-12-031232-259,3937 кв.м
26-12-030703-780,32.3 кв.м
26-12-030703-779,42.1 кв.м
26-12-030120-397,169 кв.м
26-12-031232-315,60.2 кв.м
26-12-031232-282,84.6 кв.м
26-12-031232-297,39 кв.м
26-12-031232-308,34.7 кв.м
26-12-031232-314,124.2 кв.м
26-12-031232-269,74.9 кв.м
26-12-031232-317,123.6 кв.м
26-12-031232-299,86 кв.м
26-12-031232-283,38 кв.м
26-12-031232-270,45.6 кв.м
26-12-031232-276,86.1 кв.м
26-12-031232-316,7.7 кв.м
26-12-031232-273,45.8 кв.м
26-12-031232-280,38.3 кв.м
26-12-031232-296,45.9 кв.м
26-12-031232-325,2.2 кв.м
26-12-031232-322,13.6 кв.м
26-12-031232-323,5.8 кв.м
26-12-031232-291,86.4 кв.м
26-12-031232-326,48.9 кв.м
26-12-031232-289,86.4 кв.м
26-12-031232-310,59.8 кв.м
26-12-031232-275,84.8 кв.м
26-12-031232-281,74.9 кв.м
26-12-031232-290,75.3 кв.м
26-12-031232-292,75 кв.м
26-12-031232-293,38.2 кв.м
26-12-031232-304,82.4 кв.м
26-12-031232-311,70.7 кв.м
26-12-031232-272,74.8 кв.м
26-12-031232-278,45.6 кв.м
26-12-031232-305,47.9 кв.м
26-12-031232-288,73.2 кв.м
26-12-031232-302,45.6 кв.м
26-12-031232-295,45.7 кв.м
26-12-031232-279,38.1 кв.м
26-12-031232-274,75.5 кв.м
26-12-031232-298,45.7 кв.м
26-12-031232-268,86.1 кв.м
26-12-031232-286,75.4 кв.м
26-12-031232-277,74.8 кв.м
26-12-031232-285,85.6 кв.м
26-12-031232-271,85.8 кв.м
26-12-031232-303,38.2 кв.м
26-12-031232-284,38.1 кв.м
26-12-030719-183,"76,7 кв.м"
26-12-030719-171,58 кв.м
26-12-030719-181,"65,9 кв.м"
26-12-030719-188,"41,2 кв.м"
26-12-030719-174,"64,7 кв.м"
26-12-030719-173,"65,5 кв.м"
26-12-030719-180,"57,4 кв.м"
26-12-030719-186,"41,1 кв.м"
26-12-030719-166,24 кв.м
26-12-030719-179,"41,2 кв.м"
26-12-030719-177,"68,1 кв.м"
26-12-030732-334,24.9 кв.м
26-12-031232-324,5.8 кв.м
26-12-030719-81,2655.3 кв.м
26-12-031232-306,86.5 кв.м
26-12-030732-336,32.1 кв.м
26-12-030732-335,27.3 кв.м
26-12-030719-130,60.8 кв.м
26-12-031232-313,60.9 кв.м
26-12-030719-50,881.4 кв.м
26-12-031232-300,37.4 кв.м
26-12-031232-287,75.3 кв.м
26-12-030719-134,78.9 кв.м
26-12-031232-294,45.6 кв.м
26-12-031232-307,81.4 кв.м
26-12-030719-149,89.4 кв.м
26-12-030732-333,111.3 кв.м
26-12-031232-312,70.3 кв.м
26-12-030719-150,77.4 кв.м
26-12-030719-151,53.8 кв.м
26-12-030719-148,64.5 кв.м
26-12-030719-146,40.8 кв.м
26-12-031232-301,47.3 кв.м
26-12-030719-153,52.8 кв.м
26-12-030719-131,56.5 кв.м
26-12-030719-141,40.4 кв.м
26-12-030719-147,45.7 кв.м
26-12-030719-136,77.3 кв.м
26-12-030719-138,54.6 кв.м
26-12-030719-139,44.8 кв.м
26-12-030719-155,54.2 кв.м
26-12-030719-142,33.5 кв.м
26-12-030732-259,42 кв.м
26-12-030719-135,108.6 кв.м
26-12-030719-156,53 кв.м
26-12-030719-145,44.7 кв.м
26-12-030719-113,92.8 кв.м
26-12-030719-158,72.3 кв.м
26-12-030719-137,88.8 кв.м
26-12-030719-128,59.6 кв.м
26-12-030719-163,99.2 кв.м
26-12-030719-129,224.2 кв.м
26-12-030719-143,39.9 кв.м
26-12-030732-258,48 кв.м
26-12-030719-105,31.9 кв.м
26-12-030719-133,122.8 кв.м
26-12-030732-174,303.3 кв.м
26-12-030719-102,52.8 кв.м
26-12-030719-82,206.7 кв.м
26-12-030719-144,138.7 кв.м
26-12-030120-159,28.7 кв.м
26-12-030732-254,41.3 кв.м
26-12-030719-106,52.8 кв.м
26-12-030719-152,89.8 кв.м
26-12-030719-103,40.9 кв.м
26-12-030120-158,43.2 кв.м
26-12-030719-104,31 кв.м
26-12-030120-424,43.4 кв.м
26-12-030120-174,43.1 кв.м
26-12-030120-183,43.4 кв.м
26-12-030120-160,41.7 кв.м
26-12-030120-182,28.9 кв.м
26-12-030732-225,1379.1 кв.м
26-12-030120-156,44.8 кв.м
26-12-000000-5125,42.5 кв.м
26-12-000000-5123,44.2 кв.м
26-12-030120-74,2294.3 кв.м
26-12-030120-186,55 кв.м
26-12-030120-176,28.2 кв.м
26-12-030120-175,45.6 кв.м
26-12-030120-185,41 кв.м
26-12-030120-171,28.4 кв.м
26-12-030120-179,41.1 кв.м
26-12-030120-163,31 кв.м
26-12-000000-5112,41.2 кв.м
26-12-030120-169,55.7 кв.м
26-12-030120-184,55 кв.м
26-12-030120-168,31.4 кв.м
26-12-030120-164,41.7 кв.м
26-12-030120-165,28.1 кв.м
26-12-030120-157,55.2 кв.м
26-12-030120-426,55.2 кв.м
26-12-030120-190,32.3 кв.м
26-12-030120-170,42.1 кв.м
26-12-000000-5137,42.3 кв.м
26-12-030120-166,43.6 кв.м
26-12-000000-5103,500.7 кв.м
26-12-030120-188,28.9 кв.м
26-12-030120-191,43.2 кв.м
26-12-030120-161,55.4 кв.м
26-12-000000-5114,43 кв.м
26-12-030120-189,45 кв.м
26-12-030120-167,44.5 кв.м
26-12-030120-292,67.7 кв.м
26-12-030120-279,81.4 кв.м
26-12-030120-291,73.8 кв.м
26-12-030120-173,44.4 кв.м
26-12-030120-88,1172 кв.м
26-12-030120-280,82.6 кв.м
26-12-030120-281,14.2 кв.м
26-12-030120-153,251.3 кв.м
26-12-030120-290,65.3 кв.м
26-12-030120-284,40.4 кв.м
26-12-030120-285,26.2 кв.м
26-12-030120-293,17.7 кв.м
26-12-030120-282,36.1 кв.м
26-12-030120-283,13.3 кв.м
26-12-030121-140,56.3 кв.м
26-12-030120-287,64.3 кв.м
26-12-030120-294,25.1 кв.м
26-12-030120-297,18.2 кв.м
26-12-030121-161,62 кв.м
26-12-030120-298,51.7 кв.м
26-12-030120-296,26.6 кв.м
26-12-030120-286,13.4 кв.м
26-12-030120-288,72.7 кв.м
26-12-030120-299,76 кв.м
26-12-030121-162,47.2 кв.м
26-12-030120-289,90.1 кв.м
26-12-030120-295,26.2 кв.м
26-12-030121-57,2712.3 кв.м
26-12-030121-137,48.2 кв.м
26-12-030121-125,47.9 кв.м
26-12-030121-126,30.9 кв.м
26-12-030121-128,56.7 кв.м
26-12-030121-139,56.3 кв.м
26-12-030121-127,57.1 кв.м
26-12-030121-138,32.5 кв.м
26-12-030121-151,31.6 кв.м
26-12-030121-149,61.8 кв.м
26-12-030121-150,47.8 кв.м
26-12-030121-130,47.9 кв.м
26-12-030121-142,48 кв.м
26-12-030121-165,31.7 кв.м
26-12-030121-154,48 кв.м
26-12-030121-163,32.3 кв.м
26-12-030121-153,31.9 кв.м
26-12-030121-152,56.4 кв.м
26-12-030121-157,56.7 кв.м
26-12-030121-129,32 кв.м
26-12-030121-164,56.4 кв.м
26-12-030121-166,48.2 кв.м
26-12-030121-131,50.4 кв.м
26-12-030121-141,32.1 кв.м
26-12-030121-143,48.3 кв.м
26-12-030121-144,33.1 кв.м
26-12-030121-156,33.3 кв.м
26-12-030121-134,57.4 кв.м
26-12-030121-145,60.1 кв.м
26-12-030121-133,55.6 кв.м
26-12-030121-169,60.1 кв.м
26-12-030121-168,31.9 кв.м
26-12-030121-167,47.3 кв.м
26-12-030121-155,48.9 кв.м
26-12-030121-160,49.7 кв.м
26-12-030121-132,31.9 кв.м
26-12-030121-135,31 кв.м
26-12-030121-483,229.5 кв.м
26-12-030121-147,30.9 кв.м
26-12-030121-136,48.9 кв.м
26-12-030121-146,57.2 кв.м
26-12-030121-351,107.1 кв.м
26-12-030725-228,7286.2 кв.м
26-12-030121-171,31.1 кв.м
26-12-030121-148,48 кв.м
26-12-030121-159,31.2 кв.м
26-12-030121-158,55.8 кв.м
26-12-030121-170,57.4 кв.м
26-12-030121-173,127.1 кв.м
26-12-030121-463,227.1 кв.м
26-12-030121-172,50.9 кв.м
26-12-030725-408,49.9 кв.м
26-12-030725-405,62.6 кв.м
26-12-030725-409,37.3 кв.м
26-12-030725-512,72.7 кв.м
26-12-030121-464,145.3 кв.м
26-12-030725-506,50 кв.м
26-12-030725-513,34.9 кв.м
26-12-030725-406,70.1 кв.м
26-12-030725-407,78.7 кв.м
26-12-030725-403,72.5 кв.м
26-12-030725-404,34.7 кв.м
26-12-030725-511,71.5 кв.м
26-12-030725-497,38.1 кв.м
26-12-030725-566,72.6 кв.м
26-12-030725-401,57.8 кв.м
26-12-030725-505,35.1 кв.м
26-12-030725-504,78.3 кв.м
26-12-030725-402,70 кв.м
26-12-030725-502,58.2 кв.м
26-12-030725-499,64.4 кв.м
26-12-030725-494,57.7 кв.м
26-12-030725-510,62.9 кв.м
26-12-030725-503,64.3 кв.м
26-12-030725-507,64.4 кв.м
26-12-030725-509,35.1 кв.м
26-12-030725-501,35.2 кв.м
26-12-030725-495,64.5 кв.м
26-12-030725-493,38.3 кв.м
26-12-030725-492,76.5 кв.м
26-12-030725-500,75.8 кв.м
26-12-030725-491,67.3 кв.м
26-12-030725-498,55.7 кв.м
26-12-030725-490,50 кв.м
26-12-030725-489,35.1 кв.м
26-12-030725-496,77.6 кв.м
26-12-030725-488,72.3 кв.м
26-12-030725-473,46.6 кв.м
26-12-030725-479,35.6 кв.м
26-12-030725-478,45.7 кв.м
26-12-030725-486,61.8 кв.м
26-12-030725-487,64.5 кв.м
26-12-030725-482,53.3 кв.м
26-12-030725-483,47.5 кв.м
26-12-030725-485,73.2 кв.м
26-12-030725-484,35.5 кв.м
26-12-030725-477,63.1 кв.м
26-12-030725-481,62.9 кв.м
26-12-030725-476,72.8 кв.м
26-12-030725-459,35.4 кв.м
26-12-030725-475,73.4 кв.м
26-12-030725-472,63 кв.м
26-12-030725-480,77.8 кв.м
26-12-030725-471,68.7 кв.м
26-12-030725-474,35.4 кв.м
26-12-030725-470,73.7 кв.м
26-12-030725-456,69.3 кв.м
26-12-030725-467,62.8 кв.м
26-12-030725-465,73.8 кв.м
26-12-030725-461,70.6 кв.м
26-12-030725-458,46.8 кв.м
26-12-030725-457,65 кв.м
26-12-030725-462,66.9 кв.м
26-12-030725-469,39 кв.м
26-12-030725-463,46.5 кв.м
26-12-030725-455,77.1 кв.м
26-12-030725-464,41.2 кв.м
26-12-030725-468,46.5 кв.м
26-12-030725-466,71.6 кв.м
26-12-030725-460,74 кв.м
26-12-030725-450,73.8 кв.м
26-12-030725-451,69.9 кв.м
26-12-030725-454,38.6 кв.м
26-12-030725-447,66.9 кв.м
26-12-030725-453,49.9 кв.м
26-12-030725-452,62.5 кв.м
26-12-030725-448,49.2 кв.м
26-12-030725-441,65.5 кв.м
26-12-030725-440,51.9 кв.м
26-12-030725-449,38.8 кв.м
26-12-030725-446,69 кв.м
26-12-030725-445,73.9 кв.м
26-12-030725-444,34.9 кв.м
26-12-030725-435,52.4 кв.м
26-12-030725-443,46.8 кв.м
26-12-030725-439,52.3 кв.м
26-12-030725-438,51.4 кв.м
26-12-030725-434,75.2 кв.м
26-12-030725-430,62.9 кв.м
26-12-030725-437,65.5 кв.м
26-12-030725-436,50.2 кв.м
26-12-030725-442,62.5 кв.м
26-12-030725-425,67 кв.м
26-12-030725-432,49.3 кв.м
26-12-030725-431,48.9 кв.м
26-12-030725-426,62.3 кв.м
26-12-030725-433,61.5 кв.м
26-12-030725-429,65.6 кв.м
26-12-030725-428,52.4 кв.м
26-12-030725-416,49.3 кв.м
26-12-030725-414,63.1 кв.м
26-12-030725-419,53 кв.м
26-12-030725-427,49.4 кв.м
26-12-030725-420,48.1 кв.м
26-12-030725-424,49.3 кв.м
26-12-030725-399,49.3 кв.м
26-12-030725-415,52.3 кв.м
26-12-030725-417,65.5 кв.м
26-12-030725-411,56 кв.м
26-12-030725-418,63.1 кв.м
26-12-030725-422,63 кв.м
26-12-030725-423,52.9 кв.м
26-12-030725-410,62.9 кв.м
26-12-030725-398,49 кв.м
26-12-030725-421,61.7 кв.м
26-12-030725-394,405.2 кв.м
26-12-030725-412,52.6 кв.м
26-12-030725-397,62.9 кв.м
26-12-030725-413,60.7 кв.м
26-12-030725-570,160 кв.м
26-12-030725-382,80.6 кв.м
26-12-030725-400,59.9 кв.м
26-12-030725-571,82.4 кв.м
26-12-030725-383,55.7 кв.м
26-12-030725-366,57.9 кв.м
26-12-030725-224,3743.1 кв.м
26-12-030725-377,122.6 кв.м
26-12-030725-378,37 кв.м
26-12-030725-379,37 кв.м
26-12-030725-384,48.4 кв.м
26-12-030725-569,135.4 кв.м
26-12-030725-376,59.2 кв.м
26-12-030725-385,86.6 кв.м
26-12-030725-381,68.3 кв.м
26-12-030725-386,70.7 кв.м
26-12-030725-373,34.4 кв.м
26-12-030725-375,71.6 кв.м
26-12-030725-372,36.2 кв.м
26-12-030725-370,58.6 кв.м
26-12-030725-371,122.7 кв.м
26-12-030725-374,99.2 кв.м
26-12-030725-365,155.1 кв.м
26-12-030725-369,72.6 кв.м
26-12-030725-380,37 кв.м
26-12-030725-368,98.8 кв.м
26-12-030725-364,68.5 кв.м
26-12-030725-359,58.2 кв.м
26-12-030725-360,122.7 кв.м
26-12-030725-361,34.5 кв.м
26-12-030725-367,36.3 кв.м
26-12-030725-357,71.5 кв.м
26-12-030725-363,97 кв.м
26-12-030725-347,118.8 кв.м
26-12-030725-362,38.8 кв.м
26-12-030725-354,34.8 кв.м
26-12-030725-342,35.1 кв.м
26-12-030725-352,57.9 кв.м
26-12-030725-353,118.2 кв.м
26-12-030725-358,58.5 кв.м
26-12-030725-351,70.6 кв.м
26-12-030725-350,94.4 кв.м
26-12-030725-336,35.6 кв.м
26-12-030725-355,36 кв.м
26-12-030725-345,68 кв.м
26-12-030725-348,36.4 кв.м
26-12-030725-343,34.7 кв.м
26-12-030725-349,36.5 кв.м
26-12-000000-5133,89.5 кв.м
26-12-030725-356,96 кв.м
26-12-030725-341,123 кв.м
26-12-030725-335,119.5 кв.м
26-12-030725-337,36.4 кв.м
26-12-030725-573,95.1 кв.м
26-12-030725-340,98 кв.м
26-12-030725-346,55 кв.м
26-12-030725-339,55.4 кв.м
26-12-030725-728,35.6 кв.м
26-12-030725-338,71 кв.м
26-12-030725-798,9737.3 кв.м
26-12-030725-730,35.3 кв.м
26-12-030725-759,97.5 кв.м
26-12-030725-711,85.6 кв.м
26-12-030725-742,72.2 кв.м
26-12-030725-388,143.4 кв.м
26-12-030725-713,35.4 кв.м
26-12-030725-709,85.3 кв.м
26-12-030725-714,85.3 кв.м
26-12-030725-756,72.1 кв.м
26-12-030725-715,35.2 кв.м
26-12-030725-761,98.1 кв.м
26-12-030725-733,97.9 кв.м
26-12-030725-716,85.5 кв.м
26-12-030725-1194,160.9 кв.м
26-12-030725-735,35.3 кв.м
26-12-030725-720,35.2 кв.м
26-12-030725-717,35.3 кв.м
26-12-030725-718,72 кв.м
26-12-030725-750,35.4 кв.м
26-12-030725-757,35.3 кв.м
26-12-030725-721,71.8 кв.м
26-12-030725-766,98 кв.м
26-12-030725-724,85.5 кв.м
26-12-030725-746,97.8 кв.м
26-12-030725-755,97.7 кв.м
26-12-030725-719,35.3 кв.м
26-12-030725-722,35.4 кв.м
26-12-030725-747,85.3 кв.м
26-12-030725-723,35.2 кв.м
26-12-030725-765,71.7 кв.м
26-12-030725-738,35.4 кв.м
26-12-030725-734,35.3 кв.м
26-12-030725-760,97.9 кв.м
26-12-030725-767,35.4 кв.м
26-12-030725-751,85.7 кв.м
26-12-030725-763,72 кв.м
26-12-030725-681,27.3 кв.м
26-12-030725-739,97.4 кв.м
26-12-030725-758,85.5 кв.м
26-12-030725-737,85.8 кв.м
26-12-030725-732,71.5 кв.м
26-12-030725-727,71.6 кв.м
26-12-030725-753,35.6 кв.м
26-12-030725-725,71.3 кв.м
26-12-030725-740,35.3 кв.м
26-12-030725-736,97.6 кв.м
26-12-030725-748,35.2 кв.м
26-12-030725-754,57.5 кв.м
26-12-030725-741,37.9 кв.м
26-12-030725-745,38.9 кв.м
26-12-030725-729,57.5 кв.м
26-12-030725-712,57.6 кв.м
26-12-030725-710,57.5 кв.м
26-12-030725-726,37.6 кв.м
26-12-030725-764,57.7 кв.м
26-12-030725-752,38 кв.м
26-12-030725-743,38.1 кв.м
26-12-030725-589,57.4 кв.м
26-12-030725-762,56.9 кв.м
26-12-030725-731,57.7 кв.м
26-12-030725-609,38.2 кв.м
26-12-030725-749,37.8 кв.м
26-12-030725-690,57.6 кв.м
26-12-030725-768,38.4 кв.м
26-12-030725-656,57.6 кв.м
26-12-030725-744,38 кв.м
26-12-030725-657,38 кв.м
26-12-030725-703,38.1 кв.м
26-12-030725-696,38.1 кв.м
26-12-030725-682,57.7 кв.м
26-12-030725-670,57.6 кв.м
26-12-030725-653,38.1 кв.м
26-12-030725-598,38.1 кв.м
26-12-030725-599,57.6 кв.м
26-12-030725-769,57.5 кв.м
26-12-030725-664,57.6 кв.м
26-12-030725-661,38.1 кв.м
26-12-030725-593,38.4 кв.м
26-12-030725-622,57.5 кв.м
26-12-030725-595,57.5 кв.м
26-12-030725-702,38.5 кв.м
26-12-030725-675,38.8 кв.м
26-12-030725-671,57.6 кв.м
26-12-030725-604,58 кв.м
26-12-030725-605,57.7 кв.м
26-12-030725-685,38.3 кв.м
26-12-030725-601,38.4 кв.м
26-12-030725-642,57.7 кв.м
26-12-030725-614,57.1 кв.м
26-12-030725-629,38.4 кв.м
26-12-030725-616,38.8 кв.м
26-12-030725-1193,112.5 кв.м
26-12-030725-694,57.4 кв.м
26-12-030725-699,38.4 кв.м
26-12-030725-603,38.6 кв.м
26-12-030725-655,38.1 кв.м
26-12-030725-698,57.6 кв.м
26-12-030725-663,57.6 кв.м
26-12-030725-606,38.5 кв.м
26-12-030725-660,57.6 кв.м
26-12-030725-621,57.8 кв.м
26-12-030725-633,38.4 кв.м
26-12-030725-619,38.2 кв.м
26-12-030725-628,38.8 кв.м
26-12-030725-651,57.4 кв.м
26-12-030725-689,38.4 кв.м
26-12-030725-707,57.6 кв.м
26-12-030725-646,57.5 кв.м
26-12-030725-649,38.1 кв.м
26-12-030725-677,57.7 кв.м
26-12-030725-686,38 кв.м
26-12-030725-674,57.5 кв.м
26-12-030725-667,38.5 кв.м
26-12-030725-618,57.5 кв.м
26-12-030725-697,37.8 кв.м
26-12-030725-659,57.5 кв.м
26-12-030725-650,38.4 кв.м
26-12-030725-669,54.7 кв.м
26-12-030725-641,57.5 кв.м
26-12-030725-647,57.6 кв.м
26-12-030725-676,60.9 кв.м
26-12-030725-688,38 кв.м
26-12-030725-590,38.2 кв.м
26-12-030725-623,54.6 кв.м
26-12-030725-672,38 кв.м
26-12-030725-684,38.3 кв.м
26-12-030725-635,38.4 кв.м
26-12-030725-620,53.9 кв.м
26-12-030725-631,38.3 кв.м
26-12-030725-683,53.7 кв.м
26-12-030725-652,38.6 кв.м
26-12-030725-658,53.8 кв.м
26-12-030725-591,53.6 кв.м
26-12-030725-615,38.4 кв.м
26-12-030725-692,54.6 кв.м
26-12-030725-612,53.6 кв.м
26-12-030725-704,53.8 кв.м
26-12-030725-592,55.1 кв.м
26-12-030725-687,38.5 кв.м
26-12-030725-594,38.5 кв.м
26-12-030725-617,38.2 кв.м
26-12-030725-630,55.1 кв.м
26-12-030725-643,38.6 кв.м
26-12-030725-665,55 кв.м
26-12-030725-632,55.1 кв.м
26-12-030725-600,55 кв.м
26-12-030725-668,38.6 кв.м
26-12-030725-680,53.8 кв.м
26-12-030725-588,54.9 кв.м
26-12-030725-654,38.4 кв.м
26-12-030725-695,38.8 кв.м
26-12-030725-636,53.5 кв.м
26-12-030725-608,38.7 кв.м
26-12-030725-700,38.9 кв.м
26-12-030725-887,53 кв.м
26-12-030725-865,53.4 кв.м
26-12-030725-836,38.5 кв.м
26-12-030725-846,53.4 кв.м
26-12-030725-872,37.9 кв.м
26-12-030725-807,38.6 кв.м
26-12-030725-899,38.3 кв.м
26-12-030725-973,430.7 кв.м
26-12-030725-892,53.4 кв.м
26-12-030725-897,53.3 кв.м
26-12-030725-840,53.6 кв.м
26-12-030725-924,38.7 кв.м
26-12-030725-822,37.9 кв.м
26-12-030725-936,38.2 кв.м
26-12-030725-856,38.2 кв.м
26-12-030725-825,53.4 кв.м
26-12-030725-839,37.8 кв.м
26-12-030725-803,53.7 кв.м
26-12-030725-819,53.6 кв.м
26-12-030725-933,38.1 кв.м
26-12-030725-808,38.2 кв.м
26-12-030725-917,38.1 кв.м
26-12-030725-870,53.9 кв.м
26-12-030725-903,37.8 кв.м
26-12-030725-831,53.4 кв.м
26-12-030725-801,53.5 кв.м
26-12-030725-935,53.4 кв.м
26-12-030725-828,38 кв.м
26-12-030725-893,38.1 кв.м
26-12-030725-883,53.2 кв.м
26-12-030725-894,53.1 кв.м
26-12-030725-932,37.8 кв.м
26-12-030725-918,37.8 кв.м
26-12-030725-875,37.6 кв.м
26-12-030725-885,38.1 кв.м
26-12-030725-827,53.3 кв.м
26-12-030725-866,53.2 кв.м
26-12-030725-868,38.1 кв.м
26-12-030725-830,53.2 кв.м
26-12-030725-890,53.3 кв.м
26-12-030725-848,38.6 кв.м
26-12-030725-842,37.9 кв.м
26-12-030725-925,53.2 кв.м
26-12-030725-820,53.2 кв.м
26-12-030725-855,37.9 кв.м
26-12-030725-818,53.5 кв.м
26-12-030725-800,53.4 кв.м
26-12-030725-945,53.2 кв.м
26-12-030725-832,38.2 кв.м
26-12-030725-878,38.6 кв.м
26-12-030725-864,53.2 кв.м
26-12-030725-895,53.7 кв.м
26-12-030725-886,38.1 кв.м
26-12-030725-911,37.4 кв.м
26-12-030725-812,53.3 кв.м
26-12-030725-859,38.3 кв.м
26-12-030725-902,37.8 кв.м
26-12-030725-916,38 кв.м
26-12-030725-921,53.3 кв.м
26-12-030725-849,53.3 кв.м
26-12-030725-841,37.9 кв.м
26-12-030725-940,53 кв.м
26-12-030725-843,37.3 кв.м
26-12-030725-845,37.8 кв.м
26-12-030725-817,52.7 кв.м
26-12-030725-806,53 кв.м
26-12-030725-869,53.4 кв.м
26-12-030725-888,38.2 кв.м
26-12-030725-850,53.2 кв.м
26-12-030725-858,38 кв.м
26-12-030725-941,52.7 кв.м
26-12-030725-851,84.1 кв.м
26-12-030725-906,53.2 кв.м
26-12-030725-910,35.8 кв.м
26-12-030725-799,37.7 кв.м
26-12-030725-901,35.7 кв.м
26-12-030725-809,35.5 кв.м
26-12-030725-854,97.8 кв.м
26-12-030725-900,35.8 кв.м
26-12-030725-867,35.5 кв.м
26-12-030725-937,97.1 кв.м
26-12-030725-926,85.9 кв.м
26-12-030725-814,97.1 кв.м
26-12-030725-907,71.9 кв.м
26-12-030725-909,72.3 кв.м
26-12-030725-804,97.7 кв.м
26-12-030725-922,72.1 кв.м
26-12-030725-824,72.1 кв.м
26-12-030725-847,85.5 кв.м
26-12-030725-938,72 кв.м
26-12-030725-930,86.6 кв.м
26-12-030725-913,35.5 кв.м
26-12-030725-877,35.6 кв.м
26-12-030725-919,35.2 кв.м
26-12-030725-829,35.6 кв.м
26-12-030725-852,85.9 кв.м
26-12-030725-889,35.9 кв.м
26-12-030725-876,97.6 кв.м
26-12-030725-837,97.4 кв.м
26-12-030725-931,35.4 кв.м
26-12-030725-802,85.7 кв.м
26-12-030725-942,85.9 кв.м
26-12-030725-896,97.6 кв.м
26-12-030725-874,35.3 кв.м
26-12-030725-857,35.5 кв.м
26-12-030725-813,85.9 кв.м
26-12-030725-923,35.3 кв.м
26-12-030725-860,71.9 кв.м
26-12-030725-904,86 кв.м
26-12-030725-1042,36.1 кв.м
26-12-030725-905,35.6 кв.м
26-12-030725-833,35.4 кв.м
26-12-030725-881,97.6 кв.м
26-12-030725-863,71.8 кв.м
26-12-030725-821,71.9 кв.м
26-12-030725-1024,32 кв.м
26-12-030725-873,97.3 кв.м
26-12-030725-844,71.7 кв.м
26-12-030725-1126,31.4 кв.м
26-12-030725-999,32.8 кв.м
26-12-030725-1154,55.2 кв.м
26-12-030725-1052,34.9 кв.м
26-12-030725-982,38.5 кв.м
26-12-030725-1105,57.2 кв.м
26-12-030725-920,35.5 кв.м
26-12-030725-1149,34.9 кв.м
26-12-030725-1040,56.7 кв.м
26-12-030725-1009,31.3 кв.м
26-12-030725-1027,34.5 кв.м
26-12-030725-1051,31.4 кв.м
26-12-030725-1028,35.4 кв.м
26-12-030725-991,32.3 кв.м
26-12-030725-1110,34.6 кв.м
26-12-030725-1108,56.4 кв.м
26-12-030725-1138,32.3 кв.м
26-12-030725-1155,60.5 кв.м
26-12-030725-834,35.5 кв.м
26-12-030725-1063,35.2 кв.м
26-12-030725-1003,34.6 кв.м
26-12-030725-960,34.6 кв.м
26-12-030725-985,35.6 кв.м
26-12-030725-961,60.5 кв.м
26-12-030725-965,31.5 кв.м
26-12-030725-1141,35.4 кв.м
26-12-030725-1034,32.2 кв.м
26-12-030725-1101,34.7 кв.м
26-12-030725-1116,56.4 кв.м
26-12-030725-1144,34.9 кв.м
26-12-030725-1145,31.4 кв.м
26-12-030725-1066,35.7 кв.м
26-12-030725-964,31 кв.м
26-12-030725-1115,31.2 кв.м
26-12-030725-1094,35.8 кв.м
26-12-030725-1002,32.5 кв.м
26-12-030725-1122,60.5 кв.м
26-12-030725-976,34.5 кв.м
26-12-030725-1088,35.6 кв.м
26-12-030725-1157,34.7 кв.м
26-12-030725-998,60.6 кв.м
26-12-030725-971,56.3 кв.м
26-12-030725-955,32.4 кв.м
26-12-030725-1058,35.5 кв.м
26-12-030725-1133,31.5 кв.м
26-12-030725-1098,31.3 кв.м
26-12-030725-1019,61.1 кв.м
26-12-030725-1106,31 кв.м
26-12-030725-1012,34 кв.м
26-12-030725-1007,56.5 кв.м
26-12-030725-1025,34.2 кв.м
26-12-030725-1068,35.3 кв.м
26-12-030725-1041,32.2 кв.м
26-12-030725-1100,31.6 кв.м
26-12-030725-1037,56.3 кв.м
26-12-030725-1023,33.9 кв.м
26-12-030725-996,31.6 кв.м
26-12-030725-1109,34.5 кв.м
26-12-030725-1083,34.9 кв.м
26-12-030725-987,35.2 кв.м
26-12-030725-1130,32.1 кв.м
26-12-030725-1158,60.2 кв.м
26-12-030725-956,31.1 кв.м
26-12-030725-1156,56.4 кв.м
26-12-030725-1022,34.3 кв.м
26-12-030725-958,35.3 кв.м
26-12-030725-1095,60.5 кв.м
26-12-030725-1125,34.2 кв.м
26-12-030725-969,35.3 кв.м
26-12-030725-975,34 кв.м
26-12-030725-1047,31.4 кв.м
26-12-030725-1128,35.3 кв.м
26-12-030725-1014,60.6 кв.м
26-12-030725-1057,34.3 кв.м
26-12-030725-1091,33.9 кв.м
26-12-030725-1018,32.3 кв.м
26-12-030725-1096,56.3 кв.м
26-12-030725-986,31.2 кв.м
26-12-030725-1071,33 кв.м
26-12-030725-1102,43.6 кв.м
26-12-030725-1114,57.9 кв.м
26-12-030725-1076,68.2 кв.м
26-12-030725-978,76.2 кв.м
26-12-030725-981,31.3 кв.м
26-12-030725-1050,51 кв.м
26-12-030725-970,35.1 кв.м
26-12-030725-1015,44.4 кв.м
26-12-030725-1136,57.1 кв.м
26-12-030725-1035,68.2 кв.м
26-12-030725-1029,36 кв.м
26-12-030725-1053,86.4 кв.м
26-12-030725-1135,35.6 кв.м
26-12-030725-1055,33.3 кв.м
26-12-030725-1073,87.2 кв.м
26-12-030725-1008,43.5 кв.м
26-12-030725-1062,57.1 кв.м
26-12-030725-1046,33 кв.м
26-12-030725-1065,35.4 кв.м
26-12-030725-1036,43.5 кв.м
26-12-030725-1104,68.2 кв.м
26-12-030725-980,86.9 кв.м
26-12-030725-1120,35.3 кв.м
26-12-030725-1017,68.3 кв.м
26-12-030725-1031,33 кв.м
26-12-030725-1033,35.5 кв.м
26-12-030725-1137,57.1 кв.м
26-12-030725-1070,43.4 кв.м
26-12-030725-959,56.9 кв.м
26-12-030725-995,68.3 кв.м
26-12-030725-1191,127 кв.м
26-12-030725-1045,68.3 кв.м
26-12-030725-1013,86.9 кв.м
26-12-030725-1043,43.4 кв.м
26-12-030725-1021,43.3 кв.м
26-12-030725-1006,68.1 кв.м
26-12-030725-1075,33.2 кв.м
26-12-030725-1049,57.1 кв.м
26-12-030725-1086,89.5 кв.м
26-12-030725-1089,33 кв.м
26-12-030725-984,57.2 кв.м
26-12-030725-968,33 кв.м
26-12-030725-1074,35.6 кв.м
26-12-030725-1131,86.9 кв.м
26-12-030725-1078,68.1 кв.м
26-12-030725-1123,43 кв.м
26-12-030725-992,98.8 кв.м
26-12-030725-1077,57.1 кв.м
26-12-030725-993,87.2 кв.м
26-12-030725-966,62.8 кв.м
26-12-030725-1067,41 кв.м
26-12-030725-1103,35.5 кв.м
26-12-030725-1112,32.7 кв.м
26-12-030725-957,45.9 кв.м
26-12-030725-1084,39 кв.м
26-12-030725-1111,42.5 кв.м
26-12-030725-1148,63.4 кв.м
26-12-030725-1085,46 кв.м
26-12-030725-1146,71.4 кв.м
26-12-030725-1092,43.3 кв.м
26-12-030725-1038,63 кв.м
26-12-030725-1134,46.1 кв.м
26-12-030725-979,45.9 кв.м
26-12-030725-1142,39.6 кв.м
26-12-030725-1150,71.1 кв.м
26-12-030725-1153,39.2 кв.м
26-12-030725-972,62.8 кв.м
26-12-030725-1056,71.2 кв.м
26-12-030725-1048,41.4 кв.м
26-12-030725-1087,46 кв.м
26-12-030725-1032,62.7 кв.м
26-12-030725-1147,62.8 кв.м
26-12-030725-1044,41.8 кв.м
26-12-030725-962,71.7 кв.м
26-12-030725-1059,39.4 кв.м
26-12-030725-963,62.8 кв.м
26-12-030725-1107,39.6 кв.м
26-12-030725-1132,41.3 кв.м
26-12-030725-997,41.4 кв.м
26-12-030725-1117,39.5 кв.м
26-12-030725-1113,70.9 кв.м
26-12-030725-1004,39.5 кв.м
26-12-030725-988,62.6 кв.м
26-12-030725-1119,71.1 кв.м
26-12-030725-1072,41.4 кв.м
26-12-030725-994,45.8 кв.м
26-12-030725-1054,41.4 кв.м
26-12-030725-1159,45.8 кв.м
26-12-030725-967,70.8 кв.м
26-12-030725-1026,45.9 кв.м
26-12-030725-626,22.4 кв.м
26-12-030725-648,29.7 кв.м
26-12-030725-1030,39.5 кв.м
26-12-030725-705,26.8 кв.м
26-12-030725-1064,41.3 кв.м
26-12-030725-1139,70.9 кв.м
26-12-030725-637,16.5 кв.м
26-12-030725-613,22.9 кв.м
26-12-030725-708,34.7 кв.м
26-12-030725-1143,62.5 кв.м
26-12-030725-638,21.8 кв.м
26-12-030725-810,29.6 кв.м
26-12-030725-679,21.2 кв.м
26-12-030725-706,18.7 кв.м
26-12-030725-607,22.6 кв.м
26-12-030725-678,37.2 кв.м
26-12-030725-673,22.1 кв.м
26-12-030725-602,32.2 кв.м
26-12-030725-627,28.6 кв.м
26-12-030725-634,29 кв.м
26-12-030725-811,21.3 кв.м
26-12-030725-644,28.9 кв.м
26-12-030725-645,23.2 кв.м
26-12-030725-691,27.1 кв.м
26-12-030725-880,18.8 кв.м
26-12-030725-624,31.5 кв.м
26-12-030725-884,17.2 кв.м
26-12-030725-879,18.2 кв.м
26-12-030725-640,25.5 кв.м
26-12-030725-944,29 кв.м
26-12-030725-939,27.5 кв.м
26-12-030725-871,25.8 кв.м
26-12-030725-805,33.5 кв.м
26-12-030725-914,19.6 кв.м
26-12-030725-915,18.1 кв.м
26-12-030725-823,43.5 кв.м
26-12-030725-862,17.9 кв.м
26-12-030725-815,25.3 кв.м
26-12-030725-826,38.3 кв.м
26-12-030725-882,21 кв.м
26-12-030725-838,19.9 кв.м
26-12-030725-898,40.9 кв.м
26-12-030725-1005,23.8 кв.м
26-12-030725-1151,54.5 кв.м
26-12-030725-934,24.5 кв.м
26-12-030725-1020,28.6 кв.м
26-12-030725-891,21.6 кв.м
26-12-030725-929,50 кв.м
26-12-030725-912,25.3 кв.м
26-12-030725-1152,39.5 кв.м
26-12-030725-1127,46.6 кв.м
26-12-030725-1010,29.4 кв.м
26-12-030725-1129,24.1 кв.м
26-12-030725-1082,23.5 кв.м
26-12-030725-1124,26 кв.м
26-12-030725-990,26.6 кв.м
26-12-030725-983,27.3 кв.м
26-12-030725-1079,42.7 кв.м
26-12-030725-989,24.4 кв.м
26-12-030725-781,16.5 кв.м
26-12-030725-1060,32.9 кв.м
26-12-030725-1011,27.1 кв.м
26-12-030725-1093,20.7 кв.м
26-12-030725-974,22.9 кв.м
26-12-030725-947,16.4 кв.м
26-12-030725-977,30.1 кв.м
26-12-030725-1097,26.9 кв.м
26-12-030725-1001,34.9 кв.м
26-12-030725-1069,29.3 кв.м
26-12-030725-1182,21.1 кв.м
26-12-030725-1121,130.8 кв.м
26-12-030725-1016,23.2 кв.м
26-12-030725-1180,21.2 кв.м
26-12-030725-1189,21.2 кв.м
26-12-030725-1187,21.1 кв.м
26-12-030725-1181,21.1 кв.м
26-12-030725-1185,21.3 кв.м
26-12-030725-927,39.3 кв.м
26-12-030725-1183,20.8 кв.м
26-12-030725-1176,50.3 кв.м
26-12-030725-1177,51.7 кв.м
26-12-030725-1188,50.4 кв.м
26-12-030725-1186,21.1 кв.м
26-12-030725-1184,21.1 кв.м
26-12-030725-266,34.3 кв.м
26-12-030725-1190,100.8 кв.м
26-12-030725-265,60.7 кв.м
26-12-030725-167,5655.7 кв.м
26-12-030725-308,33.2 кв.м
26-12-030725-250,50.5 кв.м
26-12-030725-267,49.8 кв.м
26-12-030725-276,52.1 кв.м
26-12-030725-248,60.9 кв.м
26-12-030725-249,34.4 кв.м
26-12-030725-277,59.9 кв.м
26-12-030725-278,34.3 кв.м
26-12-030725-251,51.5 кв.м
26-12-030725-291,34 кв.м
26-12-030725-290,60.7 кв.м
26-12-030725-252,50.5 кв.м
26-12-030725-292,53.3 кв.м
26-12-030725-309,51.7 кв.м
26-12-030725-294,49.8 кв.м
26-12-030725-293,51.5 кв.м
26-12-030725-279,51 кв.м
26-12-030725-243,58.8 кв.м
26-12-030725-264,47 кв.м
26-12-030725-253,46.8 кв.м
26-12-030725-263,50.4 кв.м
26-12-030725-306,47.2 кв.м
26-12-030725-281,47 кв.м
26-12-030725-295,46.6 кв.м
26-12-030725-262,51.1 кв.м
26-12-030725-280,50.2 кв.м
26-12-030725-301,59.4 кв.м
26-12-030725-261,74.4 кв.м
26-12-030725-305,48.8 кв.м
26-12-030725-275,74 кв.м
26-12-030725-304,52.7 кв.м
26-12-030725-284,74.6 кв.м
26-12-030725-260,60.5 кв.м
26-12-030725-283,61.2 кв.м
26-12-030725-273,61.7 кв.м
26-12-030725-300,62.6 кв.м
26-12-030725-259,61.1 кв.м
26-12-030725-274,60.1 кв.м
26-12-030725-270,59.6 кв.м
26-12-030725-242,74.6 кв.м
26-12-030725-256,57.9 кв.м
26-12-030725-315,61.1 кв.м
26-12-030725-317,74.9 кв.м
26-12-030725-255,82.1 кв.м
26-12-030725-282,62.7 кв.м
26-12-030725-244,81.5 кв.м
26-12-030725-316,58.8 кв.м
26-12-030725-298,61.6 кв.м
26-12-030725-311,59.2 кв.м
26-12-030725-296,82.4 кв.м
26-12-030725-310,82.9 кв.м
26-12-030725-1197,"483,2 кв.м"
26-12-030725-241,53.3 кв.м
26-12-030725-285,82.8 кв.м
26-12-030725-1196,"446,5 кв.м"
26-12-030725-257,61.6 кв.м
26-12-030725-312,61.2 кв.м
26-12-030725-297,59.1 кв.м
26-12-010606-126,"86,6 кв.м"
26-12-030725-286,59.2 кв.м
26-12-030725-258,32.9 кв.м
26-12-030725-288,34.7 кв.м
26-12-030725-299,34 кв.м
26-12-030725-272,33.3 кв.м
26-12-030725-303,54.1 кв.м
26-12-030725-287,62.9 кв.м
26-12-030102-701,60.3 кв.м
26-12-030725-289,52.5 кв.м
26-12-030725-269,53.6 кв.м
26-12-030725-313,33.4 кв.м
26-12-010606-128,"24,6 кв.м"
26-12-000000-5134,102.6 кв.м
26-12-010606-130,40 кв.м
26-12-010606-131,"37,8 кв.м"
26-12-010606-129,"53,8 кв.м"
26-12-010606-133,"40,5 кв.м"
26-12-030725-314,54.3 кв.м
26-12-010606-135,"37,5 кв.м"
26-12-010606-132,"37,1 кв.м"
26-12-000000-7166,35.1 кв.м
26-12-030739-209,53.5 кв.м
26-12-030725-568,35.5 кв.м
26-12-030739-153,53.5 кв.м
26-12-030739-208,45.5 кв.м
26-12-010606-90,38.3 кв.м
26-12-010606-94,37.9 кв.м
26-12-010606-27,470.6 кв.м
26-12-010606-92,40 кв.м
26-12-010606-91,37.3 кв.м
26-12-010606-29,657.1 кв.м
26-12-010606-93,110.1 кв.м
26-12-010606-99,37.3 кв.м
26-12-010606-96,40.2 кв.м
26-12-010606-95,37.4 кв.м
26-12-010606-30,467.3 кв.м
26-12-010606-100,37.9 кв.м
26-12-010606-101,41.4 кв.м
26-12-010606-24,466.5 кв.м
26-12-010606-98,41.2 кв.м
26-12-010606-97,40.9 кв.м
26-12-010606-187,41.3 кв.м
26-12-010606-37,472.5 кв.м
26-12-010606-191,41.1 кв.м
26-12-010606-196,41 кв.м
26-12-010606-151,38.5 кв.м
26-12-010606-204,39.7 кв.м
26-12-010606-35,463.2 кв.м
26-12-010606-194,37.7 кв.м
26-12-010606-28,466 кв.м
26-12-010606-207,38.2 кв.м
26-12-010606-189,37.8 кв.м
26-12-010606-205,38.1 кв.м
26-12-010606-188,40.9 кв.м
26-12-010606-39,39.7 кв.м
26-12-010606-206,40.5 кв.м
26-12-010606-148,39.6 кв.м
26-12-010606-192,38 кв.м
26-12-010606-193,39.7 кв.м
26-12-010606-190,37.8 кв.м
26-12-010606-144,41 кв.м
26-12-010606-143,38.2 кв.м
26-12-010606-197,37.9 кв.м
26-12-010606-145,39 кв.м
26-12-010606-149,39.9 кв.м
26-12-010606-146,36.9 кв.м
26-12-010606-147,37.9 кв.м
26-12-010606-32,462.7 кв.м
26-12-010606-33,561.3 кв.м
26-12-010605-586,37.4 кв.м
26-12-010606-154,36.2 кв.м
26-12-010606-397,38.3 кв.м
26-12-010606-150,36.2 кв.м
26-12-030101-2078,96.4 кв.м
26-12-010606-152,39.7 кв.м
26-12-010606-41,465 кв.м
26-12-010606-185,39.8 кв.м
26-12-010606-34,468.8 кв.м
26-12-030101-534,63.1 кв.м
26-12-030101-532,88.2 кв.м
26-12-010605-589,40.7 кв.м
26-12-010605-584,37.4 кв.м
26-12-010605-588,37.7 кв.м
26-12-030101-531,58.3 кв.м
26-12-030101-733,24.8 кв.м
26-12-030101-736,23 кв.м
26-12-030101-734,46.5 кв.м
26-12-030101-533,82.2 кв.м
26-12-030101-737,27.9 кв.м
26-12-030101-143,324.6 кв.м
26-12-030101-2242,68.5 кв.м
26-12-030101-735,47.2 кв.м
26-12-030101-738,44.6 кв.м
26-12-030101-732,31.7 кв.м
26-12-030101-546,58.5 кв.м
26-12-030101-535,96.2 кв.м
26-12-030101-543,58.6 кв.м
26-12-030101-542,96.4 кв.м
26-12-030101-555,58.7 кв.м
26-12-030101-547,96.2 кв.м
26-12-030101-2075,82.6 кв.м
26-12-030101-558,58.6 кв.м
26-12-030101-545,82.2 кв.м
26-12-030101-2079,96.6 кв.м
26-12-030101-544,82.4 кв.м
26-12-030101-557,82.2 кв.м
26-12-030101-578,58.7 кв.м
26-12-030101-566,96.6 кв.м
26-12-030101-571,96.4 кв.м
26-12-030101-559,96.5 кв.м
26-12-030101-570,58.6 кв.м
26-12-030101-569,82.4 кв.м
26-12-030101-2072,85.5 кв.м
26-12-030101-581,58.5 кв.м
26-12-030101-577,96.7 кв.м
26-12-030101-567,58.9 кв.м
26-12-030101-579,82.5 кв.м
26-12-030101-591,82.6 кв.м
26-12-030101-1936,96.4 кв.м
26-12-030101-2019,58.8 кв.м
26-12-030101-590,82.3 кв.м
26-12-030101-593,96.3 кв.м
26-12-030101-602,82.4 кв.м
26-12-030101-588,96.5 кв.м
26-12-030101-592,58.7 кв.м
26-12-030101-601,58.9 кв.м
26-12-030101-600,96.5 кв.м
26-12-030101-615,82.7 кв.м
26-12-030101-605,96.2 кв.м
26-12-030101-612,96.3 кв.м
26-12-030101-654,96.4 кв.м
26-12-030101-613,59 кв.м
26-12-030101-604,58.5 кв.м
26-12-030101-634,58.7 кв.м
26-12-030101-633,96.8 кв.м
26-12-030101-614,82.7 кв.м
26-12-030101-616,58.8 кв.м
26-12-030101-603,82.4 кв.м
26-12-030101-2070,59.1 кв.м
26-12-030101-2030,96.2 кв.м
26-12-030101-625,82.7 кв.м
26-12-030101-624,82.1 кв.м
26-12-030101-635,82.5 кв.м
26-12-030101-626,58.8 кв.м
26-12-030101-627,96.2 кв.м
26-12-030101-646,58.9 кв.м
26-12-030101-638,96.4 кв.м
26-12-030101-647,82.7 кв.м
26-12-030101-2007,82.6 кв.м
26-12-030101-636,82.5 кв.м
26-12-030101-2083,96.4 кв.м
26-12-030101-2031,57.6 кв.м
26-12-030101-673,83.2 кв.м
26-12-030101-645,96.6 кв.м
26-12-030101-649,58.6 кв.м
26-12-030101-670,96.3 кв.м
26-12-030101-658,96.8 кв.м
26-12-030101-674,58.8 кв.м
26-12-030101-1897,96.3 кв.м
26-12-030101-659,58.9 кв.м
26-12-030101-2021,82.6 кв.м
26-12-030101-672,82.7 кв.м
26-12-030101-682,96.7 кв.м
26-12-030101-2024,58.7 кв.м
26-12-030101-695,59.1 кв.м
26-12-030101-1896,58.7 кв.м
26-12-030101-685,82.4 кв.м
26-12-030101-687,96.2 кв.м
26-12-030101-671,59 кв.м
26-12-030101-675,96.2 кв.м
26-12-030101-1970,96.2 кв.м
26-12-030101-684,82.4 кв.м
26-12-030101-696,82.1 кв.м
26-12-030101-686,58.5 кв.м
26-12-030101-698,58.8 кв.м
26-12-030101-712,96.4 кв.м
26-12-030101-708,82.2 кв.м
26-12-030101-697,82.7 кв.м
26-12-030101-709,86.4 кв.м
26-12-030101-710,58.4 кв.м
26-12-030101-2172,52.5 кв.м
26-12-030101-711,96.2 кв.м
26-12-030101-714,82.3 кв.м
26-12-030101-707,58.8 кв.м
26-12-030101-713,58.9 кв.м
26-12-030101-716,58.5 кв.м
26-12-030101-2171,151.3 кв.м
26-12-030101-699,96.2 кв.м
26-12-030101-536,96.7 кв.м
26-12-030101-537,58.7 кв.м
26-12-030101-2052,96.1 кв.м
26-12-030101-715,82.3 кв.м
26-12-030101-538,82.8 кв.м
26-12-030101-549,58.7 кв.м
26-12-030101-2032,96.7 кв.м
26-12-030101-551,82.5 кв.м
26-12-030101-550,80.7 кв.м
26-12-030101-553,96.5 кв.м
26-12-030101-539,82.5 кв.м
26-12-030101-552,58.9 кв.м
26-12-030101-560,96.7 кв.м
26-12-030101-564,58.8 кв.м
26-12-030101-561,56.2 кв.м
26-12-030101-572,96.8 кв.м
26-12-030101-563,82.8 кв.м
26-12-030101-565,96.3 кв.м
26-12-030101-574,87 кв.м
26-12-030101-562,82.6 кв.м
26-12-030101-573,58.6 кв.м
26-12-030101-595,58.8 кв.м
26-12-030101-576,92.9 кв.м
26-12-030101-608,82.6 кв.м
26-12-030101-583,96.3 кв.м
26-12-030101-575,82.6 кв.м
26-12-030101-2036,58.8 кв.м
26-12-030101-585,82.6 кв.м
26-12-030101-594,96.3 кв.м
26-12-030101-584,58.7 кв.м
26-12-030101-607,58.7 кв.м
26-12-030101-586,82.5 кв.м
26-12-030101-597,82.2 кв.м
26-12-030101-606,96.3 кв.м
26-12-030101-619,59 кв.м
26-12-030101-596,82.5 кв.м
26-12-030101-599,96.3 кв.м
26-12-030101-587,59 кв.м
26-12-030101-598,59.2 кв.м
26-12-030101-609,82.4 кв.м
26-12-030101-1869,101 кв.м
26-12-030101-620,82.8 кв.м
26-12-030101-1901,14.7 кв.м
26-12-030101-610,59.2 кв.м
26-12-030101-618,96.3 кв.м
26-12-030101-621,82.5 кв.м
26-12-030101-630,82.9 кв.м
26-12-030101-631,58.8 кв.м
26-12-030101-611,96.1 кв.м
26-12-030101-1947,104.5 кв.м
26-12-030101-2074,39.8 кв.м
26-12-030101-629,83.1 кв.м
26-12-030101-640,58.7 кв.м
26-12-030101-632,96.5 кв.м
26-12-030101-622,96.3 кв.м
26-12-030101-628,59.2 кв.м
26-12-030101-2037,56.7 кв.м
26-12-030101-644,96.3 кв.м
26-12-030101-643,59.1 кв.м
26-12-030101-664,96.3 кв.м
26-12-030101-642,82.5 кв.м
26-12-030101-1868,80.5 кв.м
26-12-030101-669,96.3 кв.м
26-12-030101-2102,41.8 кв.м
26-12-030101-652,58.6 кв.м
26-12-030101-657,96.2 кв.м
26-12-030101-655,82.6 кв.м
26-12-030101-2069,14.7 кв.м
26-12-030101-666,82.5 кв.м
26-12-030101-651,96.8 кв.м
26-12-030101-1969,82.2 кв.м
26-12-030101-653,82.9 кв.м
26-12-030101-665,58.8 кв.м
26-12-030101-677,59 кв.м
26-12-030101-676,96.9 кв.м
26-12-030101-680,64.3 кв.м
26-12-030101-692,58.8 кв.м
26-12-030101-679,82.5 кв.м
26-12-030101-678,82.8 кв.м
26-12-030101-690,82.6 кв.м
26-12-030101-725,58.8 кв.м
26-12-030101-681,96.5 кв.м
26-12-030101-693,111.5 кв.м
26-12-030101-1973,39.8 кв.м
26-12-030101-726,83.1 кв.м
26-12-030101-2200,180.4 кв.м
26-12-030101-2750,"74,2 кв.м"
26-12-030101-702,83.1 кв.м
26-12-030101-1866,59.2 кв.м
26-12-030101-1837,39.8 кв.м
26-12-030101-700,96.3 кв.м
26-12-030101-719,58.9 кв.м
26-12-030101-724,96.5 кв.м
26-12-030101-705,96.5 кв.м
26-12-030101-2257,"15,5 кв.м"
26-12-030101-691,84.7 кв.м
26-12-030101-720,83.1 кв.м
26-12-030101-729,96.7 кв.м
26-12-030101-703,82.9 кв.м
26-12-030101-704,58.8 кв.м
26-12-030101-1966,39.7 кв.м
26-12-030101-727,82.5 кв.м
26-12-030101-2033,96.5 кв.м
26-12-030101-721,82.7 кв.м
26-12-030101-1924,42.4 кв.м
26-12-030101-723,96.7 кв.м
26-12-030101-722,58.9 кв.м
26-12-030101-1948,40.2 кв.м
26-12-030101-2029,40.3 кв.м
26-12-030101-2001,42.5 кв.м
26-12-030101-1921,39.7 кв.м
26-12-030101-2204,40.4 кв.м
26-12-030101-1900,41 кв.м
26-12-030101-1928,40.2 кв.м
26-12-030101-1927,14.6 кв.м
26-12-030101-2209,42.3 кв.м
26-12-030101-2020,102.5 кв.м
26-12-030101-1843,119.4 кв.м
26-12-030101-1838,96.4 кв.м
26-12-030101-2071,94.7 кв.м
26-12-030101-1890,80.5 кв.м
26-12-030101-2073,97 кв.м
26-12-030101-2038,103.1 кв.м
26-12-030101-1842,40 кв.м
26-12-030101-1873,80.6 кв.м
26-12-030101-2267,"52,6 кв.м"
26-12-030101-2084,96.8 кв.м
26-12-030101-2213,40 кв.м
26-12-030101-1925,97 кв.м
26-12-030101-2268,"42,8 кв.м"
26-12-030101-2211,14.8 кв.м
26-12-030101-2269,"161,4 кв.м"
26-12-030101-1903,116.6 кв.м
26-12-030101-2266,"102,3 кв.м"
26-12-030101-2215,40.1 кв.м
26-12-030101-2253,"454,9 кв.м"
26-12-030101-2028,14.6 кв.м
26-12-030101-1862,208.9 кв.м
26-12-030101-2002,96.6 кв.м
26-12-030101-2207,42.3 кв.м
26-12-030101-1923,14.6 кв.м
26-12-030101-2214,119.4 кв.м
26-12-030101-1839,42.3 кв.м
26-12-030101-2206,14.7 кв.м
26-12-030101-1967,42.3 кв.м
26-12-030101-1935,119.4 кв.м
26-12-030101-2026,97 кв.м
26-12-030101-2005,14.7 кв.м
26-12-030101-2100,39.7 кв.м
26-12-030101-1875,119.2 кв.м
26-12-030101-2210,96.4 кв.м
26-12-030101-1933,96.6 кв.м
26-12-030101-1968,119.2 кв.м
26-12-030101-2205,64.1 кв.м
26-12-030101-2208,96.3 кв.м
26-12-030101-2000,40.2 кв.м
26-12-030101-2244,278.6 кв.м
26-12-030101-1820,84.9 кв.м
26-12-030101-2126,454.8 кв.м
26-12-030101-2256,"86,5 кв.м"
26-12-030101-2235,122.3 кв.м
26-12-030101-2239,123 кв.м
26-12-030101-1892,221.7 кв.м
26-12-030101-1902,118.5 кв.м
26-12-030101-2068,96.8 кв.м
26-12-030101-2203,197.6 кв.м
26-12-030101-2237,65.1 кв.м
26-12-030101-2238,19 кв.м
26-12-030101-2212,102.2 кв.м
26-12-030101-1891,146.6 кв.м
26-12-030101-2234,65.7 кв.м
26-12-030101-2233,19.4 кв.м
26-12-030101-2236,36.2 кв.м
26-12-030101-2130,455.7 кв.м
26-12-030101-1976,42.3 кв.м
26-12-030101-1930,119.2 кв.м
26-12-030101-1929,39.7 кв.м
26-12-030101-1822,4.3 кв.м
26-12-030101-160,2690.5 кв.м
26-12-030101-1999,39.9 кв.м
26-12-020903-721,22.3 кв.м
26-12-030101-1922,40.3 кв.м
26-12-030101-2097,454.4 кв.м
26-12-030101-914,48.4 кв.м
26-12-030101-915,48.7 кв.м
26-12-030101-917,59.2 кв.м
26-12-020903-719,22.1 кв.м
26-12-030101-1920,119.1 кв.м
26-12-030101-918,39.8 кв.м
26-12-030101-916,48.9 кв.м
26-12-030101-919,48.9 кв.м
26-12-030101-920,48.8 кв.м
26-12-030101-922,48.6 кв.м
26-12-030101-921,48.3 кв.м
26-12-030101-924,59.6 кв.м
26-12-030101-933,48.9 кв.м
26-12-030101-923,103.3 кв.м
26-12-030101-931,59.6 кв.м
26-12-030101-927,48.5 кв.м
26-12-030101-926,103.4 кв.м
26-12-030101-934,49.1 кв.м
26-12-030101-928,48.2 кв.м
26-12-030101-930,49.1 кв.м
26-12-030101-932,40.1 кв.м
26-12-030101-936,48.7 кв.м
26-12-030101-939,59.4 кв.м
26-12-030101-940,40.1 кв.м
26-12-030101-941,48.7 кв.м
26-12-030101-1494,334.4 кв.м
26-12-030101-935,48.4 кв.м
26-12-030101-929,49 кв.м
26-12-030101-943,48.3 кв.м
26-12-030101-938,49.3 кв.м
26-12-030101-1492,269.3 кв.м
26-12-030101-925,39 кв.м
26-12-030101-937,49.3 кв.м
26-12-030101-942,49.3 кв.м
26-12-022218-454,39.7 кв.м
26-12-022218-459,92.7 кв.м
26-12-020903-438,27.6 кв.м
26-12-020903-317,432 кв.м
26-12-022218-460,35.1 кв.м
26-12-022218-455,33.9 кв.м
26-12-022218-462,47 кв.м
26-12-022218-234,252.9 кв.м
26-12-022218-396,68.9 кв.м
26-12-022218-456,26.7 кв.м
26-12-022218-453,27.3 кв.м
26-12-022218-457,22 кв.м
26-12-022218-397,62 кв.м
26-12-022218-394,54.2 кв.м
26-12-022218-518,119.5 кв.м
26-12-022218-398,114.5 кв.м
26-12-022218-493,55.3 кв.м
26-12-022218-491,45.1 кв.м
26-12-022218-492,43.4 кв.м
26-12-022218-305,267.6 кв.м
26-12-022218-486,47.6 кв.м
26-12-022218-488,47.3 кв.м
26-12-022218-677,40.7 кв.м
26-12-022218-490,27.7 кв.м
26-12-022218-487,37.4 кв.м
26-12-022218-489,34.2 кв.м
26-12-022218-484,48.4 кв.м
26-12-022218-678,24 кв.м
26-12-022218-676,46.8 кв.м
26-12-022218-543,19 кв.м
26-12-022218-680,72 кв.м
26-12-022218-540,25.3 кв.м
26-12-022218-541,26.9 кв.м
26-12-022218-542,40 кв.м
26-12-022218-267,454.8 кв.м
26-12-022218-534,50.4 кв.м
26-12-022218-538,43.5 кв.м
26-12-022218-537,38.5 кв.м
26-12-022218-533,19 кв.м
26-12-022218-707,38.7 кв.м
26-12-022218-531,36.4 кв.м
26-12-030101-139,3953.7 кв.м
26-12-022218-532,55.9 кв.м
26-12-022218-708,29.9 кв.м
26-12-022218-530,55.1 кв.м
26-12-030101-260,62.1 кв.м
26-12-030101-278,39 кв.м
26-12-030101-280,59 кв.м
26-12-030101-261,37.6 кв.м
26-12-030101-262,37.1 кв.м
26-12-030101-297,37.6 кв.м
26-12-030101-279,37.1 кв.м
26-12-030101-314,37.2 кв.м
26-12-030101-296,59.1 кв.м
26-12-030101-332,40.3 кв.м
26-12-030101-298,37.3 кв.м
26-12-030101-315,37.2 кв.м
26-12-030101-333,37.4 кв.м
26-12-030101-263,42.7 кв.м
26-12-030101-334,58.3 кв.м
26-12-030101-282,29.6 кв.м
26-12-030101-316,58.6 кв.м
26-12-030101-264,29.7 кв.м
26-12-030101-300,30 кв.м
26-12-030101-281,42.3 кв.м
26-12-030101-266,61.7 кв.м
26-12-030101-283,64.6 кв.м
26-12-030101-284,41.8 кв.м
26-12-030101-301,62.4 кв.м
26-12-030101-299,46.6 кв.м
26-12-030101-268,58.9 кв.м
26-12-030101-286,29.3 кв.м
26-12-030101-335,29.3 кв.м
26-12-030101-336,58.8 кв.м
26-12-030101-265,42.1 кв.м
26-12-030101-267,29.1 кв.м
26-12-030101-287,59.7 кв.м
26-12-030101-338,46.3 кв.м
26-12-030101-302,45.5 кв.м
26-12-030101-304,30.1 кв.м
26-12-030101-319,58.5 кв.м
26-12-030101-320,45.7 кв.м
26-12-030101-318,30.2 кв.м
26-12-030101-317,42.4 кв.м
26-12-030101-305,58.9 кв.м
26-12-030101-321,65.3 кв.м
26-12-030101-322,29.6 кв.м
26-12-030101-764,43 кв.м
26-12-030101-337,42.3 кв.м
26-12-030101-306,30.2 кв.м
26-12-030101-269,58.8 кв.м
26-12-030101-339,29.4 кв.м
26-12-030101-340,58.5 кв.м
26-12-030101-303,58.8 кв.м
26-12-030101-289,42.6 кв.м
26-12-030101-270,29.7 кв.м
26-12-030101-342,30 кв.м
26-12-030101-288,30.1 кв.м
26-12-030101-272,56.7 кв.м
26-12-030101-273,29.5 кв.м
26-12-030101-327,30.1 кв.м
26-12-030101-343,42.6 кв.м
26-12-030101-285,71 кв.м
26-12-030101-323,62.8 кв.м
26-12-030101-291,62.3 кв.м
26-12-030101-274,42.5 кв.м
26-12-030101-290,29.6 кв.м
26-12-030101-308,60.2 кв.м
26-12-030101-307,42.3 кв.м
26-12-030101-326,30.7 кв.м
26-12-030101-311,46.4 кв.м
26-12-030101-341,62.1 кв.м
26-12-030101-277,37.5 кв.м
26-12-030101-324,47.4 кв.м
26-12-030101-309,29.2 кв.м
26-12-030101-295,45.7 кв.м
26-12-030101-344,59.1 кв.м
26-12-030101-328,42.6 кв.м
26-12-030101-325,62.3 кв.м
26-12-030101-347,42.6 кв.м
26-12-030101-345,29.5 кв.м
26-12-030101-293,37.7 кв.м
26-12-030101-310,60 кв.м
26-12-030101-275,58.8 кв.м
26-12-030101-276,36.6 кв.м
26-12-030101-294,37.2 кв.м
26-12-030101-313,37.7 кв.м
26-12-030101-312,37.6 кв.м
26-12-030101-348,36.8 кв.м
26-12-030101-292,59 кв.м
26-12-030101-331,37.7 кв.м
26-12-030101-349,37.8 кв.м
26-12-030101-329,59.2 кв.м
26-12-030101-949,91 кв.м
26-12-030101-950,80.4 кв.м
26-12-030101-945,86.5 кв.м
26-12-030101-946,77 кв.м
26-12-030101-330,36.8 кв.м
26-12-030101-346,73.6 кв.м
26-12-030101-953,87.5 кв.м
26-12-030101-962,76.5 кв.м
26-12-030101-957,91.2 кв.м
26-12-030101-948,82.2 кв.м
26-12-030101-961,87.5 кв.м
26-12-030101-163,1653.4 кв.м
26-12-030101-958,80.4 кв.м
26-12-030101-955,77.8 кв.м
26-12-030101-954,79.9 кв.м
26-12-030101-440,63.3 кв.м
26-12-030101-951,82.8 кв.м
26-12-030101-947,78.7 кв.м
26-12-030101-963,80 кв.м
26-12-030101-959,81.4 кв.м
26-12-030101-438,39.5 кв.м
26-12-030101-952,87.1 кв.м
26-12-030101-956,93.2 кв.м
26-12-030101-944,88.2 кв.м
26-12-030101-439,37.9 кв.м
26-12-030101-475,39.4 кв.м
26-12-030101-141,4098.9 кв.м
26-12-022218-278,310.2 кв.м
26-12-030101-456,39.3 кв.м
26-12-030101-960,93.1 кв.м
26-12-030101-458,61.8 кв.м
26-12-030101-510,39.6 кв.м
26-12-030101-494,38.3 кв.м
26-12-030101-492,64.4 кв.м
26-12-030101-441,43.8 кв.м
26-12-030101-457,38 кв.м
26-12-030101-512,61.9 кв.м
26-12-030101-459,43.7 кв.м
26-12-030101-461,50.2 кв.м
26-12-030101-511,38.1 кв.м
26-12-030101-479,45.6 кв.м
26-12-030101-476,37.2 кв.м
26-12-030101-443,48.6 кв.м
26-12-030101-477,61.8 кв.м
26-12-030101-478,43.3 кв.м
26-12-030101-493,39.5 кв.м
26-12-030101-460,45.2 кв.м
26-12-030101-527,43.9 кв.м
26-12-030101-446,46.1 кв.м
26-12-030101-442,44.8 кв.м
26-12-030101-513,45.3 кв.м
26-12-030101-497,46.3 кв.м
26-12-030101-495,43 кв.м
26-12-030101-462,43.9 кв.м
26-12-030101-445,44.9 кв.м
26-12-030101-496,45.5 кв.м
26-12-030101-491,29.3 кв.м
26-12-030101-464,45.6 кв.м
26-12-030101-463,45.4 кв.м
26-12-030101-480,45.7 кв.м
26-12-030101-514,49.6 кв.м
26-12-030101-501,49.6 кв.м
26-12-030101-515,43.3 кв.м
26-12-030101-498,43.8 кв.м
26-12-030101-444,45.7 кв.м
26-12-030101-481,45.7 кв.м
26-12-030101-465,46.1 кв.м
26-12-030101-482,31.7 кв.м
26-12-030101-499,45.9 кв.м
26-12-030101-447,61 кв.м
26-12-030101-517,46 кв.м
26-12-030101-449,44.1 кв.м
26-12-030101-448,30.4 кв.м
26-12-030101-516,45 кв.м
26-12-030101-485,44.2 кв.м
26-12-030101-467,47.2 кв.м
26-12-030101-503,30.5 кв.м
26-12-030101-466,30.8 кв.м
26-12-030101-483,61.1 кв.м
26-12-030101-500,61.4 кв.м
26-12-030101-519,30.6 кв.м
26-12-030101-520,43.9 кв.м
26-12-030101-484,30.6 кв.м
26-12-030101-451,44.4 кв.м
26-12-030101-452,43.6 кв.м
26-12-030101-468,46 кв.м
26-12-030101-502,47.3 кв.м
26-12-030101-450,46 кв.м
26-12-030101-518,61.3 кв.м
26-12-030101-469,47 кв.м
26-12-030101-454,37.2 кв.м
26-12-030101-486,48.8 кв.м
26-12-030101-473,47.8 кв.м
26-12-030101-522,45 кв.м
26-12-030101-521,46.1 кв.м
26-12-030101-506,43.9 кв.м
26-12-030101-505,45.5 кв.м
26-12-030101-453,60.8 кв.м
26-12-030101-523,46.8 кв.м
26-12-030101-488,43.6 кв.м
26-12-030101-487,45.3 кв.м
26-12-030101-504,45.9 кв.м
26-12-030101-490,39.3 кв.м
26-12-030101-470,38 кв.м
26-12-030101-474,59 кв.м
26-12-030101-489,37.4 кв.м
26-12-030101-455,50.8 кв.м
26-12-030101-472,64.1 кв.м
26-12-030101-524,64.4 кв.м
26-12-030101-526,39.6 кв.м
26-12-030101-508,37.3 кв.м
26-12-030101-471,39 кв.м
26-12-030101-525,37.3 кв.м
26-12-030101-400,60.8 кв.м
26-12-030101-507,65 кв.м
26-12-030101-2132,37.9 кв.м
26-12-030101-509,39.4 кв.м
26-12-030101-363,38.4 кв.м
26-12-030101-382,37.5 кв.м
26-12-030101-364,37.4 кв.м
26-12-030101-418,37.5 кв.м
26-12-030101-365,63.1 кв.м
26-12-030101-140,4030.8 кв.м
26-12-030101-383,64.5 кв.м
26-12-030101-419,64.4 кв.м
26-12-030101-381,38.2 кв.м
26-12-030101-399,37.6 кв.м
26-12-030101-396,45.1 кв.м
26-12-030101-428,60.4 кв.м
26-12-030101-426,39.8 кв.м
26-12-030101-398,38.9 кв.м
26-12-030101-427,37.2 кв.м
26-12-030101-380,48.5 кв.м
26-12-030101-360,60.7 кв.м
26-12-030101-430,45.7 кв.м
26-12-030101-414,46.7 кв.м
26-12-030101-378,43.3 кв.м
26-12-030101-361,63 кв.м
26-12-030101-397,46.1 кв.м
26-12-030101-401,46.2 кв.м
26-12-030101-379,44 кв.м
26-12-030101-415,44.8 кв.м
26-12-030101-431,44.9 кв.м
26-12-030101-429,43.2 кв.м
26-12-030101-362,43.9 кв.м
26-12-030101-376,45.5 кв.м
26-12-030101-375,44.1 кв.м
26-12-030101-358,46.6 кв.м
26-12-030101-393,44.2 кв.м
26-12-030101-433,47.1 кв.м
26-12-030101-416,45.5 кв.м
26-12-030101-357,45.3 кв.м
26-12-030101-411,43.9 кв.м
26-12-030101-394,46.2 кв.м
26-12-030101-395,44.9 кв.м
26-12-030101-356,46.7 кв.м
26-12-030101-412,45.7 кв.м
26-12-030101-413,48.4 кв.м
26-12-020903-366,48 кв.м
26-12-030101-373,30.7 кв.м
26-12-030101-374,47.8 кв.м
26-12-030101-408,64 кв.м
26-12-030101-369,45.5 кв.м
26-12-030101-391,31.5 кв.м
26-12-030101-355,30.6 кв.м
26-12-030101-359,63.2 кв.м
26-12-030101-410,43.5 кв.м
26-12-030101-377,45.1 кв.м
26-12-030101-435,60.2 кв.м
26-12-030101-392,44 кв.м
26-12-030101-387,46.8 кв.м
26-12-030101-352,59.5 кв.м
26-12-030101-390,60.9 кв.м
26-12-030101-372,61 кв.м
26-12-030101-409,31.1 кв.м
26-12-030101-434,48.2 кв.м
26-12-030101-354,58.3 кв.м
26-12-030101-437,43.2 кв.м
26-12-030101-436,30.9 кв.м
26-12-030101-406,69.8 кв.м
26-12-030101-407,47.1 кв.м
26-12-030101-425,44 кв.м
26-12-030101-351,39.2 кв.м
26-12-030101-370,44.7 кв.м
26-12-030101-350,37.2 кв.м
26-12-030101-424,44.7 кв.м
26-12-030101-371,43.7 кв.м
26-12-030101-384,64.4 кв.м
26-12-030101-367,37.2 кв.м
26-12-030101-388,44.8 кв.м
26-12-030101-405,45.6 кв.м
26-12-030101-389,44.1 кв.м
26-12-030101-353,61.5 кв.м
26-12-030101-385,57.4 кв.м
26-12-030101-402,62.9 кв.м
26-12-030101-423,45.4 кв.м
26-12-030101-422,38.7 кв.м
26-12-030101-368,38.8 кв.м
26-12-022218-280,1015.9 кв.м
26-12-030101-366,60.8 кв.м
26-12-030101-386,39.6 кв.м
26-12-030101-403,38.4 кв.м
26-12-022218-580,43.5 кв.м
26-12-022218-585,48.7 кв.м
26-12-022218-582,27.2 кв.м
26-12-022218-589,26.5 кв.м
26-12-030101-421,37.4 кв.м
26-12-022218-587,67 кв.м
26-12-030101-420,60.7 кв.м
26-12-030101-404,41.5 кв.м
26-12-022218-584,46.4 кв.м
26-12-022218-583,26.6 кв.м
26-12-022218-590,43.9 кв.м
26-12-022218-591,26.3 кв.м
26-12-022218-586,64.8 кв.м
26-12-022218-581,26.6 кв.м
26-12-022218-578,52.6 кв.м
26-12-022218-579,16.7 кв.м
26-12-022218-576,37 кв.м
26-12-022218-575,12.1 кв.м
26-12-022218-588,44 кв.м
26-12-022218-760,81.8 кв.м
26-12-022218-759,42.8 кв.м
26-12-022218-577,36.7 кв.м
26-12-022218-821,39.4 кв.м
26-12-022218-400,282.8 кв.м
26-12-022218-592,86.9 кв.м
26-12-022218-574,30.3 кв.м
26-12-022218-823,50.3 кв.м
26-12-022218-618,23.2 кв.м
26-12-022218-399,42 кв.м
26-12-020903-388,70.5 кв.м
26-12-022218-202,282.8 кв.м
26-12-022218-403,47.8 кв.м
26-12-022218-822,34.3 кв.м
26-12-022218-631,43.1 кв.м
26-12-022218-402,41.7 кв.м
26-12-022218-401,45.1 кв.м
26-12-022218-666,29.2 кв.м
26-12-022218-632,59.9 кв.м
26-12-022218-287,287.9 кв.м
26-12-022218-630,64.8 кв.м
26-12-022218-615,27.5 кв.м
26-12-020903-367,34.4 кв.м
26-12-022218-619,41.7 кв.м
26-12-022218-633,16.8 кв.м
26-12-022218-616,53.8 кв.м
26-12-022218-665,28.7 кв.м
26-12-022218-683,59.4 кв.м
26-12-022218-621,39.8 кв.м
26-12-022218-620,70.5 кв.м
26-12-022218-617,31.4 кв.м
26-12-022218-828,18.6 кв.м
26-12-022218-682,54.7 кв.м
26-12-030101-138,4352.6 кв.м
26-12-030101-211,58.4 кв.м
26-12-022218-664,65 кв.м
26-12-030101-196,63.2 кв.м
26-12-030101-197,48.3 кв.м
26-12-030101-241,60.3 кв.м
26-12-030101-198,44.7 кв.м
26-12-030101-226,59.8 кв.м
26-12-030101-227,61.4 кв.м
26-12-030101-242,61.7 кв.м
26-12-030101-212,61.1 кв.м
26-12-030101-213,63.4 кв.м
26-12-030101-229,61.7 кв.м
26-12-030101-259,60.9 кв.м
26-12-030101-258,60.2 кв.м
26-12-030101-199,64.4 кв.м
26-12-030101-214,61.8 кв.м
26-12-030101-228,61 кв.м
26-12-030101-244,61.5 кв.м
26-12-030101-256,61 кв.м
26-12-030101-243,64.9 кв.м
26-12-030101-257,61.5 кв.м
26-12-030101-208,62.6 кв.м
26-12-030101-193,46.8 кв.м
26-12-030101-237,59.8 кв.м
26-12-030101-254,62.9 кв.м
26-12-030101-252,62.1 кв.м
26-12-030101-238,61 кв.м
26-12-030101-222,61.2 кв.м
26-12-030101-223,60.4 кв.м
26-12-030101-255,59.3 кв.м
26-12-030101-194,46.5 кв.м
26-12-030101-207,61.2 кв.м
26-12-030101-195,60.9 кв.м
26-12-030101-209,60.2 кв.м
26-12-030101-210,60.9 кв.м
26-12-030101-190,38.6 кв.м
26-12-030101-203,62.8 кв.м
26-12-030101-239,61.8 кв.м
26-12-030101-224,62.2 кв.м
26-12-030101-192,61.7 кв.м
26-12-030101-233,58.7 кв.м
26-12-030101-225,61.7 кв.м
26-12-030101-240,61.5 кв.м
26-12-030101-236,65 кв.м
26-12-030101-253,64.3 кв.м
26-12-030101-189,63.2 кв.м
26-12-030101-191,53.3 кв.м
26-12-030101-221,65.5 кв.м
26-12-030101-188,63.7 кв.м
26-12-030101-220,34.5 кв.м
26-12-030101-204,63.4 кв.м
26-12-030101-219,63.4 кв.м
26-12-030101-206,64.1 кв.м
26-12-030101-187,57.6 кв.м
26-12-030101-205,34.6 кв.м
26-12-030101-250,38.5 кв.м
26-12-030101-202,52.5 кв.м
26-12-030101-218,61.3 кв.м
26-12-030101-251,67.4 кв.м
26-12-030101-245,61.9 кв.м
26-12-030101-186,72.4 кв.м
26-12-030101-231,32.9 кв.м
26-12-030101-247,62 кв.м
26-12-030101-215,51.5 кв.м
26-12-030101-235,36.4 кв.м
26-12-030101-216,32.8 кв.м
26-12-030101-234,62.7 кв.м
26-12-030101-230,52 кв.м
26-12-030101-200,51.4 кв.м
26-12-030101-201,33.3 кв.м
26-12-030101-217,54.9 кв.м
26-12-030101-248,51.9 кв.м
26-12-030101-2240,153.7 кв.м
26-12-030101-232,53.9 кв.м
26-12-030101-249,34.7 кв.м
26-12-030101-1678,205.5 кв.м
26-12-022218-483,27.3 кв.м
26-12-030101-246,52.6 кв.м
26-12-022218-465,31.8 кв.м
26-12-030101-2241,51.8 кв.м
26-12-022218-467,24.4 кв.м
26-12-022218-470,30.4 кв.м
26-12-022218-466,44.7 кв.м
26-12-022218-471,112.5 кв.м
26-12-022218-469,39.3 кв.м
26-12-022218-231,531.6 кв.м
26-12-022218-482,48.4 кв.м
26-12-022218-468,43.1 кв.м
26-12-022218-853,27.7 кв.м
26-12-022218-479,34.1 кв.м
26-12-022218-474,50.2 кв.м
26-12-022218-464,44.3 кв.м
26-12-022218-514,29.2 кв.м
26-12-022218-481,43.1 кв.м
26-12-022218-480,30.4 кв.м
26-12-022218-513,30.2 кв.м
26-12-022218-478,50 кв.м
26-12-022218-512,25 кв.м
26-12-022218-463,531.6 кв.м
26-12-022218-611,26.9 кв.м
26-12-022218-473,47.6 кв.м
26-12-022218-515,22.6 кв.м
26-12-022218-285,243.7 кв.м
26-12-022218-475,32.3 кв.м
26-12-022218-516,35.5 кв.м
26-12-022218-476,31.4 кв.м
26-12-022218-472,29.7 кв.м
26-12-022218-477,33.5 кв.м
26-12-022218-610,53.2 кв.м
26-12-022218-612,33.8 кв.м
26-12-022218-362,73.6 кв.м
26-12-022218-614,79.2 кв.м
26-12-022218-366,73.5 кв.м
26-12-022218-365,83.8 кв.м
26-12-022218-194,1036.3 кв.м
26-12-022218-361,91.1 кв.м
26-12-022218-370,73.9 кв.м
26-12-022218-368,74.3 кв.м
26-12-022218-613,50.6 кв.м
26-12-022218-373,84.8 кв.м
26-12-022218-367,84.8 кв.м
26-12-022218-363,85.8 кв.м
26-12-022218-369,73.6 кв.м
26-12-022218-372,91.4 кв.м
26-12-022218-364,74.3 кв.м
26-12-022218-371,86.4 кв.м
26-12-022218-598,46 кв.м
26-12-022218-284,976.8 кв.м
26-12-022218-607,45.9 кв.м
26-12-022218-600,65.7 кв.м
26-12-022218-601,43.1 кв.м
26-12-022218-599,42.7 кв.м
26-12-022218-594,43.5 кв.м
26-12-022218-606,43.1 кв.м
26-12-022218-593,44.4 кв.м
26-12-022218-663,41.5 кв.м
26-12-022218-597,45.6 кв.м
26-12-022218-605,66 кв.м
26-12-022218-595,64.4 кв.м
26-12-022218-596,66.2 кв.м
26-12-022218-604,67.4 кв.м
26-12-011101-688,"50,8 кв.м"
26-12-011101-699,54.8 кв.м
26-12-022218-831,93.1 кв.м
26-12-022218-603,42.2 кв.м
26-12-022218-602,44.7 кв.м
26-12-011101-700,37 кв.м
26-12-011101-682,55.1 кв.м
26-12-011101-196,4581.6 кв.м
26-12-011101-692,55.2 кв.м
26-12-011101-683,36.6 кв.м
26-12-011101-703,37.9 кв.м
26-12-011101-675,37.6 кв.м
26-12-011101-704,56.8 кв.м
26-12-011101-681,60.8 кв.м
26-12-011101-691,61.2 кв.м
26-12-011101-674,54.5 кв.м
26-12-011101-693,36.8 кв.м
26-12-011101-672,62 кв.м
26-12-011101-686,63.6 кв.м
26-12-011101-1055,"34,3 кв.м"
26-12-011101-696,50.4 кв.м
26-12-011101-701,"66,5 кв.м"
26-12-011101-680,51 кв.м
26-12-011101-689,59.3 кв.м
26-12-011101-679,50.4 кв.м
26-12-011101-697,60.5 кв.м
26-12-011101-687,64.7 кв.м
26-12-011101-685,50.6 кв.м
26-12-011101-690,51 кв.м
26-12-011101-695,35 кв.м
26-12-011101-677,64.8 кв.м
26-12-011101-694,60.1 кв.м
26-12-011101-671,60.3 кв.м
26-12-011101-678,50.4 кв.м
26-12-011101-673,60.4 кв.м
26-12-011101-1057,51.1 кв.м
26-12-011101-702,60 кв.м
26-12-011101-684,51.4 кв.м
26-12-011101-676,50.5 кв.м
26-12-011101-698,60.6 кв.м
26-12-011101-1056,31.1 кв.м
26-12-011101-1052,60.9 кв.м
26-12-011101-1036,49.6 кв.м
26-12-011101-1037,61.6 кв.м
26-12-011101-1029,53.8 кв.м
26-12-011101-1042,51.9 кв.м
26-12-011101-1030,61.9 кв.м
26-12-011101-1053,64.6 кв.м
26-12-011101-1050,53.5 кв.м
26-12-011101-1049,61 кв.м
26-12-011101-1035,51.2 кв.м
26-12-011101-1041,61.3 кв.м
26-12-011101-1028,53.5 кв.м
26-12-011101-1027,65.1 кв.м
26-12-011101-1054,49.7 кв.м
26-12-011101-1047,55.3 кв.м
26-12-011101-1046,32.3 кв.м
26-12-011101-1034,61.6 кв.м
26-12-011101-1048,62.3 кв.м
26-12-011101-1038,33 кв.м
26-12-011101-1040,62.5 кв.м
26-12-011101-1043,51.9 кв.м
26-12-011101-1032,54.2 кв.м
26-12-011101-1039,55.3 кв.м
26-12-011101-1033,62.1 кв.м
26-12-011101-1025,65.3 кв.м
26-12-011101-1031,32.9 кв.м
26-12-011101-1044,61 кв.м
26-12-011101-1051,51.7 кв.м
26-12-011101-277,"48,5 кв.м"
26-12-011101-278,43 кв.м
26-12-011101-287,"72,4 кв.м"
26-12-011101-296,"26,5 кв.м"
26-12-011101-276,49 кв.м
26-12-011101-295,"20,3 кв.м"
26-12-011101-282,"48,9 кв.м"
26-12-011101-274,63 кв.м
26-12-011101-1024,33.3 кв.м
26-12-011101-310,41.9 кв.м
26-12-011101-1026,54.6 кв.м
26-12-022218-248,401.1 кв.м
26-12-022218-640,85 кв.м
26-12-011101-300,28.4 кв.м
26-12-022218-526,51.1 кв.м
26-12-022218-638,88 кв.м
26-12-022218-523,40.4 кв.м
26-12-022218-817,117.2 кв.м
26-12-022218-639,73.2 кв.м
26-12-022218-520,40.4 кв.м
26-12-022218-519,39.4 кв.м
26-12-022218-642,90 кв.м
26-12-022218-819,36.2 кв.м
26-12-022218-521,53 кв.м
26-12-022218-522,52.6 кв.м
26-12-022218-815,21.5 кв.м
26-12-022218-524,47.6 кв.м
26-12-022218-525,39.4 кв.м
26-12-011101-268,43.6 кв.м
26-12-022218-634,84.4 кв.м
26-12-022218-637,77 кв.м
26-12-022218-290,947.5 кв.м
26-12-022218-641,72.9 кв.м
26-12-022218-645,73.3 кв.м
26-12-022218-635,104.8 кв.м
26-12-022218-644,91.1 кв.м
26-12-022218-636,84.5 кв.м
26-12-022218-643,72.9 кв.м
26-12-020903-332,41.9 кв.м
26-12-011101-339,76.6 кв.м
26-12-011101-344,69.4 кв.м
26-12-030202-81,70.9 кв.м
26-12-022218-799,44 кв.м
26-12-022218-796,40 кв.м
26-12-022218-790,50.4 кв.м
26-12-022218-792,43.5 кв.м
26-12-022218-781,41.4 кв.м
26-12-022218-797,70.7 кв.м
26-12-022218-690,45.8 кв.м
26-12-022218-791,44.7 кв.м
26-12-022218-789,39.7 кв.м
26-12-022218-798,43.9 кв.м
26-12-020903-345,57.4 кв.м
26-12-022218-517,41.4 кв.м
26-12-022218-785,32.2 кв.м
26-12-022218-787,45.3 кв.м
26-12-022218-793,43.7 кв.м
26-12-022218-786,38.7 кв.м
26-12-022218-794,47.8 кв.м
26-12-020903-396,41.2 кв.м
26-12-022218-689,26.3 кв.м
26-12-022218-788,27.3 кв.м
26-12-022218-766,44.2 кв.м
26-12-022218-688,44.5 кв.м
26-12-022218-687,51.9 кв.м
26-12-020903-329,900.5 кв.м
26-12-022218-695,44.2 кв.м
26-12-022218-795,35.6 кв.м
26-12-022218-692,52.7 кв.м
26-12-010605-426,615.5 кв.м
26-12-022218-694,45 кв.м
26-12-020903-473,46 кв.м
26-12-022218-691,72.8 кв.м
26-12-022218-696,43.7 кв.м
26-12-010605-480,45 кв.м
26-12-022218-698,71 кв.м
26-12-020903-465,35.7 кв.м
26-12-020903-474,29.4 кв.м
26-12-022218-686,45.5 кв.м
26-12-022218-818,42.2 кв.м
26-12-022218-684,35.6 кв.м
26-12-010605-460,110.4 кв.м
26-12-010605-424,561.5 кв.м
26-12-011101-882,39.7 кв.м
26-12-011101-263,48.8 кв.м
26-12-011101-264,44.5 кв.м
26-12-011101-751,29.5 кв.м
26-12-011101-764,59.8 кв.м
26-12-011101-716,50.8 кв.м
26-12-011101-717,29.4 кв.м
26-12-011101-801,62.1 кв.м
26-12-011101-712,44.8 кв.м
26-12-011101-715,62.2 кв.м
26-12-011101-763,30.5 кв.м
26-12-011101-714,59.3 кв.м
26-12-011101-756,"47,2 кв.м"
26-12-011101-755,47.1 кв.м
26-12-011101-754,45 кв.м
26-12-011101-825,62.2 кв.м
26-12-011101-827,58.5 кв.м
26-12-011101-750,61.9 кв.м
26-12-011101-713,44.3 кв.м
26-12-011101-800,51.3 кв.м
26-12-011101-824,51.9 кв.м
26-12-011101-753,44.6 кв.м
26-12-011101-802,29.6 кв.м
26-12-011101-803,58.9 кв.м
26-12-011101-836,"44,3 кв.м"
26-12-011101-723,45.1 кв.м
26-12-011101-749,52.2 кв.м
26-12-011101-826,29.9 кв.м
26-12-011101-765,45.2 кв.м
26-12-011101-806,49.8 кв.м
26-12-011101-720,"29,8 кв.м"
26-12-011101-767,47.7 кв.м
26-12-011101-805,44.1 кв.м
26-12-011101-766,44.4 кв.м
26-12-011101-807,47.2 кв.м
26-12-011101-804,44.9 кв.м
26-12-011101-722,43.6 кв.м
26-12-011101-828,45.5 кв.м
26-12-011101-769,43.9 кв.м
26-12-011101-829,45.1 кв.м
26-12-011101-757,44 кв.м
26-12-011101-724,47.9 кв.м
26-12-011101-770,45.4 кв.м
26-12-011101-768,47.5 кв.м
26-12-011101-771,45.1 кв.м
26-12-011101-809,44.5 кв.м
26-12-011101-719,45 кв.м
26-12-011101-772,30.5 кв.м
26-12-011101-760,61.8 кв.м
26-12-011101-831,47.1 кв.м
26-12-011101-737,30.5 кв.м
26-12-011101-759,30.5 кв.м
26-12-011101-731,"71,3 кв.м"
26-12-011101-718,44 кв.м
26-12-011101-721,60.6 кв.м
26-12-011101-773,60.7 кв.м
26-12-011101-812,60.7 кв.м
26-12-011101-758,44.1 кв.м
26-12-011101-811,31.2 кв.м
26-12-011101-835,44.2 кв.м
26-12-011101-725,"51,5 кв.м"
26-12-011101-837,"42,6 кв.м"
26-12-011101-738,44.3 кв.м
26-12-011101-776,44.8 кв.м
26-12-011101-833,30.8 кв.м
26-12-011101-810,43.9 кв.м
26-12-011101-789,60 кв.м
26-12-011101-834,60.1 кв.м
26-12-011101-788,30.1 кв.м
26-12-011101-813,59.5 кв.м
26-12-011101-735,62.1 кв.м
26-12-011101-736,59.9 кв.м
26-12-011101-780,47.7 кв.м
26-12-011101-775,30.2 кв.м
26-12-011101-798,"61,2 кв.м"
26-12-011101-814,29.8 кв.м
26-12-011101-743,45.5 кв.м
26-12-011101-787,45.6 кв.м
26-12-011101-820,43.4 кв.м
26-12-011101-747,61.7 кв.м
26-12-011101-746,30.5 кв.м
26-12-011101-793,44 кв.м
26-12-011101-818,47.7 кв.м
26-12-011101-781,44.3 кв.м
26-12-011101-782,44.6 кв.м
26-12-011101-785,62.1 кв.м
26-12-011101-745,58.5 кв.м
26-12-011101-730,61.4 кв.м
26-12-011101-729,58.8 кв.м
26-12-011101-823,58.9 кв.м
26-12-011101-783,57.8 кв.м
26-12-011101-710,61.7 кв.м
26-12-011101-796,59.7 кв.м
26-12-011101-822,52.2 кв.м
26-12-011101-784,29.8 кв.м
26-12-010606-372,50.5 кв.м
26-12-011101-709,30 кв.м
26-12-010606-387,50.2 кв.м
26-12-011101-821,28.5 кв.м
26-12-010606-323,33.5 кв.м
26-12-011101-799,51.5 кв.м
26-12-010606-52,4239.9 кв.м
26-12-011101-797,28.9 кв.м
26-12-010606-370,63.7 кв.м
26-12-010606-335,50.3 кв.м
26-12-010606-320,52.5 кв.м
26-12-010606-321,49.7 кв.м
26-12-010606-322,52.3 кв.м
26-12-010606-312,32.7 кв.м
26-12-010606-388,32.7 кв.м
26-12-010606-373,32.8 кв.м
26-12-011103-91,"2585,8 кв.м"
26-12-010606-354,33.3 кв.м
26-12-010606-338,32.6 кв.м
26-12-010606-344,"63,2 кв.м"
26-12-010606-318,48.6 кв.м
26-12-010606-341,62.5 кв.м
26-12-011103-598,"26,9 кв.м"
26-12-011103-1127,"17,7 кв.м"
26-12-010606-367,78 кв.м
26-12-010606-381,76.9 кв.м
26-12-010606-353,63.8 кв.м
26-12-010602-680,"11,8 кв.м"
26-12-010602-688,18 кв.м
26-12-011103-596,12 кв.м
26-12-010606-352,77.9 кв.м
26-12-010602-685,"11,8 кв.м"
26-12-011103-597,"18,4 кв.м"
26-12-010606-368,68.4 кв.м
26-12-010606-375,62.4 кв.м
26-12-011103-1055,"18,2 кв.м"
26-12-010602-696,"11,7 кв.м"
26-12-010602-694,"11,8 кв.м"
26-12-010606-311,49.8 кв.м
26-12-010606-347,33.9 кв.м
26-12-010606-314,33 кв.м
26-12-011103-610,23 кв.м
26-12-010606-365,77.4 кв.м
26-12-010606-327,62.8 кв.м
26-12-010606-380,62.5 кв.м
26-12-010606-378,32.7 кв.м
26-12-010606-325,54.6 кв.м
26-12-011103-639,"17,7 кв.м"
26-12-010606-376,32.7 кв.м
26-12-010606-329,33.3 кв.м
26-12-011103-1059,18.1 кв.м
26-12-011103-640,12 кв.м
26-12-010606-326,50 кв.м
26-12-011103-600,53.2 кв.м
26-12-010602-217,371.4 кв.м
26-12-010602-699,11.8 кв.м
26-12-010602-682,11.6 кв.м
26-12-010602-679,18.3 кв.м
26-12-011103-1061,18.6 кв.м
26-12-011103-599,11.4 кв.м
26-12-010602-677,18 кв.м
26-12-011103-632,17.9 кв.м
26-12-010606-8,854.2 кв.м
26-12-011101-379,62.1 кв.м
26-12-011101-471,24.1 кв.м
26-12-010602-783,62.2 кв.м
26-12-010606-73,183.2 кв.м
26-12-010606-74,193.2 кв.м
26-12-030101-1635,47.8 кв.м
26-12-030101-1637,61.2 кв.м
26-12-030101-1645,47.4 кв.м
26-12-030101-1644,62.1 кв.м
26-12-030101-1583,61.9 кв.м
26-12-030101-1652,61.3 кв.м
26-12-030101-1654,55 кв.м
26-12-030101-1625,61.3 кв.м
26-12-030101-1626,47.6 кв.м
26-12-030101-1617,47.5 кв.м
26-12-030101-1634,61.5 кв.м
26-12-030101-1500,48.2 кв.м
26-12-030101-1490,46.7 кв.м
26-12-030101-1628,62.2 кв.м
26-12-030101-1636,47.7 кв.м
26-12-030101-1618,48.3 кв.м
26-12-030101-1647,61.6 кв.м
26-12-030101-1646,48.2 кв.м
26-12-030101-1619,62.3 кв.м
26-12-030101-1489,4576.7 кв.м
26-12-030101-1610,61.4 кв.м
26-12-030101-1592,62.5 кв.м
26-12-030101-1627,54.6 кв.м
26-12-030101-1607,61.9 кв.м
26-12-030101-1601,61.9 кв.м
26-12-030101-1608,47.6 кв.м
26-12-030101-1599,48.1 кв.м
26-12-030101-1598,62 кв.м
26-12-030101-1640,35.5 кв.м
26-12-030101-1609,47.6 кв.м
26-12-030101-1590,48.3 кв.м
26-12-030101-1643,74.4 кв.м
26-12-030101-1600,47.7 кв.м
26-12-030101-1651,63.8 кв.м
26-12-030101-1650,35.7 кв.м
26-12-030101-1649,48.9 кв.м
26-12-030101-1648,64 кв.м
26-12-030101-1641,73.4 кв.м
26-12-030101-1624,64.1 кв.м
26-12-030101-1642,64.7 кв.м
26-12-030101-1589,61.7 кв.м
26-12-030101-1591,47.7 кв.м
26-12-030101-1639,49.2 кв.м
26-12-030101-1629,64.5 кв.м
26-12-030101-1633,64.5 кв.м
26-12-030101-1638,63.9 кв.м
26-12-030101-1623,73.8 кв.м
26-12-030101-1615,63.6 кв.м
26-12-030101-1631,35.4 кв.м
26-12-030101-1620,64.1 кв.м
26-12-030101-1632,72.8 кв.м
26-12-030101-1630,48.9 кв.м
26-12-030101-1616,61.8 кв.м
26-12-030101-1611,64 кв.м
26-12-030101-1613,35.5 кв.м
26-12-030101-1622,35.4 кв.м
26-12-030101-1614,74.4 кв.м
26-12-030101-1604,35.7 кв.м
26-12-030101-1612,48.8 кв.м
26-12-030101-1596,73 кв.м
26-12-030101-1605,73.4 кв.м
26-12-030101-1594,51.2 кв.м
26-12-030101-1606,64.1 кв.м
26-12-030101-1587,73.1 кв.м
26-12-030101-1603,51.8 кв.м
26-12-030101-1595,36.2 кв.м
26-12-030101-1588,63.8 кв.м
26-12-030101-1602,64.4 кв.м
26-12-030101-1586,35.5 кв.м
26-12-030101-1547,62.3 кв.м
26-12-030101-1593,64.7 кв.м
26-12-030101-1621,48.8 кв.м
26-12-030101-1597,63.8 кв.м
26-12-030101-1584,64.1 кв.м
26-12-030101-1544,66.5 кв.м
26-12-030101-1577,48.3 кв.м
26-12-030101-1545,34.6 кв.м
26-12-030101-1546,48.6 кв.м
26-12-030101-1585,48.7 кв.м
26-12-030101-1578,48.5 кв.м
26-12-030101-1576,62.4 кв.м
26-12-030101-1568,62 кв.м
26-12-030101-1573,48.2 кв.м
26-12-030101-1574,48 кв.м
26-12-030101-1563,62.3 кв.м
26-12-030101-1572,62.3 кв.м
26-12-030101-1579,61.6 кв.м
26-12-030101-1561,48.5 кв.м
26-12-030101-1569,49.1 кв.м
26-12-030101-1566,47.7 кв.м
26-12-030101-1575,62 кв.м
26-12-030101-1571,62.2 кв.м
26-12-030101-1567,62 кв.м
26-12-030101-1553,48.2 кв.м
26-12-030101-1570,48 кв.м
26-12-030101-1565,49.4 кв.м
26-12-030101-1559,61.4 кв.м
26-12-030101-1562,47.8 кв.м
26-12-030101-1564,61.5 кв.м
26-12-030101-1557,47.9 кв.м
26-12-030101-1560,62.2 кв.м
26-12-030101-1556,62.1 кв.м
26-12-030101-1558,47.7 кв.м
26-12-030101-1555,61.8 кв.м
26-12-030101-1554,47.8 кв.м
26-12-030101-1552,61.8 кв.м
26-12-030101-1549,47.9 кв.м
26-12-030101-1540,62.8 кв.м
26-12-030101-1535,48.5 кв.м
26-12-030101-1539,47.2 кв.м
26-12-030101-1551,61.7 кв.м
26-12-030101-1537,65.6 кв.м
26-12-030101-1548,61.6 кв.м
26-12-030101-1527,47.7 кв.м
26-12-030101-1533,61.4 кв.м
26-12-030101-1536,62.7 кв.м
26-12-030101-1550,47.3 кв.м
26-12-030101-1529,61.1 кв.м
26-12-030101-1538,33.9 кв.м
26-12-030101-1532,62.3 кв.м
26-12-030101-1534,48.2 кв.м
26-12-030101-1528,62.1 кв.м
26-12-030101-1531,48 кв.м
26-12-030101-1530,48.7 кв.м
26-12-030101-1525,61.4 кв.м
26-12-030101-1526,49.2 кв.м
26-12-010701-792,"34,3 кв.м"
26-12-030101-1524,62 кв.м
26-12-010602-796,"218,6 кв.м"
26-12-030101-1523,54.9 кв.м
26-12-030101-1520,62.1 кв.м
26-12-030101-1522,49.2 кв.м
26-12-030101-1517,61.5 кв.м
26-12-030101-1519,41.4 кв.м
26-12-030101-1521,61.1 кв.м
26-12-030101-1514,47.5 кв.м
26-12-030101-1513,60.9 кв.м
26-12-030101-1518,49.5 кв.м
26-12-030101-1512,62.1 кв.м
26-12-030101-1515,46.8 кв.м
26-12-030101-1516,62.3 кв.м
26-12-030101-1509,61.1 кв.м
26-12-030101-1508,62.4 кв.м
26-12-030101-1510,48.2 кв.м
26-12-030101-1506,48.2 кв.м
26-12-030101-1511,47 кв.м
26-12-030101-1653,329.7 кв.м
26-12-030101-1656,139.4 кв.м
26-12-030101-1505,61.5 кв.м
26-12-030101-1507,47.4 кв.м
26-12-010602-406,69.5 кв.м
26-12-010602-400,60.1 кв.м
26-12-011102-231,67.7 кв.м
26-12-011104-939,35.6 кв.м
26-12-010602-395,70.5 кв.м
26-12-010602-394,31.9 кв.м
26-12-010602-430,35.8 кв.м
26-12-010602-398,63.4 кв.м
26-12-010602-404,65.9 кв.м
26-12-010602-405,33.6 кв.м
26-12-010602-396,46.6 кв.м
26-12-010602-401,46.7 кв.м
26-12-010602-397,74.8 кв.м
26-12-010602-407,46.7 кв.м
26-12-010602-399,50.8 кв.м
26-12-010602-402,47.2 кв.м
26-12-010602-403,60.7 кв.м
26-12-010602-701,60.3 кв.м
26-12-010602-511,47 кв.м
26-12-010602-503,46 кв.м
26-12-010602-635,62.6 кв.м
26-12-010602-639,60.2 кв.м
26-12-010602-652,67.1 кв.м
26-12-011102-1165,47 кв.м
26-12-010602-644,64.6 кв.м
26-12-010602-660,54.3 кв.м
26-12-010602-651,65.9 кв.м
26-12-011104-948,35.6 кв.м
26-12-011104-915,45.5 кв.м
26-12-011104-176,2458.1 кв.м
26-12-011104-1226,35.4 кв.м
26-12-011104-928,41.9 кв.м
26-12-010701-740,117.5 кв.м
26-12-010602-664,61.2 кв.м
26-12-010701-694,69.9 кв.м
26-12-030108-1030,59.8 кв.м
26-12-030108-1029,30.1 кв.м
26-12-030108-1067,40.2 кв.м
26-12-030108-1044,28.5 кв.м
26-12-030108-1043,39.4 кв.м
26-12-030108-1046,50 кв.м
26-12-030108-1039,61.1 кв.м
26-12-030108-1083,40.2 кв.м
26-12-030108-1027,39.4 кв.м
26-12-030108-1069,29.5 кв.м
26-12-030108-1084,50.4 кв.м
26-12-030108-1054,60.4 кв.м
26-12-030108-1068,50.4 кв.м
26-12-030108-1042,49.6 кв.м
26-12-030108-1028,49.1 кв.м
26-12-030108-1058,29.5 кв.м
26-12-030108-1066,59.5 кв.м
26-12-030108-1025,63.1 кв.м
26-12-030108-173,3162.7 кв.м
26-12-030108-1041,29.5 кв.м
26-12-030108-1085,29.8 кв.м
26-12-030108-1057,40.8 кв.м
26-12-030108-1040,44 кв.м
26-12-030108-1023,43.6 кв.м
26-12-030108-1080,59 кв.м
26-12-030108-1024,29.4 кв.м
26-12-030108-1038,61.8 кв.м
26-12-030108-1055,44.4 кв.м
26-12-030108-1056,30.6 кв.м
26-12-030108-1062,47.6 кв.м
26-12-030108-1081,32.6 кв.м
26-12-030108-1226,31.2 кв.м
26-12-030108-1079,44.8 кв.м
26-12-030108-1064,63.4 кв.м
26-12-030108-1026,60.9 кв.м
26-12-030108-1035,44.8 кв.м
26-12-030108-1019,29.2 кв.м
26-12-030108-1052,62.8 кв.м
26-12-030108-1020,45.3 кв.м
26-12-030108-1037,31.9 кв.м
26-12-030108-1036,60.7 кв.м
26-12-030108-1053,30.8 кв.м
26-12-030108-1022,28.1 кв.м
26-12-030108-1059,30.6 кв.м
26-12-030108-1078,45.6 кв.м
26-12-030108-1049,45.7 кв.м
26-12-030108-1050,59.6 кв.м
26-12-030108-1051,32.9 кв.м
26-12-030108-1065,62.7 кв.м
26-12-030108-1045,61.7 кв.м
26-12-030108-1060,44.5 кв.м
26-12-030108-1082,62.7 кв.м
26-12-030108-1032,60.3 кв.м
26-12-030108-1077,33.4 кв.м
26-12-030108-1021,60.1 кв.м
26-12-030108-1073,63.8 кв.м
26-12-030108-1017,39.3 кв.м
26-12-030108-1034,49.9 кв.м
26-12-030108-1033,29.4 кв.м
26-12-030108-1031,39.9 кв.м
26-12-030108-1070,40.8 кв.м
26-12-030108-1076,30.7 кв.м
26-12-030108-1048,50.5 кв.м
26-12-030108-1018,33.5 кв.м
26-12-030108-1074,50.8 кв.м
26-12-030108-1071,50 кв.м
26-12-030108-1047,39.7 кв.м
26-12-030108-1075,59.6 кв.м
26-12-030108-1086,30.8 кв.м
26-12-030108-1098,39.7 кв.м
26-12-030108-1090,39.9 кв.м
26-12-000000-4246,50.1 кв.м
26-12-030108-1094,40.7 кв.м
26-12-030108-174,3172.1 кв.м
26-12-030108-1072,43.1 кв.м
26-12-000000-1517,56.7 кв.м
26-12-030108-1093,49.8 кв.м
26-12-030108-1061,31.6 кв.м
26-12-030108-1095,30.2 кв.м
26-12-030108-1092,57.7 кв.м
26-12-030108-1097,50 кв.м
26-12-030108-1091,29.8 кв.м
26-12-030108-1089,58.8 кв.м
26-12-030108-1150,50.9 кв.м
26-12-030108-1135,62.7 кв.м
26-12-030108-1088,31.7 кв.м
26-12-030108-1151,42 кв.м
26-12-030108-1148,40.5 кв.м
26-12-030108-1149,59.4 кв.м
26-12-030108-1152,31 кв.м
26-12-030108-1146,30.2 кв.м
26-12-030108-1136,30.9 кв.м
26-12-010510-2615,"61,2 кв.м"
26-12-030108-1138,30.5 кв.м
26-12-030108-1143,45.6 кв.м
26-12-030108-1137,44.2 кв.м
26-12-030108-1147,50.2 кв.м
26-12-030108-1139,61.6 кв.м
26-12-030108-1145,30.7 кв.м
26-12-000000-4587,59.2 кв.м
26-12-030108-1141,61.9 кв.м
26-12-030108-1144,61.4 кв.м
26-12-030108-1134,44.5 кв.м
26-12-030108-1130,29.3 кв.м
26-12-030108-1140,45.2 кв.м
26-12-000000-4079,44.7 кв.м
26-12-030108-1142,30.9 кв.м
26-12-030108-1133,31 кв.м
26-12-030108-1131,62.6 кв.м
26-12-030108-1125,63.1 кв.м
26-12-030108-1129,46.2 кв.м
26-12-030108-1126,44.7 кв.м
26-12-030108-1120,46.6 кв.м
26-12-030108-1124,29.9 кв.м
26-12-030108-1117,30.5 кв.м
26-12-030108-1132,63 кв.м
26-12-030108-1128,62 кв.м
26-12-030108-1116,58.7 кв.м
26-12-030108-1127,29.9 кв.м
26-12-030108-1121,31.1 кв.м
26-12-030108-1119,29.9 кв.м
26-12-030108-1123,45.2 кв.м
26-12-030108-1118,44.9 кв.м
26-12-030108-1112,59 кв.м
26-12-030108-1115,50.7 кв.м
26-12-030108-1114,39.8 кв.м
26-12-030108-1110,39.8 кв.м
26-12-030108-1099,39.8 кв.м
26-12-030108-1122,62.6 кв.м
26-12-030108-1102,30.4 кв.м
26-12-030108-1109,30.3 кв.м
26-12-030108-1111,50.2 кв.м
26-12-030108-1101,60.3 кв.м
26-12-030108-1100,40.5 кв.м
26-12-030108-1087,50.3 кв.м
26-12-030108-1107,30.3 кв.м
26-12-030108-1113,29.6 кв.м
26-12-030108-1108,58.9 кв.м
26-12-030118-353,58.3 кв.м
26-12-030108-1103,39.6 кв.м
26-12-030118-109,3602.3 кв.м
26-12-030108-1106,39.9 кв.м
26-12-030108-1104,50.4 кв.м
26-12-030108-1105,58.9 кв.м
26-12-030118-356,32.1 кв.м
26-12-030118-354,43.8 кв.м
26-12-030118-369,30.6 кв.м
26-12-030118-370,56.7 кв.м
26-12-030118-355,71.5 кв.м
26-12-030118-367,69.8 кв.м
26-12-030118-386,56.7 кв.м
26-12-030118-411,56.6 кв.м
26-12-030118-368,41.1 кв.м
26-12-030118-395,69.9 кв.м
26-12-030118-381,41.2 кв.м
26-12-030118-382,70.3 кв.м
26-12-030118-396,57.6 кв.м
26-12-030118-409,71 кв.м
26-12-030118-383,32.9 кв.м
26-12-030118-361,30.4 кв.м
26-12-030118-397,43 кв.м
26-12-030118-410,42.7 кв.м
26-12-030118-398,30.8 кв.м
26-12-030118-371,42.2 кв.м
26-12-030118-380,47.9 кв.м
26-12-030118-385,48.7 кв.м
26-12-030118-372,44.7 кв.м
26-12-030118-399,42.1 кв.м
26-12-030118-414,50.4 кв.м
26-12-030118-357,42 кв.м
26-12-030118-358,43.7 кв.м
26-12-030118-363,44.2 кв.м
26-12-030118-401,48.4 кв.м
26-12-030118-412,41.9 кв.м
26-12-030118-413,43.8 кв.м
26-12-030118-384,43.9 кв.м
26-12-030118-455,47.9 кв.м
26-12-030118-400,44.1 кв.м
26-12-030118-366,68.4 кв.м
26-12-030118-389,43.9 кв.м
26-12-030118-362,42.9 кв.м
26-12-030118-359,47.4 кв.м
26-12-030118-387,41.8 кв.м
26-12-030118-388,47.5 кв.м
26-12-030118-373,47.2 кв.м
26-12-030118-365,43.3 кв.м
26-12-030118-459,"135,1 кв.м"
26-12-030118-374,45.6 кв.м
26-12-030118-375,43.3 кв.м
26-12-030118-417,43 кв.м
26-12-030118-364,29.1 кв.м
26-12-030118-402,49.4 кв.м
26-12-030118-394,42.9 кв.м
26-12-030118-415,47.7 кв.м
26-12-030118-404,42.7 кв.м
26-12-030118-376,56.2 кв.м
26-12-030118-360,58.4 кв.м
26-12-030118-391,29.5 кв.м
26-12-030118-416,44.4 кв.м
26-12-030118-379,85.2 кв.м
26-12-030118-406,29.4 кв.м
26-12-030118-392,84.4 кв.м
26-12-030118-403,43.2 кв.м
26-12-030118-378,97.1 кв.м
26-12-030118-377,30 кв.м
26-12-030118-390,57.8 кв.м
26-12-030118-405,56.4 кв.м
26-12-030118-419,29.3 кв.м
26-12-030118-393,92.6 кв.м
26-12-030118-422,231.8 кв.м
26-12-030118-407,82.4 кв.м
26-12-030118-420,99.4 кв.м
26-12-030118-421,84.2 кв.м
26-12-030108-382,62.4 кв.м
26-12-030118-438,212.6 кв.м
26-12-030108-377,76.7 кв.м
26-12-030118-408,96.5 кв.м
26-12-030118-418,56.8 кв.м
26-12-030108-379,61.2 кв.м
26-12-030108-387,69.6 кв.м
26-12-030108-388,66.9 кв.м
26-12-030108-155,1027.9 кв.м
26-12-030108-389,74.8 кв.м
26-12-030108-378,67.2 кв.м
26-12-030108-386,74.5 кв.м
26-12-030108-1302,63.7 кв.м
26-12-030108-1298,62.6 кв.м
26-12-030108-381,69.5 кв.м
26-12-030108-390,67.1 кв.м
26-12-030108-384,67.8 кв.м
26-12-030108-385,62 кв.м
26-12-030108-383,77.7 кв.м
26-12-030108-380,75.3 кв.м
26-12-030108-1299,48.6 кв.м
26-12-030108-181,1080.2 кв.м
26-12-030108-1297,66.1 кв.м
26-12-030108-343,60.9 кв.м
26-12-030108-1300,49.3 кв.м
26-12-030108-1303,49.3 кв.м
26-12-030108-1301,64 кв.м
26-12-030108-391,63 кв.м
26-12-030108-1307,50.8 кв.м
26-12-030108-1312,56.2 кв.м
26-12-030108-1310,65.5 кв.м
26-12-030108-1306,63.7 кв.м
26-12-030108-1440,213.5 кв.м
26-12-030108-1304,50.3 кв.м
26-12-030108-1305,64.2 кв.м
26-12-030108-344,48.7 кв.м
26-12-030108-1309,63.9 кв.м
26-12-030108-1308,49.8 кв.м
26-12-030108-1311,48.1 кв.м
26-12-030108-1313,63.8 кв.м
26-12-030108-1315,51.3 кв.м
26-12-030108-1314,63.4 кв.м
26-12-030108-350,49.1 кв.м
26-12-030108-347,62.1 кв.м
26-12-030108-151,2267.6 кв.м
26-12-030108-353,61.2 кв.м
26-12-030108-351,48.7 кв.м
26-12-030108-359,63.9 кв.м
26-12-030108-354,60 кв.м
26-12-030108-349,51.3 кв.м
26-12-030108-352,51.5 кв.м
26-12-030108-346,63.8 кв.м
26-12-030108-345,49.6 кв.м
26-12-030108-363,59.3 кв.м
26-12-030108-358,52.5 кв.м
26-12-030108-348,60.6 кв.м
26-12-030108-366,59.5 кв.м
26-12-030108-362,62.3 кв.м
26-12-030108-365,48.7 кв.м
26-12-000000-4247,135.9 кв.м
26-12-030108-369,49 кв.м
26-12-030108-356,59.4 кв.м
26-12-030108-357,61 кв.м
26-12-030108-375,66.8 кв.м
26-12-030108-355,49.2 кв.м
26-12-030108-364,48.8 кв.м
26-12-030108-360,48.7 кв.м
26-12-030108-368,48 кв.м
26-12-030108-373,51.3 кв.м
26-12-030108-370,62.1 кв.м
26-12-030108-367,57.5 кв.м
26-12-030108-165,2284.2 кв.м
26-12-030108-371,59.9 кв.м
26-12-030108-827,201.8 кв.м
26-12-030108-372,51.5 кв.м
26-12-000000-4390,34.9 кв.м
26-12-030108-361,48.8 кв.м
26-12-000000-3788,123.9 кв.м
26-12-030108-801,59.9 кв.м
26-12-030108-834,59.2 кв.м
26-12-030108-797,48.7 кв.м
26-12-030108-796,63.2 кв.м
26-12-000000-3977,135.5 кв.м
26-12-030108-374,62.7 кв.м
26-12-030108-800,56.6 кв.м
26-12-030108-802,49.6 кв.м
26-12-030108-808,60.6 кв.м
26-12-030108-799,59.9 кв.м
26-12-030108-798,53.2 кв.м
26-12-030108-806,49.1 кв.м
26-12-030108-804,63.4 кв.м
26-12-030108-805,48.9 кв.м
26-12-030108-835,48.7 кв.м
26-12-030108-807,60.7 кв.м
26-12-030108-812,53.7 кв.м
26-12-030108-814,60 кв.м
26-12-030108-810,52.6 кв.м
26-12-030108-809,52.1 кв.м
26-12-030108-803,60.3 кв.м
26-12-030108-811,60.4 кв.м
26-12-030108-813,58.9 кв.м
26-12-030108-818,49.6 кв.м
26-12-030108-816,51.6 кв.м
26-12-030108-795,60.5 кв.м
26-12-030108-826,49.2 кв.м
26-12-030108-815,60 кв.м
26-12-030108-817,59.8 кв.м
26-12-030108-409,29.1 кв.м
26-12-030108-425,54.7 кв.м
26-12-030108-412,61.2 кв.м
26-12-030108-820,49.3 кв.м
26-12-030108-819,62.1 кв.м
26-12-030108-824,52.6 кв.м
26-12-030108-822,61.5 кв.м
26-12-030108-823,66.1 кв.м
26-12-030108-427,52.3 кв.м
26-12-030108-821,49.6 кв.м
26-12-030108-428,61.4 кв.м
26-12-030108-424,30.2 кв.м
26-12-030108-156,3398.9 кв.м
26-12-030108-411,51.9 кв.м
26-12-030108-397,55.6 кв.м
26-12-030108-441,53.1 кв.м
26-12-030108-399,50.9 кв.м
26-12-030108-438,30.2 кв.м
26-12-030108-442,62.6 кв.м
26-12-030108-439,55.7 кв.м
26-12-030108-408,54.5 кв.м
26-12-030108-825,63.2 кв.м
26-12-030108-406,44 кв.м
26-12-030108-436,47.1 кв.м
26-12-030108-456,62.1 кв.м
26-12-030108-452,29.7 кв.м
26-12-030108-410,42.6 кв.м
26-12-030108-407,46.4 кв.м
26-12-030108-422,44.6 кв.м
26-12-030108-453,55.2 кв.м
26-12-030108-437,44.6 кв.м
26-12-030108-426,42.8 кв.м
26-12-000000-3790,58.6 кв.м
26-12-030108-405,43.5 кв.м
26-12-030108-455,51.9 кв.м
26-12-030108-434,45.6 кв.м
26-12-030108-454,40.8 кв.м
26-12-030108-413,46 кв.м
26-12-030108-440,40.7 кв.м
26-12-030108-423,47 кв.м
26-12-030108-419,41.4 кв.м
26-12-030108-451,46.7 кв.м
26-12-030108-450,43.6 кв.м
26-12-030108-420,46.2 кв.м
26-12-030108-433,42.4 кв.м
26-12-030108-404,41.9 кв.м
26-12-030108-421,43.6 кв.м
26-12-030108-435,44.4 кв.м
26-12-030108-448,48 кв.м
26-12-030108-449,44 кв.м
26-12-030108-447,41.3 кв.м
26-12-030108-398,54 кв.м
26-12-030108-429,61.8 кв.м
26-12-030108-417,55.4 кв.м
26-12-030108-396,50.6 кв.м
26-12-030108-415,62.1 кв.м
26-12-030108-418,29.3 кв.м
26-12-030108-414,29.7 кв.м
26-12-030108-403,51.5 кв.м
26-12-030108-432,30.5 кв.м
26-12-030108-416,51.2 кв.м
26-12-030108-1341,29.5 кв.м
26-12-030108-431,55.2 кв.м
26-12-030108-402,60.6 кв.м
26-12-030108-446,29.9 кв.м
26-12-030108-401,71.6 кв.м
26-12-030108-443,61.7 кв.м
26-12-030108-444,51.2 кв.м
26-12-011102-1080,"77,9 кв.м"
26-12-011102-952,"78,3 кв.м"
26-12-011102-948,"38,5 кв.м"
26-12-011102-98,"12401,9 кв.м"
26-12-030108-445,54.7 кв.м
26-12-030108-430,50.6 кв.м
26-12-011102-949,"67,8 кв.м"
26-12-011102-943,"50,2 кв.м"
26-12-011102-969,"37,8 кв.м"
26-12-030108-393,58.5 кв.м
26-12-030108-400,64.1 кв.м
26-12-011102-953,"39,6 кв.м"
26-12-011102-955,"65,9 кв.м"
26-12-011102-954,"50,4 кв.м"
26-12-011102-985,"38,4 кв.м"
26-12-000000-4588,58.5 кв.м
26-12-030108-394,106.8 кв.м
26-12-000000-3789,40.7 кв.м
26-12-000000-1945,62.6 кв.м
26-12-000000-307,539.2 кв.м
26-12-030108-1406,45.4 кв.м
26-12-030108-395,48.9 кв.м
26-12-000000-1944,56.2 кв.м
26-12-030108-1343,58.6 кв.м
26-12-000000-1942,86.9 кв.м
26-12-000000-1943,58.7 кв.м
26-12-000000-1936,82.5 кв.м
26-12-000000-1941,62.3 кв.м
26-12-000000-1946,82.3 кв.м
26-12-000000-1940,57.5 кв.м
26-12-000000-1939,81.7 кв.м
26-12-000000-1938,62.4 кв.м
26-12-000000-1935,62.5 кв.м
26-12-000000-1937,57.3 кв.м
26-12-030103-802,222 кв.м
26-12-011102-1031,"68,1 кв.м"
26-12-011102-972,65.6 кв.м
26-12-011102-879,49.2 кв.м
26-12-011102-1112,911.6 кв.м
26-12-011102-1104,926.6 кв.м
26-12-000000-3894,212.5 кв.м
26-12-030113-43,36.8 кв.м
26-12-030113-45,37.1 кв.м
26-12-000000-3893,187.3 кв.м
26-12-030113-34,5307.9 кв.м
26-12-030113-47,37 кв.м
26-12-030113-58,68.6 кв.м
26-12-030113-52,54.5 кв.м
26-12-030113-39,37.2 кв.м
26-12-030113-54,69.6 кв.м
26-12-030113-48,54.1 кв.м
26-12-030113-59,37.1 кв.м
26-12-030113-51,39.6 кв.м
26-12-030113-44,54.2 кв.м
26-12-030113-49,37.9 кв.м
26-12-030113-41,37.3 кв.м
26-12-030113-40,53.7 кв.м
26-12-030113-46,68.1 кв.м
26-12-030113-42,66.6 кв.м
26-12-030113-53,36.5 кв.м
26-12-030113-65,37.4 кв.м
26-12-030113-50,68 кв.м
26-12-030113-67,36.7 кв.м
26-12-030113-55,36.4 кв.м
26-12-030113-57,36.3 кв.м
26-12-030113-64,54.3 кв.м
26-12-030113-63,37.3 кв.м
26-12-030113-56,54.5 кв.м
26-12-030113-60,53.8 кв.м
26-12-030113-66,69.4 кв.м
26-12-030113-69,36.8 кв.м
26-12-030113-61,36.7 кв.м
26-12-030113-62,73.5 кв.м
26-12-030113-72,39.6 кв.м
26-12-030113-70,68.6 кв.м
26-12-030113-74,68.1 кв.м
26-12-030113-68,52.4 кв.м
26-12-030113-71,65.2 кв.м
26-12-030113-86,65.9 кв.м
26-12-030113-73,65.3 кв.м
26-12-030113-79,63.1 кв.м
26-12-030113-83,65 кв.м
26-12-030113-80,64.6 кв.м
26-12-030113-85,63.1 кв.м
26-12-030113-75,36.9 кв.м
26-12-030113-82,63.2 кв.м
26-12-030113-78,37.3 кв.м
26-12-030113-84,36.9 кв.м
26-12-030113-77,63.8 кв.м
26-12-030113-81,36.1 кв.м
26-12-030113-87,40.1 кв.м
26-12-030113-94,65.6 кв.м
26-12-030113-88,64.1 кв.м
26-12-030113-92,63.4 кв.м
26-12-030113-89,62.8 кв.м
26-12-030113-106,36.1 кв.м
26-12-030113-100,66.2 кв.м
26-12-030113-96,64.2 кв.м
26-12-030113-103,33.7 кв.м
26-12-030113-93,35.7 кв.м
26-12-030113-95,33 кв.м
26-12-030113-104,64.3 кв.м
26-12-030113-91,64 кв.м
26-12-030113-102,37.1 кв.м
26-12-030113-105,63.1 кв.м
26-12-030113-107,33.6 кв.м
26-12-030113-101,64.1 кв.м
26-12-030113-99,34.2 кв.м
26-12-030113-108,65.3 кв.м
26-12-030113-90,36.7 кв.м
26-12-030113-111,33.9 кв.м
26-12-030113-110,38.5 кв.м
26-12-030113-76,66.6 кв.м
26-12-030113-113,64 кв.м
26-12-030113-109,60.9 кв.м
26-12-030113-122,39.9 кв.м
26-12-030113-112,67.9 кв.м
26-12-030113-116,65.8 кв.м
26-12-030113-115,31 кв.м
26-12-030113-123,33.4 кв.м
26-12-030113-117,64.3 кв.м
26-12-030113-114,36.3 кв.м
26-12-030113-119,36.1 кв.м
26-12-030113-126,99.5 кв.м
26-12-030113-118,34.3 кв.м
26-12-030113-120,66.8 кв.м
26-12-000000-1619,57.2 кв.м
26-12-030113-121,63.8 кв.м
26-12-030113-97,65.1 кв.м
26-12-030113-125,88.4 кв.м
26-12-000000-3807,14.4 кв.м
26-12-000000-1637,62.5 кв.м
26-12-030113-124,60.4 кв.м
26-12-030113-128,101 кв.м
26-12-000000-1664,52.4 кв.м
26-12-000000-1621,82.4 кв.м
26-12-000000-3806,293.9 кв.м
26-12-000000-1625,62.7 кв.м
26-12-000000-1012,6585.7 кв.м
26-12-000000-1654,55.7 кв.м
26-12-000000-1649,52.4 кв.м
26-12-030113-98,38.6 кв.м
26-12-000000-1611,52.7 кв.м
26-12-000000-1659,61.3 кв.м
26-12-000000-1634,57.2 кв.м
26-12-000000-1595,52 кв.м
26-12-000000-1657,52.3 кв.м
26-12-000000-1655,82.1 кв.м
26-12-000000-1606,51.9 кв.м
26-12-030211-1153,30.9 кв.м
26-12-000000-1638,55.9 кв.м
26-12-030211-1114,29.7 кв.м
26-12-000000-3805,390.2 кв.м
26-12-030211-1606,59.7 кв.м
26-12-030211-1117,39.7 кв.м
26-12-030211-348,5322.7 кв.м
26-12-030211-1116,49.9 кв.м
26-12-030211-1155,50.3 кв.м
26-12-030211-1115,58.3 кв.м
26-12-030211-1154,59.5 кв.м
26-12-030211-1135,50.2 кв.м
26-12-030211-1568,58.4 кв.м
26-12-030211-1134,39 кв.м
26-12-030211-1605,30.9 кв.м
26-12-030211-1136,30.3 кв.м
26-12-030211-1586,59.7 кв.м
26-12-030211-1111,47.1 кв.м
26-12-030211-1583,39.8 кв.м
26-12-030211-1112,44.3 кв.м
26-12-030211-1603,39 кв.м
26-12-030211-1584,50.6 кв.м
26-12-030211-1156,40.6 кв.м
26-12-030211-1604,50.4 кв.м
26-12-030211-1585,31 кв.м
26-12-030211-1113,44.3 кв.м
26-12-030211-1125,44.7 кв.м
26-12-030114-862,44.2 кв.м
26-12-030211-1589,47.8 кв.м
26-12-030211-1588,43.9 кв.м
26-12-030211-1126,43.9 кв.м
26-12-030211-1107,44.2 кв.м
26-12-030211-1587,45.2 кв.м
26-12-030211-1123,48 кв.м
26-12-030211-1152,45.8 кв.м
26-12-030211-1149,47.2 кв.м
26-12-030114-1063,45.3 кв.м
26-12-030211-1608,43.6 кв.м
26-12-030211-1110,46.8 кв.м
26-12-030211-1158,47.7 кв.м
26-12-030211-1148,44.2 кв.м
26-12-030211-1592,44.1 кв.м
26-12-030211-1106,43.6 кв.м
26-12-030211-1147,44.5 кв.м
26-12-030211-1590,47.9 кв.м
26-12-030211-1129,44 кв.м
26-12-030211-1128,44.1 кв.м
26-12-030211-1124,47.1 кв.м
26-12-030211-1150,47.4 кв.м
26-12-030211-1610,44 кв.м
26-12-030211-1572,44 кв.м
26-12-030211-1109,43.5 кв.м
26-12-030211-1108,43.4 кв.м
26-12-030211-1609,47.7 кв.м
26-12-030211-1104,46.9 кв.м
26-12-030211-1567,44.5 кв.м
26-12-030211-1612,44 кв.м
26-12-030211-1132,47.7 кв.м
26-12-030211-1142,44.5 кв.м
26-12-030211-1613,47.5 кв.м
26-12-030211-1118,45 кв.м
26-12-030211-1596,48.2 кв.м
26-12-030211-1146,43.1 кв.м
26-12-030211-1131,44.1 кв.м
26-12-030211-1593,43.3 кв.м
26-12-030211-1595,47.8 кв.м
26-12-030211-1144,47.7 кв.м
26-12-030211-1598,44.8 кв.м
26-12-030211-1103,44.9 кв.м
26-12-030211-1130,45.5 кв.м
26-12-030211-1145,43.3 кв.м
26-12-030211-1594,43.7 кв.м
26-12-030211-1133,47 кв.м
26-12-030211-1141,44.4 кв.м
26-12-030211-1611,43.6 кв.м
26-12-030211-1597,44.4 кв.м
26-12-000000-3810,43.4 кв.м
26-12-030211-1105,48 кв.м
26-12-030211-1122,40.1 кв.м
26-12-030211-1099,48.4 кв.м
26-12-030211-1119,58 кв.м
26-12-030211-1121,48.9 кв.м
26-12-030211-1619,44.5 кв.м
26-12-030211-1127,43.8 кв.м
26-12-030211-1143,48 кв.м
26-12-030211-1101,58.5 кв.м
26-12-030211-1100,40.4 кв.м
26-12-030211-1138,50 кв.м
26-12-030211-1599,59.1 кв.м
26-12-030211-1140,30 кв.м
26-12-030211-1102,30.3 кв.м
26-12-030211-1120,29.5 кв.м
26-12-030211-1614,45.2 кв.м
26-12-030211-1139,58.7 кв.м
26-12-030211-1600,30.4 кв.м
26-12-030211-1617,50.2 кв.м
26-12-030211-1157,39.8 кв.м
26-12-030211-1602,40.5 кв.м
26-12-030114-860,49.7 кв.м
26-12-030211-1615,58.4 кв.м
26-12-030211-1616,30.5 кв.м
26-12-000000-4399,39.7 кв.м
26-12-030114-1083,1053.7 кв.м
26-12-030211-1618,39.7 кв.м
26-12-030114-93,3849.5 кв.м
26-12-030114-510,44 кв.м
26-12-030114-554,43.8 кв.м
26-12-030114-539,32.4 кв.м
26-12-030114-555,33.3 кв.м
26-12-030114-507,51.8 кв.м
26-12-030114-553,59.1 кв.м
26-12-030114-527,45.3 кв.м
26-12-030114-537,56.7 кв.м
26-12-030114-506,42.7 кв.м
26-12-030114-557,29.9 кв.м
26-12-030114-556,58.5 кв.м
26-12-030114-505,44.3 кв.м
26-12-030114-538,43.5 кв.м
26-12-030114-523,61.6 кв.м
26-12-030114-541,30.2 кв.м
26-12-030114-521,44.9 кв.м
26-12-030114-546,31.1 кв.м
26-12-030114-530,32.4 кв.м
26-12-030114-525,44.4 кв.м
26-12-030114-522,32.2 кв.м
26-12-030114-542,44.5 кв.м
26-12-030114-543,31.6 кв.м
26-12-030114-526,43.5 кв.м
26-12-030114-508,57.4 кв.м
26-12-030114-540,58.2 кв.м
26-12-030114-514,30.6 кв.м
26-12-030114-524,30.2 кв.м
26-12-030114-560,34 кв.м
26-12-030114-509,42.3 кв.м
26-12-030114-559,57.8 кв.м
26-12-030114-511,30.4 кв.м
26-12-030114-549,30.6 кв.м
26-12-030114-564,44.4 кв.м
26-12-030114-513,30.9 кв.м
26-12-030114-565,30.7 кв.м
26-12-030114-528,58.3 кв.м
26-12-030114-562,60 кв.м
26-12-011104-689,"30,8 кв.м"
26-12-030114-512,58.4 кв.м
26-12-030114-529,31.8 кв.м
26-12-030114-545,31.2 кв.м
26-12-030114-550,44.1 кв.м
26-12-030114-544,59.6 кв.м
26-12-011104-690,"41,7 кв.м"
26-12-030114-517,31.3 кв.м
26-12-011104-691,"57,3 кв.м"
26-12-011104-686,"30,6 кв.м"
26-12-011104-164,"1766,7 кв.м"
26-12-030114-531,60.4 кв.м
26-12-011104-710,"44,5 кв.м"
26-12-011104-709,"42,8 кв.м"
26-12-011104-696,"59,2 кв.м"
26-12-030114-533,44.3 кв.м
26-12-011104-713,"31,3 кв.м"
26-12-030114-566,32.2 кв.м
26-12-030114-532,36.4 кв.м
26-12-011104-1258,"31,3 кв.м"
26-12-030114-563,31.7 кв.м
26-12-030114-516,42.5 кв.м
26-12-030114-567,44 кв.м
26-12-030114-534,29.9 кв.м
26-12-030114-548,31.6 кв.м
26-12-030114-518,59.3 кв.м
26-12-030114-519,31.7 кв.м
26-12-030114-552,44.6 кв.м
26-12-030114-551,32.5 кв.м
26-12-030114-547,59.8 кв.м
26-12-030114-504,138.7 кв.м
26-12-030114-515,30.6 кв.м
26-12-030114-520,43.5 кв.м
26-12-030114-536,44.5 кв.м
26-12-030114-503,395.5 кв.м
26-12-011104-716,30.9 кв.м
26-12-011104-986,44.9 кв.м
26-12-000000-4400,83.1 кв.м
26-12-030114-535,32.1 кв.м
26-12-000000-2497,236 кв.м
26-12-011104-647,44 кв.м
26-12-011104-443,44.8 кв.м
26-12-011104-471,46.6 кв.м
26-12-030114-681,28.2 кв.м
26-12-030114-679,28.3 кв.м
26-12-011104-1085,42.1 кв.м
26-12-030114-680,32.1 кв.м
26-12-030114-760,42.7 кв.м
26-12-030114-755,29.8 кв.м
26-12-030114-101,2201.5 кв.м
26-12-030114-746,45.2 кв.м
26-12-030114-745,43.9 кв.м
26-12-030114-768,56.9 кв.м
26-12-030114-752,43.1 кв.м
26-12-030114-762,41.5 кв.м
26-12-030114-751,29.5 кв.м
26-12-030114-748,43.3 кв.м
26-12-030114-747,28.8 кв.м
26-12-030114-749,43.5 кв.м
26-12-030114-763,32 кв.м
26-12-030114-756,42.8 кв.м
26-12-030114-758,46.9 кв.м
26-12-030114-753,43.9 кв.м
26-12-030114-757,44.9 кв.м
26-12-030114-761,55.7 кв.м
26-12-030114-759,29.2 кв.м
26-12-030114-754,46.1 кв.м
26-12-030114-750,45.8 кв.м
26-12-000000-4257,32 кв.м
26-12-030114-766,42.1 кв.м
26-12-030114-776,55.1 кв.м
26-12-030114-765,55.9 кв.м
26-12-030114-774,42 кв.м
26-12-030114-769,56.1 кв.м
26-12-030114-785,42.9 кв.м
26-12-030114-770,42.8 кв.м
26-12-030114-784,43.7 кв.м
26-12-030114-788,44 кв.м
26-12-030114-773,56.5 кв.м
26-12-030114-772,54.8 кв.м
26-12-030114-777,53.1 кв.м
26-12-030114-778,28.8 кв.м
26-12-030114-780,45.5 кв.м
26-12-030114-775,31.6 кв.м
26-12-030114-771,31.8 кв.м
26-12-030114-764,58.6 кв.м
26-12-030114-781,53.3 кв.м
26-12-030114-782,28.9 кв.м
26-12-030114-783,45.8 кв.м
26-12-030114-790,29.8 кв.м
26-12-030114-786,29.3 кв.м
26-12-030114-789,43.7 кв.м
26-12-030114-496,44.5 кв.м
26-12-030114-779,45.4 кв.м
26-12-030114-494,54.4 кв.м
26-12-030114-497,42.7 кв.м
26-12-030114-787,45.5 кв.м
26-12-030114-791,44.2 кв.м
26-12-030114-87,1093.9 кв.м
26-12-030114-491,40.5 кв.м
26-12-030114-792,44.4 кв.м
26-12-030114-485,54.6 кв.м
26-12-030114-490,54 кв.м
26-12-030114-493,42.6 кв.м
26-12-030114-489,43.1 кв.м
26-12-030114-486,55 кв.м
26-12-030114-484,40.6 кв.м
26-12-030114-492,44.5 кв.м
26-12-030114-483,44.5 кв.м
26-12-030114-487,25.3 кв.м
26-12-030114-495,40.1 кв.м
26-12-030114-488,44.3 кв.м
26-12-030114-477,55 кв.м
26-12-030114-479,44.2 кв.м
26-12-030114-482,42.6 кв.м
26-12-030114-476,40.5 кв.м
26-12-030114-475,30.2 кв.м
26-12-030114-481,55.4 кв.м
26-12-030114-478,42.6 кв.м
26-12-030114-480,40.5 кв.м
26-12-030114-474,26 кв.м
26-12-030114-498,109.6 кв.м
26-12-030114-660,46.2 кв.м
26-12-030114-638,167.5 кв.м
26-12-030114-644,46.4 кв.м
26-12-030114-650,56.7 кв.м
26-12-030114-659,44.1 кв.м
26-12-030114-97,2214.1 кв.м
26-12-030114-642,55.6 кв.м
26-12-000000-3808,107.7 кв.м
26-12-011104-114,1391 кв.м
26-12-030114-666,55.3 кв.м
26-12-030114-675,45.5 кв.м
26-12-030114-676,45.9 кв.м
26-12-030114-651,45.7 кв.м
26-12-030114-652,47.3 кв.м
26-12-011104-1232,138.5 кв.м
26-12-030114-668,43 кв.м
26-12-030114-658,55.3 кв.м
26-12-030114-641,56.2 кв.м
26-12-030114-667,46 кв.м
26-12-030114-670,44.9 кв.м
26-12-030114-653,43.3 кв.м
26-12-030114-677,43.6 кв.м
26-12-030114-674,55 кв.м
26-12-030114-646,41.1 кв.м
26-12-030114-655,46.5 кв.м
26-12-030114-648,44.7 кв.м
26-12-030114-647,45.9 кв.м
26-12-030114-640,44.9 кв.м
26-12-030114-657,57.1 кв.м
26-12-030114-649,57 кв.м
26-12-030114-111,3640.2 кв.м
26-12-030114-654,43.9 кв.м
26-12-030114-669,41.2 кв.м
26-12-030114-672,43.9 кв.м
26-12-030114-639,46.3 кв.м
26-12-030114-662,43.2 кв.м
26-12-030114-656,44 кв.м
26-12-030114-663,46.5 кв.м
26-12-030114-1022,30 кв.м
26-12-030114-1128,88.7 кв.м
26-12-030114-678,43.5 кв.м
26-12-030114-671,46.6 кв.м
26-12-030114-1008,43.9 кв.м
26-12-030114-673,57.2 кв.м
26-12-030114-1009,28.1 кв.м
26-12-030114-664,44.1 кв.м
26-12-030114-1036,43.3 кв.м
26-12-030114-665,58.1 кв.м
26-12-030114-1021,42.5 кв.м
26-12-030114-1038,63.6 кв.м
26-12-030114-1050,45.2 кв.м
26-12-030114-1023,62.1 кв.м
26-12-030114-1005,55.5 кв.м
26-12-030114-1010,62.3 кв.м
26-12-030114-1007,57 кв.м
26-12-030114-1052,62.4 кв.м
26-12-030114-1037,29 кв.м
26-12-030114-1051,29.7 кв.м
26-12-030114-1020,56.8 кв.м
26-12-030114-1018,55 кв.м
26-12-030114-1002,29.7 кв.м
26-12-030114-1015,29.4 кв.м
26-12-030114-1006,41 кв.м
26-12-030114-1044,29.7 кв.м
26-12-030114-1019,41.1 кв.м
26-12-030114-1034,41.3 кв.м
26-12-030114-1033,55.1 кв.м
26-12-030114-1048,42.3 кв.м
26-12-030114-1030,29.7 кв.м
26-12-030114-1000,57.9 кв.м
26-12-030114-1049,58.3 кв.м
26-12-030114-1047,55.5 кв.м
26-12-030114-999,41.4 кв.м
26-12-030114-1004,29.7 кв.м
26-12-030114-1003,56.8 кв.м
26-12-030114-1017,30.1 кв.м
26-12-030114-1035,57.9 кв.м
26-12-030114-1032,30.2 кв.м
26-12-030114-1001,61 кв.м
26-12-030114-1046,30 кв.м
26-12-030114-1045,57.4 кв.м
26-12-030114-1031,55.6 кв.м
26-12-030114-1016,57.9 кв.м
26-12-030114-1042,54.9 кв.м
26-12-030114-1041,42.8 кв.м
26-12-030114-1027,54.9 кв.м
26-12-030114-1014,63.3 кв.м
26-12-030114-1013,41.7 кв.м
26-12-030114-1024,53.6 кв.м
26-12-030114-1029,63.2 кв.м
26-12-030114-1025,28.3 кв.м
26-12-030114-1028,41.3 кв.м
26-12-030114-998,50 кв.м
26-12-000000-3809,207.6 кв.м
26-12-030114-997,28.2 кв.м
26-12-030114-1012,48.9 кв.м
26-12-030114-1040,49.1 кв.м
26-12-030114-1011,28.1 кв.м
26-12-030114-1043,62.8 кв.м
26-12-030114-1039,28.3 кв.м
26-12-030114-1026,48.9 кв.м
26-12-030114-1136,489.3 кв.м
26-12-030114-738,44.8 кв.м
26-12-030114-499,71 кв.м
26-12-030114-737,43.2 кв.м
26-12-030114-726,55 кв.м
26-12-030114-736,52.8 кв.м
26-12-030114-724,44.7 кв.м
26-12-030114-739,43.8 кв.м
26-12-000000-4595,253.3 кв.м
26-12-030114-100,1795 кв.м
26-12-030114-722,43.6 кв.м
26-12-030114-727,42.9 кв.м
26-12-030114-721,45.8 кв.м
26-12-030114-720,55.6 кв.м
26-12-030114-723,44.1 кв.м
26-12-030114-734,42.4 кв.м
26-12-030114-735,55.1 кв.м
26-12-030114-731,45.7 кв.м
26-12-030114-732,42.4 кв.м
26-12-030114-718,42.9 кв.м
26-12-030114-716,44.4 кв.м
26-12-030114-1133,20.4 кв.м
26-12-030114-730,43.3 кв.м
26-12-030114-717,46.1 кв.м
26-12-030114-742,145.1 кв.м
26-12-030114-719,55.6 кв.м
26-12-030114-741,86.3 кв.м
26-12-030114-728,42.3 кв.м
26-12-030114-733,45.2 кв.м
26-12-030114-729,55.5 кв.м
26-12-010701-508,63.8 кв.м
26-12-010701-510,50.2 кв.м
26-12-030114-1132,23.5 кв.м
26-12-010701-511,63.7 кв.м
26-12-030114-1107,111.6 кв.м
26-12-030114-1129,40.1 кв.м
26-12-010701-506,50.2 кв.м
26-12-010701-500,62.9 кв.м
26-12-030114-715,41.1 кв.м
26-12-010701-505,62.9 кв.м
26-12-010701-515,35.8 кв.м
26-12-010701-503,51.7 кв.м
26-12-010701-519,56.1 кв.м
26-12-010701-509,51.7 кв.м
26-12-010701-513,54.7 кв.м
26-12-010701-517,65.3 кв.м
26-12-010701-516,68.1 кв.м
26-12-010701-521,55.7 кв.м
26-12-010701-520,53.1 кв.м
26-12-010701-524,66.5 кв.м
26-12-030114-740,108.1 кв.м
26-12-010701-522,34.9 кв.м
26-12-010701-531,35.8 кв.м
26-12-010701-529,37.8 кв.м
26-12-010701-523,35.9 кв.м
26-12-010701-533,55.7 кв.м
26-12-010701-498,40.4 кв.м
26-12-010701-530,67.7 кв.м
26-12-010701-543,49.3 кв.м
26-12-010701-537,53.8 кв.м
26-12-010701-532,66.8 кв.м
26-12-010701-534,63.4 кв.м
26-12-010701-499,49.4 кв.м
26-12-010701-536,70 кв.м
26-12-010701-540,55.5 кв.м
26-12-010701-544,35.1 кв.м
26-12-010701-539,65.9 кв.м
26-12-010701-541,50.8 кв.м
26-12-010701-575,"49,3 кв.м"
26-12-010701-542,36.6 кв.м
26-12-010701-551,40.2 кв.м
26-12-010701-550,49.3 кв.м
26-12-010701-557,70.7 кв.м
26-12-010701-556,53.6 кв.м
26-12-010701-555,52.4 кв.м
26-12-010701-548,50.2 кв.м
26-12-010701-582,"35,2 кв.м"
26-12-010701-591,"49,5 кв.м"
26-12-010701-587,"50,7 кв.м"
26-12-010701-558,35.2 кв.м
26-12-010701-502,"2135,8 кв.м"
26-12-010701-559,52.6 кв.м
26-12-010701-560,35.9 кв.м
26-12-010701-547,58.7 кв.м
26-12-010701-586,"63,7 кв.м"
26-12-010701-549,63.2 кв.м
26-12-010701-561,36.4 кв.м
26-12-010701-552,40.2 кв.м
26-12-010701-590,"36,2 кв.м"
26-12-010701-394,"70,8 кв.м"
26-12-010701-570,66.4 кв.м
26-12-010701-566,35.5 кв.м
26-12-010701-598,"63,5 кв.м"
26-12-010701-564,50.3 кв.м
26-12-010701-577,38.6 кв.м
26-12-010701-567,52.9 кв.м
26-12-010701-569,36.2 кв.м
26-12-010701-563,66.6 кв.м
26-12-010701-568,38 кв.м
26-12-010701-576,38.3 кв.м
26-12-010701-571,57.7 кв.м
26-12-010701-581,64.3 кв.м
26-12-010701-574,42.1 кв.м
26-12-010701-585,36.3 кв.м
26-12-010701-578,67.2 кв.м
26-12-010701-579,53.8 кв.м
26-12-010701-593,"38,7 кв.м"
26-12-010701-588,52.7 кв.м
26-12-010701-618,"66,1 кв.м"
26-12-010701-580,50.6 кв.м
26-12-010701-596,68.3 кв.м
26-12-010701-594,66.7 кв.м
26-12-010701-616,101 кв.м
26-12-010701-592,37.7 кв.м
26-12-010701-584,38.1 кв.м
26-12-010701-600,65.5 кв.м
26-12-010701-635,"51,2 кв.м"
26-12-010701-629,"65,6 кв.м"
26-12-010701-565,53.8 кв.м
26-12-010701-610,33.7 кв.м
26-12-010701-583,49.4 кв.м
26-12-010701-597,65.5 кв.м
26-12-010701-601,65.2 кв.м
26-12-010701-589,63.8 кв.м
26-12-010701-605,129.5 кв.м
26-12-010701-612,96.5 кв.м
26-12-010701-603,67 кв.м
26-12-010701-608,94.7 кв.м
26-12-010701-613,96.7 кв.м
26-12-010701-604,91.5 кв.м
26-12-010701-631,"62,6 кв.м"
26-12-010701-606,35.1 кв.м
26-12-010701-611,65.5 кв.м
26-12-010701-617,38.5 кв.м
26-12-010701-619,104.4 кв.м
26-12-010701-625,35.1 кв.м
26-12-010701-621,43.7 кв.м
26-12-010701-644,"35,1 кв.м"
26-12-010701-609,105.8 кв.м
26-12-010701-622,51 кв.м
26-12-010701-627,68 кв.м
26-12-010701-634,50.8 кв.м
26-12-010701-624,55.9 кв.м
26-12-010701-599,66.3 кв.м
26-12-010701-632,56.3 кв.м
26-12-010701-633,42.7 кв.м
26-12-010701-656,"48,8 кв.м"
26-12-010701-636,66.5 кв.м
26-12-010701-640,40.4 кв.м
26-12-010701-602,61.6 кв.м
26-12-010701-607,66.1 кв.м
26-12-010701-645,62.4 кв.м
26-12-010701-641,73.4 кв.м
26-12-010701-651,54.2 кв.м
26-12-010701-639,39.8 кв.м
26-12-000000-4401,52.4 кв.м
26-12-010701-643,50.1 кв.м
26-12-010701-630,35 кв.м
26-12-010701-638,50.7 кв.м
26-12-010701-648,36.2 кв.м
26-12-010701-637,37 кв.м
26-12-010701-650,65.9 кв.м
26-12-010701-660,66.7 кв.м
26-12-010701-649,55.4 кв.м
26-12-010701-659,50.5 кв.м
26-12-010701-652,51.1 кв.м
26-12-010701-646,38.7 кв.м
26-12-010701-647,39.8 кв.м
26-12-010701-658,51.1 кв.м
26-12-010701-653,60.7 кв.м
26-12-010701-654,66.7 кв.м
26-12-010701-655,37.4 кв.м
26-12-010701-665,52.9 кв.м
26-12-010701-663,48.5 кв.м
26-12-010701-664,61.6 кв.м
26-12-010701-657,39.8 кв.м
26-12-010701-666,39.6 кв.м
26-12-010701-671,61.4 кв.м
26-12-010701-672,57.7 кв.м
26-12-010701-662,38.9 кв.м
26-12-010701-669,54.7 кв.м
26-12-010701-668,37.6 кв.м
26-12-010701-674,36.4 кв.м
26-12-010701-661,69.8 кв.м
26-12-010701-667,53.2 кв.м
26-12-010701-670,42.5 кв.м
26-12-010701-676,49.8 кв.м
26-12-010701-683,35.8 кв.м
26-12-010701-673,50.2 кв.м
26-12-010701-675,70.6 кв.м
26-12-010701-678,35.7 кв.м
26-12-010701-677,67.7 кв.м
26-12-010701-679,54.4 кв.м
26-12-010701-403,53.6 кв.м
26-12-010701-682,39.9 кв.м
26-12-010701-416,36.1 кв.м
26-12-010701-681,65.1 кв.м
26-12-010701-404,64 кв.м
26-12-010701-415,51.3 кв.м
26-12-010701-418,66.5 кв.м
26-12-010701-417,65.7 кв.м
26-12-010701-412,53.6 кв.м
26-12-010701-419,42.6 кв.м
26-12-010701-425,36.1 кв.м
26-12-010701-405,29.5 кв.м
26-12-010701-413,36.1 кв.м
26-12-010702-127,"29,9 кв.м"
26-12-010701-424,53 кв.м
26-12-010701-427,52.1 кв.м
26-12-010701-423,42.8 кв.м
26-12-010701-422,67 кв.м
26-12-010701-452,35.8 кв.м
26-12-011103-1047,44.8 кв.м
26-12-030102-485,56.5 кв.м
26-12-030102-470,45.6 кв.м
26-12-030102-471,29 кв.м
26-12-030102-453,43.7 кв.м
26-12-030102-481,43.4 кв.м
26-12-030102-442,28.4 кв.м
26-12-030102-477,57.2 кв.м
26-12-030102-462,46.7 кв.м
26-12-030102-482,56.5 кв.м
26-12-030102-469,44.3 кв.м
26-12-030102-194,2046.5 кв.м
26-12-030102-473,32.4 кв.м
26-12-030102-474,42.8 кв.м
26-12-030102-472,42.1 кв.м
26-12-030102-452,29.4 кв.м
26-12-030102-484,41.7 кв.м
26-12-030102-475,56.1 кв.м
26-12-030102-463,45 кв.м
26-12-030102-461,42.8 кв.м
26-12-030102-478,44.4 кв.м
26-12-030102-479,46.1 кв.м
26-12-030102-480,29 кв.м
26-12-030102-451,44.4 кв.м
26-12-030102-487,29.2 кв.м
26-12-030102-455,32.7 кв.м
26-12-030102-486,42.8 кв.м
26-12-030102-444,44.4 кв.м
26-12-030102-450,45.7 кв.м
26-12-030102-483,32 кв.м
26-12-030102-467,57.1 кв.м
26-12-030102-454,56.3 кв.м
26-12-030102-456,42.2 кв.м
26-12-030102-448,44 кв.м
26-12-030102-457,50.7 кв.м
26-12-030102-489,44.1 кв.м
26-12-030102-465,32.1 кв.м
26-12-030102-464,56.6 кв.м
26-12-030102-466,42 кв.м
26-12-030102-443,46.5 кв.м
26-12-030102-447,46 кв.м
26-12-030102-571,53.4 кв.м
26-12-030102-476,42.9 кв.м
26-12-030102-445,29.1 кв.м
26-12-030102-446,29.8 кв.м
26-12-030102-578,53 кв.м
26-12-030102-468,55.4 кв.м
26-12-000000-4935,34.3 кв.м
26-12-030102-449,73.3 кв.м
26-12-030102-458,43.2 кв.м
26-12-000000-4878,45.3 кв.м
26-12-030102-579,52.6 кв.м
26-12-030102-459,29.2 кв.м
26-12-030102-460,44.1 кв.м
26-12-000000-4907,36.9 кв.м
26-12-030102-570,52.7 кв.м
26-12-030102-576,80.1 кв.м
26-12-030102-554,66.7 кв.м
26-12-000000-4912,67.4 кв.м
26-12-030102-227,3220.4 кв.м
26-12-000000-4913,52.6 кв.м
26-12-000000-4917,53 кв.м
26-12-030102-580,34.5 кв.м
26-12-000000-4880,33.7 кв.м
26-12-030102-583,33.9 кв.м
26-12-030102-581,66.9 кв.м
26-12-000000-4908,35.1 кв.м
26-12-030102-582,66.9 кв.м
26-12-000000-4881,66.6 кв.м
26-12-030102-563,54.5 кв.м
26-12-000000-4893,56 кв.м
26-12-000000-4901,33.9 кв.м
26-12-030102-575,74.5 кв.м
26-12-030102-564,34.7 кв.м
26-12-000000-4898,35.1 кв.м
26-12-030102-562,67.3 кв.м
26-12-030102-566,67 кв.м
26-12-011101-137,1290 кв.м
26-12-030102-556,35.1 кв.м
26-12-000000-4877,1461.5 кв.м
26-12-030102-572,34.5 кв.м
26-12-030102-557,67.3 кв.м
26-12-000000-4931,67.1 кв.м
26-12-011101-229,51.1 кв.м
26-12-011101-223,35 кв.м
26-12-011101-231,34.8 кв.м
26-12-030102-558,34.1 кв.м
26-12-030102-559,74.1 кв.м
26-12-011101-222,30.4 кв.м
26-12-011101-241,29.4 кв.м
26-12-011101-248,25.8 кв.м
26-12-011101-237,51.3 кв.м
26-12-011101-242,26.2 кв.м
26-12-011101-226,25.7 кв.м
26-12-011101-246,"36,8 кв.м"
26-12-011101-221,36.5 кв.м
26-12-011101-239,33.2 кв.м
26-12-011101-233,25.4 кв.м
26-12-011101-254,50 кв.м
26-12-011101-230,32.3 кв.м
26-12-011101-250,32.2 кв.м
26-12-011102-70,"75,9 кв.м"
26-12-011101-238,31.2 кв.м
26-12-011101-235,25.6 кв.м
26-12-011102-186,"69,8 кв.м"
26-12-011101-224,27.1 кв.м
26-12-011101-227,24.9 кв.м
26-12-011101-249,31.3 кв.м
26-12-011101-220,26.4 кв.м
26-12-011101-251,36.9 кв.м
26-12-011102-197,"95,1 кв.м"
26-12-011101-240,36.8 кв.м
26-12-011101-236,35.3 кв.м
26-12-011101-247,25.7 кв.м
26-12-011101-243,25.1 кв.м
26-12-030108-252,29.7 кв.м
26-12-011101-225,27.9 кв.м
26-12-011101-219,25.2 кв.м
26-12-030108-251,36.1 кв.м
26-12-011101-234,28.1 кв.м
26-12-011102-218,"81,9 кв.м"
26-12-030108-249,29.7 кв.м
26-12-030101-1731,95 кв.м
26-12-011101-245,26.5 кв.м
26-12-011102-208,"83,6 кв.м"
26-12-011101-244,29.4 кв.м
26-12-030108-253,31.8 кв.м
26-12-030108-250,36.7 кв.м
26-12-011101-255,47.5 кв.м
26-12-011102-177,98.3 кв.м
26-12-030108-255,37.5 кв.м
26-12-011102-196,70.3 кв.м
26-12-011102-176,69.8 кв.м
26-12-030108-254,37.7 кв.м
26-12-030108-256,31.2 кв.м
26-12-011102-187,75 кв.м
26-12-011102-207,91.7 кв.м
26-12-011102-179,68.9 кв.м
26-12-011102-189,74.9 кв.м
26-12-011102-211,"68,7 кв.м"
26-12-011102-210,"86,4 кв.м"
26-12-011102-199,76.2 кв.м
26-12-011102-206,71.6 кв.м
26-12-011102-178,82.6 кв.м
26-12-011102-188,83 кв.м
26-12-011102-180,81 кв.м
26-12-011102-216,71.7 кв.м
26-12-011102-191,70.3 кв.м
26-12-011102-217,75.4 кв.м
26-12-011102-198,82.1 кв.м
26-12-011102-200,80.7 кв.м
26-12-011102-222,82 кв.м
26-12-011102-193,69 кв.м
26-12-011102-209,69.5 кв.м
26-12-011102-219,70.3 кв.м
26-12-011102-181,68.8 кв.м
26-12-011102-221,69.5 кв.м
26-12-011102-194,"77,8 кв.м"
26-12-011102-190,88.5 кв.м
26-12-011102-1139,"167,9 кв.м"
26-12-011102-201,69.3 кв.м
26-12-011102-212,80.2 кв.м
26-12-011102-203,69.9 кв.м
26-12-011102-182,81.3 кв.м
26-12-011102-220,81.4 кв.м
26-12-011102-183,69.9 кв.м
26-12-011102-185,57.1 кв.м
26-12-011102-202,82.6 кв.м
26-12-011102-213,70.3 кв.м
26-12-011102-192,82.1 кв.м
26-12-011102-223,70.1 кв.м
26-12-011102-214,67.8 кв.м
26-12-011102-195,56.6 кв.м
26-12-011102-205,56.2 кв.м
26-12-030101-1770,18.5 кв.м
26-12-011102-184,68.3 кв.м
26-12-011102-204,68.5 кв.м
26-12-011102-225,55.6 кв.м
26-12-011102-215,55.7 кв.м
26-12-030101-819,59 кв.м
26-12-011102-224,68.5 кв.м
26-12-030101-814,56.6 кв.м
26-12-030101-818,78.4 кв.м
26-12-030101-821,60.2 кв.м
26-12-030101-812,76.9 кв.м
26-12-030101-153,4151.2 кв.м
26-12-030101-808,78.6 кв.м
26-12-030101-820,77.8 кв.м
26-12-030101-807,58.9 кв.м
26-12-030101-799,75.6 кв.м
26-12-030101-801,58.2 кв.м
26-12-030101-777,60.3 кв.м
26-12-030101-800,55.9 кв.м
26-12-030101-813,56.2 кв.м
26-12-030101-795,77.6 кв.м
26-12-030101-815,78 кв.м
26-12-030101-793,57.7 кв.м
26-12-030101-811,57.4 кв.м
26-12-030101-806,74.5 кв.м
26-12-030101-802,58.9 кв.м
26-12-030101-796,82.6 кв.м
26-12-030101-779,78.5 кв.м
26-12-030101-794,74.8 кв.м
26-12-030101-792,57.6 кв.м
26-12-030101-780,59.4 кв.м
26-12-030101-784,76.5 кв.м
26-12-030101-785,57.3 кв.м
26-12-030101-816,112.9 кв.м
26-12-030101-786,54.7 кв.м
26-12-030101-791,75.9 кв.м
26-12-030101-787,78.4 кв.м
26-12-030101-778,76 кв.м
26-12-030101-804,59.2 кв.м
26-12-030101-817,78.9 кв.м
26-12-030101-809,81.8 кв.м
26-12-030101-797,57 кв.м
26-12-030101-798,54.7 кв.м
26-12-030101-805,57.1 кв.м
26-12-030101-803,82.5 кв.м
26-12-030101-790,54.7 кв.м
26-12-030101-789,56.5 кв.м
26-12-030101-810,59.5 кв.м
26-12-030101-773,54.7 кв.м
26-12-030101-772,60.2 кв.м
26-12-030101-788,83.9 кв.м
26-12-030101-775,57.2 кв.м
26-12-030101-771,79.3 кв.м
26-12-030101-781,78.3 кв.м
26-12-030101-776,55 кв.м
26-12-030101-774,80 кв.м
26-12-030101-783,73.1 кв.м
26-12-030101-782,36.8 кв.м
26-12-030101-822,109.9 кв.м
26-12-030101-1852,101.1 кв.м
26-12-030101-769,115.1 кв.м
26-12-030108-308,46.7 кв.м
26-12-030101-1164,98.3 кв.м
26-12-030101-770,79.8 кв.м
26-12-030108-142,2752.4 кв.м
26-12-030101-971,69.5 кв.м
26-12-030108-295,64.4 кв.м
26-12-030108-307,47.5 кв.м
26-12-030108-297,63.6 кв.м
26-12-030108-294,47 кв.м
26-12-030108-299,62.5 кв.м
26-12-030108-301,47.8 кв.м
26-12-030108-300,63.2 кв.м
26-12-030108-293,63.8 кв.м
26-12-030108-302,60.2 кв.м
26-12-030108-306,59.1 кв.м
26-12-030108-298,47 кв.м
26-12-030108-305,49 кв.м
26-12-030108-296,28.7 кв.м
26-12-030108-288,39.7 кв.м
26-12-030108-292,46.8 кв.м
26-12-030108-304,59.8 кв.м
26-12-030108-290,46.7 кв.м
26-12-030108-291,69.5 кв.м
26-12-030108-1336,47.4 кв.м
26-12-030108-289,46.5 кв.м
26-12-030108-303,48 кв.м
26-12-030108-280,39 кв.м
26-12-030108-275,71.7 кв.м
26-12-030108-278,57.5 кв.м
26-12-030108-286,57.1 кв.м
26-12-030108-276,39.7 кв.м
26-12-030108-273,47.3 кв.м
26-12-030108-285,46.1 кв.м
26-12-030108-281,47.3 кв.м
26-12-030108-287,66.6 кв.м
26-12-030108-274,56.8 кв.м
26-12-030108-272,39.3 кв.м
26-12-030108-271,47.2 кв.м
26-12-030108-277,47.9 кв.м
26-12-030108-279,69.9 кв.м
26-12-030108-282,57.2 кв.м
26-12-030108-283,89.8 кв.м
26-12-030108-267,64.3 кв.м
26-12-030108-268,46.9 кв.м
26-12-030108-284,38.9 кв.м
26-12-030108-261,63.7 кв.м
26-12-030108-266,32.1 кв.м
26-12-030108-258,64.3 кв.м
26-12-030108-262,45.3 кв.м
26-12-030108-264,62.6 кв.м
26-12-030108-269,33.8 кв.м
26-12-030108-265,46.6 кв.м
26-12-030108-260,33.2 кв.м
26-12-030108-263,32.9 кв.м
26-12-030108-259,46.8 кв.м
26-12-000000-1779,40.4 кв.м
26-12-030108-270,65.4 кв.м
26-12-000000-1789,79.2 кв.м
26-12-000000-1783,29.3 кв.м
26-12-000000-1801,57.6 кв.м
26-12-000000-1784,49.3 кв.м
26-12-000000-105,5605.6 кв.м
26-12-000000-1756,29.9 кв.м
26-12-000000-1765,56.9 кв.м
26-12-000000-1737,39.6 кв.м
26-12-030101-1744,49.3 кв.м
26-12-030108-257,33 кв.м
26-12-000000-1758,39.7 кв.м
26-12-000000-1718,49.4 кв.м
26-12-000000-1736,50.5 кв.м
26-12-000000-1741,59.6 кв.м
26-12-000000-1761,59.1 кв.м
26-12-000000-1735,30.7 кв.м
26-12-000000-1717,29.4 кв.м
26-12-000000-1719,39.5 кв.м
26-12-000000-1788,46 кв.м
26-12-030101-1762,63.6 кв.м
26-12-000000-1739,45.4 кв.м
26-12-000000-1781,43.4 кв.м
26-12-000000-1780,46.7 кв.м
26-12-000000-1705,58 кв.м
26-12-000000-1755,44.1 кв.м
26-12-000000-1760,43.5 кв.м
26-12-000000-1782,44.9 кв.м
26-12-000000-1799,56.9 кв.м
26-12-000000-1759,47.4 кв.м
26-12-000000-1740,46.7 кв.м
26-12-000000-1738,46.2 кв.м
26-12-000000-1721,43.5 кв.м
26-12-000000-1764,43.4 кв.м
26-12-000000-1777,46 кв.м
26-12-000000-1722,44 кв.м
26-12-000000-1742,44.5 кв.м
26-12-000000-1800,42.1 кв.м
26-12-000000-1762,43.3 кв.м
26-12-000000-1763,46.5 кв.м
26-12-000000-1706,45.7 кв.м
26-12-010305-4170,44.5 кв.м
26-12-030101-1718,46.9 кв.м
26-12-000000-1795,43.2 кв.м
26-12-030101-1769,44.1 кв.м
26-12-000000-1778,43.8 кв.м
26-12-000000-1724,40.4 кв.м
26-12-000000-1723,46.5 кв.м
26-12-000000-1775,48.4 кв.м
26-12-000000-1733,43.1 кв.м
26-12-000000-1744,46.5 кв.м
26-12-000000-1797,46.2 кв.м
26-12-000000-1796,43.7 кв.м
26-12-000000-1792,47.4 кв.м
26-12-000000-1798,42.6 кв.м
26-12-000000-1773,43.9 кв.м
26-12-000000-1732,44.1 кв.м
26-12-000000-1734,42.8 кв.м
26-12-000000-1727,46.7 кв.м
26-12-000000-1771,47.1 кв.м
26-12-000000-1749,47.3 кв.м
26-12-000000-1714,43.8 кв.м
26-12-000000-1774,43 кв.м
26-12-000000-1753,42.2 кв.м
26-12-000000-1730,46.8 кв.м
26-12-000000-1770,45.3 кв.м
26-12-000000-1785,46.9 кв.м
26-12-000000-1716,42.9 кв.м
26-12-000000-1713,44.6 кв.м
26-12-000000-1752,43.5 кв.м
26-12-000000-1754,43.1 кв.м
26-12-000000-1794,44.1 кв.м
26-12-000000-1715,62.5 кв.м
26-12-000000-1731,43.6 кв.м
26-12-000000-1712,31.1 кв.м
26-12-000000-1772,43.9 кв.м
26-12-011102-72,"3917,5 кв.м"
26-12-000000-1711,46.6 кв.м
26-12-000000-1750,46.9 кв.м
26-12-000000-1793,44.1 кв.м
26-12-000000-1768,58.5 кв.м
26-12-000000-1787,93.8 кв.м
26-12-000000-1751,43.9 кв.м
26-12-000000-1709,58.6 кв.м
26-12-000000-1748,58.3 кв.м
26-12-000000-1790,39.5 кв.м
26-12-000000-1766,30.1 кв.м
26-12-000000-1791,49.5 кв.м
26-12-000000-1767,49.1 кв.м
26-12-000000-1729,39.7 кв.м
26-12-000000-1769,40 кв.м
26-12-000000-1746,49 кв.м
26-12-000000-1708,29.5 кв.м
26-12-030101-1763,50.1 кв.м
26-12-000000-1728,30.7 кв.м
26-12-000000-1710,40.4 кв.м
26-12-000000-1747,39.9 кв.м
26-12-000000-1745,29.7 кв.м
26-12-000000-1707,49.7 кв.м
26-12-000000-1725,58.8 кв.м
26-12-011102-156,62.5 кв.м
26-12-030101-985,36 кв.м
26-12-030101-997,36.2 кв.м
26-12-030101-998,54.7 кв.м
26-12-030101-986,53.7 кв.м
26-12-030101-1011,35.7 кв.м
26-12-030101-984,60.9 кв.м
26-12-030101-1025,35.2 кв.м
26-12-030101-1012,54.5 кв.м
26-12-030101-1039,50.1 кв.м
26-12-030101-1026,55.2 кв.м
26-12-030101-999,61.2 кв.м
26-12-030101-988,49.8 кв.м
26-12-030101-168,3737.4 кв.м
26-12-030101-987,61.4 кв.м
26-12-030101-1027,60.5 кв.м
26-12-030101-973,61.1 кв.м
26-12-030101-1013,61.2 кв.м
26-12-030101-1015,52.2 кв.м
26-12-030101-1000,61.2 кв.м
26-12-030101-989,49.9 кв.м
26-12-030101-1014,61.2 кв.м
26-12-030101-1001,50.5 кв.м
26-12-030101-1016,49.3 кв.м
26-12-030101-990,62.5 кв.м
26-12-030101-991,61.6 кв.м
26-12-030101-975,35 кв.м
26-12-030101-1005,49.4 кв.м
26-12-030101-1751,64.4 кв.м
26-12-030101-1029,52.4 кв.м
26-12-030101-977,60.8 кв.м
26-12-030101-1030,63.3 кв.м
26-12-030101-1002,50.8 кв.м
26-12-030101-972,50.1 кв.м
26-12-030101-1017,62.6 кв.м
26-12-030101-1764,65.1 кв.м
26-12-030101-1003,62.3 кв.м
26-12-030101-992,50.5 кв.м
26-12-030101-1032,61 кв.м
26-12-030101-1033,49.9 кв.м
26-12-030101-1019,50.4 кв.м
26-12-030101-1004,60.9 кв.м
26-12-030101-1028,50.1 кв.м
26-12-030101-1018,61.7 кв.м
26-12-030101-974,61.9 кв.м
26-12-010507-752,"60,9 кв.м"
26-12-030101-1006,48.8 кв.м
26-12-030101-994,60.4 кв.м
26-12-030101-993,49.9 кв.м
26-12-011730-150,"29,9 кв.м"
26-12-011730-163,"38,9 кв.м"
26-12-011730-178,"29,9 кв.м"
26-12-011730-166,"57,1 кв.м"
26-12-011730-176,"39,7 кв.м"
26-12-011730-165,"31,7 кв.м"
26-12-011730-179,"57,6 кв.м"
26-12-011730-164,"48,6 кв.м"
26-12-011730-177,49 кв.м
26-12-030101-976,49 кв.м
26-12-030101-1037,60.2 кв.м
26-12-030101-1024,37.1 кв.м
26-12-030101-1034,49.2 кв.м
26-12-030101-1757,16.4 кв.м
26-12-030101-1009,64.2 кв.м
26-12-030101-1022,59.9 кв.м
26-12-030101-1020,49.5 кв.м
26-12-030101-1021,65.8 кв.м
26-12-030101-1023,52.9 кв.м
26-12-030101-1035,60 кв.м
26-12-030101-996,36.4 кв.м
26-12-030101-1008,60.6 кв.м
26-12-030101-981,66.9 кв.м
26-12-030101-995,54.2 кв.м
26-12-030101-1036,37 кв.м
26-12-030101-980,36.7 кв.м
26-12-030101-970,56 кв.м
26-12-030101-1010,37.2 кв.м
26-12-030101-1675,119.9 кв.м
26-12-011730-190,39 кв.м
26-12-011730-151,58 кв.м
26-12-030101-1758,63.8 кв.м
26-12-011730-154,63.8 кв.м
26-12-030101-1123,79.8 кв.м
26-12-030101-1819,12 кв.м
26-12-011730-148,273.9 кв.м
26-12-030101-1117,42.9 кв.м
26-12-030101-1813,12 кв.м
26-12-030101-1818,12 кв.м
26-12-030101-1112,42.5 кв.м
26-12-011730-174,39.9 кв.м
26-12-011730-147,47.8 кв.м
26-12-030101-1116,42.5 кв.м
26-12-030101-1115,42.7 кв.м
26-12-030101-172,8614.7 кв.м
26-12-030101-1798,12 кв.м
26-12-030101-1113,43.4 кв.м
26-12-011730-200,57.4 кв.м
26-12-030101-1796,12 кв.м
26-12-030101-1910,12 кв.м
26-12-030101-1805,12 кв.м
26-12-030101-1114,80.3 кв.м
26-12-030101-1118,120.4 кв.м
26-12-030101-1119,99.8 кв.м
26-12-030101-1124,43 кв.м
26-12-030101-1126,43.4 кв.м
26-12-030101-1121,42.3 кв.м
26-12-030101-1120,92.5 кв.м
26-12-030101-1136,119.5 кв.м
26-12-030101-1122,43.8 кв.м
26-12-030101-1125,42.3 кв.м
26-12-030101-1139,42.1 кв.м
26-12-030101-1130,42.4 кв.м
26-12-030101-1127,117.7 кв.м
26-12-030101-1131,43 кв.м
26-12-030101-1133,43.1 кв.м
26-12-030101-1134,42.5 кв.м
26-12-030101-1129,91.5 кв.м
26-12-030101-1150,79.9 кв.м
26-12-030101-1132,75 кв.м
26-12-030101-1138,92.3 кв.м
26-12-030101-1140,43.4 кв.м
26-12-030101-1135,42.9 кв.м
26-12-030101-1151,42.4 кв.м
26-12-030101-1128,99.5 кв.м
26-12-030101-1147,89.6 кв.м
26-12-030101-1137,99.8 кв.м
26-12-030101-1145,119.7 кв.м
26-12-030101-1143,42.7 кв.м
26-12-030101-1149,42.9 кв.м
26-12-030101-1144,42.8 кв.м
26-12-030101-1148,42.3 кв.м
26-12-030101-1146,100 кв.м
26-12-030101-1142,43.3 кв.м
26-12-030101-1154,119.8 кв.м
26-12-030101-1152,43.2 кв.м
26-12-030101-1141,79.2 кв.м
26-12-030101-1158,43.2 кв.м
26-12-030101-1153,43 кв.м
26-12-030101-1155,99.6 кв.м
26-12-030101-1160,42.9 кв.м
26-12-030101-1159,80.5 кв.м
26-12-030101-1156,93.7 кв.м
26-12-030101-1157,42.1 кв.м
26-12-030101-1172,121.5 кв.м
26-12-030101-1161,43 кв.м
26-12-030101-1162,42.8 кв.м
26-12-030101-1177,81.5 кв.м
26-12-030101-1166,43.7 кв.м
26-12-030101-1163,118.6 кв.м
26-12-030101-1176,43.4 кв.м
26-12-030101-1169,43.7 кв.м
26-12-030101-1165,92.9 кв.м
26-12-030101-1178,43.6 кв.м
26-12-030101-1173,96.4 кв.м
26-12-030101-1180,44 кв.м
26-12-030101-1170,44.2 кв.м
26-12-030101-1171,44 кв.м
26-12-030101-1179,44.2 кв.м
26-12-030101-1168,81.3 кв.м
26-12-030101-1185,44 кв.м
26-12-030101-1167,44 кв.м
26-12-030101-1189,44.1 кв.м
26-12-030101-1187,43.6 кв.м
26-12-030101-1188,43.6 кв.м
26-12-030101-1175,44.3 кв.м
26-12-030101-1174,95.7 кв.м
26-12-030101-1181,121.3 кв.м
26-12-030101-1182,101.2 кв.м
26-12-030101-1183,95.9 кв.м
26-12-030101-1190,120.7 кв.м
26-12-030101-1184,43.8 кв.м
26-12-030101-1191,101 кв.м
26-12-030101-1186,90.9 кв.м
26-12-030101-1192,95.9 кв.м
26-12-030101-1864,819.4 кв.м
26-12-030101-1795,12 кв.м
26-12-030117-426,49.1 кв.м
26-12-030101-1865,180.6 кв.м
26-12-011105-271,28.6 кв.м
26-12-011104-193,"58,4 кв.м"
26-12-031002-6211,30.7 кв.м
26-12-010525-1410,31 кв.м
26-12-031002-6229,59.5 кв.м
26-12-031002-6215,59.7 кв.м
26-12-031002-6244,60.8 кв.м
26-12-031002-6254,40.4 кв.м
26-12-031002-6243,59.8 кв.м
26-12-031002-6239,51.1 кв.м
26-12-010525-1622,60.7 кв.м
26-12-031002-6223,26.9 кв.м
26-12-031002-6213,40.4 кв.м
26-12-031002-6206,44.8 кв.м
26-12-010525-1524,51.2 кв.м
26-12-031002-6226,30.2 кв.м
26-12-010525-1625,60.8 кв.м
26-12-031002-6217,60.6 кв.м
26-12-031002-6225,40.6 кв.м
26-12-031002-6240,40 кв.м
26-12-031002-6259,60.7 кв.м
26-12-031002-6235,30.7 кв.м
26-12-031002-6216,44.2 кв.м
26-12-031002-6255,30.6 кв.м
26-12-031002-6241,44.9 кв.м
26-12-031002-6202,60 кв.м
26-12-031002-6228,45.1 кв.м
26-12-011104-851,"29,7 кв.м"
26-12-031002-6238,59.1 кв.м
26-12-010525-1623,30 кв.м
26-12-031002-6233,45.6 кв.м
26-12-031002-6247,44.8 кв.м
26-12-031002-6256,45.2 кв.м
26-12-031002-6194,50.2 кв.м
26-12-011104-864,43.7 кв.м
26-12-031002-6221,40.1 кв.м
26-12-031002-6203,61.7 кв.м
26-12-031002-6208,50.5 кв.м
26-12-010525-1523,41.7 кв.м
26-12-011104-887,43.9 кв.м
26-12-031002-6204,30.6 кв.м
26-12-031002-6250,50.2 кв.м
26-12-031002-6258,30.2 кв.м
26-12-031002-6219,59 кв.м
26-12-011104-875,45.3 кв.м
26-12-011104-885,28.9 кв.м
26-12-011104-863,46 кв.м
26-12-031002-6205,60.4 кв.м
26-12-011104-852,45.7 кв.м
26-12-010525-1525,28.4 кв.м
26-12-031002-6193,40.3 кв.м
26-12-011104-874,29 кв.м
26-12-011104-865,29.5 кв.м
26-12-011104-838,42 кв.м
26-12-011104-841,44.3 кв.м
26-12-011104-1108,41.9 кв.м
26-12-011104-890,31.7 кв.м
26-12-011104-839,29.5 кв.м
26-12-011104-853,45.1 кв.м
26-12-011104-1109,41.9 кв.м
26-12-011104-881,56.1 кв.м
26-12-011104-870,32.6 кв.м
26-12-011104-840,45.6 кв.м
26-12-011104-891,55.4 кв.м
26-12-011104-837,55.6 кв.м
26-12-031002-6232,30.1 кв.м
26-12-011104-889,55.6 кв.м
26-12-011104-861,55.1 кв.м
26-12-011104-857,33 кв.м
26-12-011104-869,56 кв.м
26-12-031002-6237,50.5 кв.м
26-12-011104-856,55 кв.м
26-12-011104-871,41.7 кв.м
26-12-011104-854,"29,2 кв.м"
26-12-011104-872,"43,8 кв.м"
26-12-011104-894,44.8 кв.м
26-12-011104-878,41.9 кв.м
26-12-011104-867,41.4 кв.м
26-12-011104-882,43.2 кв.м
26-12-011104-892,42.8 кв.м
26-12-011104-843,55.2 кв.м
26-12-011104-847,45.5 кв.м
26-12-011104-846,42.5 кв.м
26-12-011104-866,47.2 кв.м
26-12-011104-877,29 кв.м
26-12-011104-848,43.4 кв.м
26-12-011104-883,44.9 кв.м
26-12-011104-842,30.8 кв.м
26-12-011104-868,31.4 кв.м
26-12-011104-319,32.7 кв.м
26-12-011104-1117,271.4 кв.м
26-12-011104-579,40.6 кв.м
26-12-011102-739,40.1 кв.м
26-12-011102-768,37.9 кв.м
26-12-011102-726,39.2 кв.м
26-12-022405-804,61 кв.м
26-12-011101-541,"47,9 кв.м"
26-12-011101-560,"43,3 кв.м"
26-12-011101-561,"44,2 кв.м"
26-12-011101-503,"47,4 кв.м"
26-12-022405-688,60.5 кв.м
26-12-011101-181,4693.9 кв.м
26-12-011101-540,"44,3 кв.м"
26-12-011101-521,"29,6 кв.м"
26-12-011101-520,"43,2 кв.м"
26-12-011101-492,30.2 кв.м
26-12-011101-580,"43,3 кв.м"
26-12-011101-571,16.4 кв.м
26-12-011101-523,"46,4 кв.м"
26-12-011101-563,"48,4 кв.м"
26-12-011101-513,57.7 кв.м
26-12-011101-491,49.4 кв.м
26-12-011101-498,28.8 кв.м
26-12-011101-493,41.4 кв.м
26-12-011101-538,29.4 кв.м
26-12-011101-570,35.7 кв.м
26-12-011101-531,30.5 кв.м
26-12-011101-569,25.9 кв.м
26-12-011101-550,51.7 кв.м
26-12-011101-554,45.6 кв.м
26-12-011101-500,29.2 кв.м
26-12-011101-556,30.3 кв.м
26-12-011101-557,30.5 кв.м
26-12-011101-535,48.4 кв.м
26-12-011101-575,48 кв.м
26-12-011101-499,42.2 кв.м
26-12-011101-579,29.1 кв.м
26-12-011101-539,26.7 кв.м
26-12-011101-522,46.9 кв.м
26-12-011101-527,16.5 кв.м
26-12-011101-542,30 кв.м
26-12-011101-565,56.7 кв.м
26-12-011102-96,4974.5 кв.м
26-12-011101-508,35.3 кв.м
26-12-011102-787,38.2 кв.м
26-12-011101-585,41.2 кв.м
26-12-011101-528,50.3 кв.м
26-12-011102-776,50.4 кв.м
26-12-011101-568,39.2 кв.м
26-12-011101-548,25.9 кв.м
26-12-011101-545,57.3 кв.м
26-12-011101-587,47.3 кв.м
26-12-011102-775,80.9 кв.м
26-12-011101-567,50.4 кв.м
26-12-011102-792,38.2 кв.м
26-12-011102-805,37.7 кв.м
26-12-011102-789,51.3 кв.м
26-12-011102-788,63.8 кв.м
26-12-011102-807,50.8 кв.м
26-12-011102-823,38.1 кв.м
26-12-011102-842,62 кв.м
26-12-011102-806,68.2 кв.м
26-12-011102-841,38.2 кв.м
26-12-011102-791,62.7 кв.м
26-12-011102-777,51.2 кв.м
26-12-011102-790,51.2 кв.м
26-12-011102-825,54.4 кв.м
26-12-011102-827,62.6 кв.м
26-12-011102-778,83 кв.м
26-12-011102-830,64.4 кв.м
26-12-011102-779,93.6 кв.м
26-12-011102-824,63.8 кв.м
26-12-011102-809,60.9 кв.м
26-12-011102-808,50.8 кв.м
26-12-011102-828,38.4 кв.м
26-12-011102-843,49.8 кв.м
26-12-011102-826,50.6 кв.м
26-12-011102-810,38.6 кв.м
26-12-011102-845,63 кв.м
26-12-011102-793,37.2 кв.м
26-12-011102-844,50.9 кв.м
26-12-011102-847,37.9 кв.м
26-12-011102-846,38.1 кв.м
26-12-011102-811,37.1 кв.м
26-12-011102-831,51.3 кв.м
26-12-011102-801,54.5 кв.м
26-12-011102-780,51.5 кв.м
26-12-011102-794,66.1 кв.м
26-12-011102-782,80.3 кв.м
26-12-011102-795,51.3 кв.м
26-12-022405-668,63.2 кв.м
26-12-011102-812,65.3 кв.м
26-12-011102-797,37.3 кв.м
26-12-011102-832,54.7 кв.м
26-12-011102-849,56.5 кв.м
26-12-011102-781,51.3 кв.м
26-12-011102-829,39.1 кв.м
26-12-011102-848,65.3 кв.м
26-12-011102-796,63.2 кв.м
26-12-011102-1101,64.5 кв.м
26-12-011102-815,66.6 кв.м
26-12-011102-833,65.5 кв.м
26-12-011102-834,37.9 кв.м
26-12-011102-816,37.4 кв.м
26-12-011102-820,"54,5 кв.м"
26-12-011102-814,50.6 кв.м
26-12-011102-851,62.8 кв.м
26-12-011102-850,51.1 кв.м
26-12-011102-852,37.8 кв.м
26-12-011102-819,51.6 кв.м
26-12-011102-818,64.2 кв.м
26-12-011102-784,51.5 кв.м
26-12-011102-817,38.2 кв.м
26-12-011102-835,37.4 кв.м
26-12-011102-783,85.5 кв.м
26-12-011102-836,65.8 кв.м
26-12-011102-798,37.1 кв.м
26-12-011102-785,55.2 кв.м
26-12-011102-804,38 кв.м
26-12-011102-800,51.5 кв.м
26-12-011102-854,63.7 кв.м
26-12-011102-837,52.2 кв.м
26-12-011102-855,52.1 кв.м
26-12-011102-821,63.8 кв.м
26-12-011102-853,37.8 кв.м
26-12-011102-822,38.5 кв.м
26-12-011102-803,62.4 кв.м
26-12-011102-857,67.8 кв.м
26-12-011102-786,89.3 кв.м
26-12-022405-665,37.1 кв.м
26-12-011102-859,82.7 кв.м
26-12-011102-802,51.3 кв.м
26-12-011102-838,51.2 кв.м
26-12-022405-731,51.2 кв.м
26-12-022405-630,4177.5 кв.м
26-12-011102-861,87.8 кв.м
26-12-011102-860,84.2 кв.м
26-12-011101-607,48.4 кв.м
26-12-022405-708,175.7 кв.м
26-12-011102-839,63.9 кв.м
26-12-011102-858,38.5 кв.м
26-12-011101-589,50.4 кв.м
26-12-011101-640,64.3 кв.м
26-12-011101-654,48.6 кв.м
26-12-011101-590,49.1 кв.м
26-12-011101-638,48.9 кв.м
26-12-011101-611,33.4 кв.м
26-12-011101-624,60.2 кв.м
26-12-011101-655,31.8 кв.м
26-12-011101-642,31.5 кв.м
26-12-011101-661,60.2 кв.м
26-12-011101-629,61.5 кв.м
26-12-011101-644,80.9 кв.м
26-12-011101-612,81.6 кв.м
26-12-011101-647,78.1 кв.м
26-12-011101-660,78 кв.м
26-12-011101-606,48.2 кв.м
26-12-011101-634,61.5 кв.м
26-12-011101-666,61.8 кв.м
26-12-011101-605,32.7 кв.м
26-12-011101-648,49.5 кв.м
26-12-011101-649,33.2 кв.м
26-12-011101-665,32.2 кв.м
26-12-011101-604,48.1 кв.м
26-12-022405-830,61.2 кв.м
26-12-011101-620,32.3 кв.м
26-12-011101-668,33.3 кв.м
26-12-011102-667,41 кв.м
26-12-011101-636,33.5 кв.м
26-12-030108-144,1570.8 кв.м
26-12-011102-703,36.8 кв.м
26-12-030110-397,50 кв.м
26-12-011102-661,60.4 кв.м
26-12-030108-335,43.5 кв.м
26-12-030108-323,56.5 кв.м
26-12-030108-322,41.6 кв.м
26-12-030108-312,45.7 кв.м
26-12-030108-313,41.4 кв.м
26-12-030108-327,43.4 кв.м
26-12-030108-320,45.1 кв.м
26-12-030108-319,44.1 кв.м
26-12-030108-314,54 кв.м
26-12-030108-311,43.7 кв.м
26-12-030108-330,42.6 кв.м
26-12-030108-328,45 кв.м
26-12-030108-337,54 кв.м
26-12-030108-316,45.1 кв.м
26-12-030108-321,53.9 кв.м
26-12-030108-317,43.3 кв.м
26-12-030108-336,45.4 кв.м
26-12-030110-395,55 кв.м
26-12-030108-338,41.5 кв.м
26-12-030108-325,45.3 кв.м
26-12-030108-333,41.7 кв.м
26-12-030108-342,44.1 кв.м
26-12-030108-331,45.7 кв.м
26-12-030108-339,54.9 кв.м
26-12-030108-324,41.2 кв.м
26-12-030108-536,37.6 кв.м
26-12-030108-326,43.7 кв.м
26-12-030108-334,43.6 кв.м
26-12-030108-341,45.1 кв.м
26-12-030108-340,41.4 кв.м
26-12-022405-813,52.8 кв.м
26-12-030108-158,2600.7 кв.м
26-12-030108-1453,38.6 кв.м
26-12-022405-761,40.2 кв.м
26-12-022405-841,38.2 кв.м
26-12-022405-838,53.5 кв.м
26-12-030108-1435,54.2 кв.м
26-12-030108-590,59 кв.м
26-12-030108-545,35.5 кв.м
26-12-030108-318,44.2 кв.м
26-12-030108-542,61.6 кв.м
26-12-022405-714,58.9 кв.м
26-12-030108-538,36.9 кв.м
26-12-030108-552,32 кв.м
26-12-030108-537,39 кв.м
26-12-030108-543,39 кв.м
26-12-030108-571,59.5 кв.м
26-12-030108-570,29.8 кв.м
26-12-030108-588,36.3 кв.м
26-12-030108-554,59.4 кв.м
26-12-030108-589,37.1 кв.м
26-12-030108-544,59.9 кв.м
26-12-022405-844,60.3 кв.м
26-12-030108-569,42.8 кв.м
26-12-030108-553,42.5 кв.м
26-12-030108-1455,29.7 кв.м
26-12-030108-561,30.9 кв.м
26-12-030108-578,43.3 кв.м
26-12-030108-558,45.8 кв.м
26-12-030108-560,45.6 кв.м
26-12-022405-715,59.6 кв.м
26-12-022405-762,29.6 кв.м
26-12-030108-557,29.9 кв.м
26-12-030108-528,45.8 кв.м
26-12-030108-580,59 кв.м
26-12-030108-579,29.7 кв.м
26-12-030108-563,59.3 кв.м
26-12-030108-562,59.1 кв.м
26-12-030108-1459,44.8 кв.м
26-12-030108-584,30.7 кв.м
26-12-030108-530,60.3 кв.м
26-12-030108-576,49.4 кв.м
26-12-030108-529,59.2 кв.м
26-12-022405-840,45.9 кв.м
26-12-030108-575,30.9 кв.м
26-12-030108-1458,40 кв.м
26-12-030108-581,59.5 кв.м
26-12-030108-585,43.5 кв.м
26-12-030108-566,30.4 кв.м
26-12-022405-843,59.8 кв.м
26-12-030108-577,59.6 кв.м
26-12-022405-842,37.8 кв.м
26-12-030108-1454,60.3 кв.м
26-12-030108-572,59.3 кв.м
26-12-030108-527,59.3 кв.м
26-12-030108-531,37.2 кв.м
26-12-030108-532,38.1 кв.м
26-12-022405-673,38.3 кв.м
26-12-030108-559,63 кв.м
26-12-030108-565,38.2 кв.м
26-12-030108-582,37.7 кв.м
26-12-030108-574,38.2 кв.м
26-12-030108-586,36.3 кв.м
26-12-030108-583,38.6 кв.м
26-12-030110-389,39.1 кв.м
26-12-030110-145,3004.8 кв.м
26-12-030110-383,32.2 кв.м
26-12-030110-382,50.2 кв.м
26-12-030110-381,52.1 кв.м
26-12-030110-384,51 кв.м
26-12-030110-374,34.1 кв.м
26-12-030110-390,38.7 кв.м
26-12-030110-388,51 кв.м
26-12-030110-366,50.9 кв.м
26-12-022405-674,49.8 кв.м
26-12-030110-373,50.5 кв.м
26-12-030110-365,33.2 кв.м
26-12-022405-738,52.6 кв.м
26-12-022405-717,50.1 кв.м
26-12-030110-355,33.9 кв.м
26-12-030110-391,48.8 кв.м
26-12-030110-370,52.3 кв.м
26-12-030110-387,78.6 кв.м
26-12-022405-764,50.9 кв.м
26-12-022405-845,51.7 кв.м
26-12-030110-362,32.6 кв.м
26-12-030110-356,51.1 кв.м
26-12-030110-380,32.6 кв.м
26-12-030110-372,51.1 кв.м
26-12-030110-364,50.2 кв.м
26-12-030110-371,32.1 кв.м
26-12-022405-739,32.1 кв.м
26-12-030110-363,51.6 кв.м
26-12-030110-385,72.7 кв.м
26-12-022405-718,51.3 кв.м
26-12-030110-369,52.1 кв.м
26-12-030110-353,50.1 кв.м
26-12-030110-361,51.9 кв.м
26-12-030110-376,52.7 кв.м
26-12-030110-367,53.4 кв.м
26-12-030110-359,52.4 кв.м
26-12-030110-368,32.6 кв.м
26-12-030110-285,76 кв.м
26-12-030110-286,56.4 кв.м
26-12-030110-287,94.2 кв.м
26-12-030110-377,32.6 кв.м
26-12-030110-352,52.8 кв.м
26-12-030110-360,32.9 кв.м
26-12-030110-358,50.3 кв.м
26-12-030110-351,35.7 кв.м
26-12-022405-765,118.4 кв.м
26-12-030110-307,58.6 кв.м
26-12-030110-288,60.5 кв.м
26-12-030110-310,61.6 кв.м
26-12-030110-321,33.8 кв.м
26-12-030110-297,61.4 кв.м
26-12-030110-320,58.9 кв.м
26-12-030110-322,57.4 кв.м
26-12-030110-309,59 кв.м
26-12-030110-296,62.7 кв.м
26-12-030110-334,34.8 кв.м
26-12-030110-308,35.5 кв.м
26-12-030110-323,61.1 кв.м
26-12-030110-290,78.4 кв.м
26-12-030110-335,58.6 кв.м
26-12-030110-295,106.4 кв.м
26-12-030110-333,58.4 кв.м
26-12-030110-298,51.4 кв.м
26-12-030110-289,44.1 кв.м
26-12-030110-336,60.4 кв.м
26-12-030110-339,50.6 кв.м
26-12-030110-337,50.7 кв.м
26-12-030110-299,32.7 кв.м
26-12-030110-302,34.9 кв.м
26-12-030110-311,51.3 кв.м
26-12-030110-325,53 кв.м
26-12-030110-300,50.9 кв.м
26-12-030110-303,51 кв.м
26-12-030110-313,50.5 кв.м
26-12-030110-301,50.4 кв.м
26-12-030110-324,51.5 кв.м
26-12-030110-314,50.1 кв.м
26-12-030110-327,50.8 кв.м
26-12-030110-291,37.5 кв.м
26-12-030110-326,50 кв.м
26-12-030110-312,32.6 кв.м
26-12-030110-329,52.6 кв.м
26-12-030110-292,75.7 кв.м
26-12-030110-315,34.3 кв.м
26-12-030110-293,47.5 кв.м
26-12-030110-316,50.8 кв.м
26-12-030110-340,50.6 кв.м
26-12-030110-338,34.4 кв.м
26-12-030110-328,34.2 кв.м
26-12-030110-342,51.4 кв.м
26-12-030110-341,34.1 кв.м
26-12-030110-294,79.6 кв.м
26-12-030110-305,32.5 кв.м
26-12-030110-319,50.3 кв.м
26-12-030110-343,52.2 кв.м
26-12-030110-318,32.7 кв.м
26-12-030110-331,34.3 кв.м
26-12-030110-332,53.9 кв.м
26-12-030110-304,51.4 кв.м
26-12-030110-306,51.2 кв.м
26-12-030110-344,32.4 кв.м
26-12-030110-330,50.6 кв.м
26-12-030108-757,95.3 кв.м
26-12-030110-345,51 кв.м
26-12-030108-721,92.9 кв.м
26-12-030110-317,51.6 кв.м
26-12-030108-734,92.9 кв.м
26-12-030108-163,6922.2 кв.м
26-12-030108-1442,28.1 кв.м
26-12-030108-720,79.8 кв.м
26-12-030108-1433,92.9 кв.м
26-12-030108-758,93.8 кв.м
26-12-030108-733,101.7 кв.м
26-12-030108-744,98.3 кв.м
26-12-030108-767,106 кв.м
26-12-030108-768,95.6 кв.м
26-12-030108-722,121.4 кв.м
26-12-030108-735,123.3 кв.м
26-12-030108-723,122.5 кв.м
26-12-030108-1423,71.8 кв.м
26-12-030108-737,80.4 кв.м
26-12-030108-745,114.1 кв.м
26-12-030108-736,67.1 кв.м
26-12-030108-719,145.2 кв.м
26-12-030108-732,115 кв.м
26-12-030108-760,67.2 кв.м
26-12-030108-775,129.2 кв.м
26-12-030108-761,82.1 кв.м
26-12-030108-725,84.7 кв.м
26-12-030108-777,120.5 кв.м
26-12-030108-749,85.4 кв.м
26-12-030108-759,118.5 кв.м
26-12-030108-778,123.5 кв.м
26-12-030108-779,66.3 кв.м
26-12-030108-748,63.5 кв.м
26-12-030108-1424,166.9 кв.м
26-12-030108-729,66.9 кв.м
26-12-030108-756,119.9 кв.м
26-12-030108-769,119.1 кв.м
26-12-030108-730,70.1 кв.м
26-12-030108-765,98.3 кв.м
26-12-030108-741,86 кв.м
26-12-030108-747,125.3 кв.м
26-12-030108-731,90.6 кв.м
26-12-030108-753,86.6 кв.м
26-12-030108-780,89.9 кв.м
26-12-030108-726,91.2 кв.м
26-12-030108-1381,78.6 кв.м
26-12-030108-739,68.1 кв.м
26-12-030108-752,88.8 кв.м
26-12-030108-1382,143 кв.м
26-12-030108-738,86.1 кв.м
26-12-030108-771,79.4 кв.м
26-12-030108-1388,70.7 кв.м
26-12-030108-763,86.1 кв.м
26-12-030108-751,81.6 кв.м
26-12-030108-772,184.1 кв.м
26-12-030108-781,79.9 кв.м
26-12-030108-782,65.6 кв.м
26-12-030108-764,87.8 кв.м
26-12-030108-743,89.2 кв.м
26-12-030108-755,90.1 кв.м
26-12-030108-754,95.1 кв.м
26-12-030108-1386,81.4 кв.м
26-12-030108-784,86.2 кв.м
26-12-030108-773,101.8 кв.м
26-12-030108-727,87.4 кв.м
26-12-030108-762,95.5 кв.м
26-12-030108-783,89.9 кв.м
26-12-030108-742,98 кв.м
26-12-030108-766,97.3 кв.м
26-12-030101-1045,51.7 кв.м
26-12-030108-1425,411.8 кв.м
26-12-030101-1052,57.5 кв.м
26-12-030101-1048,58.9 кв.м
26-12-030108-774,93.8 кв.м
26-12-030108-1385,118.5 кв.м
26-12-030101-1049,59.5 кв.м
26-12-030108-1387,166 кв.м
26-12-030108-1389,97.3 кв.м
26-12-030101-1059,50.5 кв.м
26-12-030101-1062,59 кв.м
26-12-030101-1074,59.3 кв.м
26-12-030101-1073,59 кв.м
26-12-030101-1084,58.7 кв.м
26-12-030101-1061,60 кв.м
26-12-030101-1070,53.9 кв.м
26-12-030101-1071,47.6 кв.м
26-12-030101-1046,33.1 кв.м
26-12-030101-1096,58.4 кв.м
26-12-030101-1085,114.3 кв.м
26-12-030101-1083,63.4 кв.м
26-12-030101-1093,51.2 кв.м
26-12-030101-1097,61.8 кв.м
26-12-030101-1107,49.8 кв.м
26-12-030101-1108,59.5 кв.м
26-12-030101-1109,58.9 кв.м
26-12-030101-1094,50.7 кв.м
26-12-030101-1106,50.4 кв.м
26-12-030101-1065,59.8 кв.м
26-12-030101-1110,122.6 кв.м
26-12-030101-1043,44.9 кв.м
26-12-030101-1104,59.1 кв.м
26-12-030101-1047,60.5 кв.м
26-12-030101-1081,58.9 кв.м
26-12-030101-1080,63.2 кв.м
26-12-030101-1095,58.3 кв.м
26-12-030101-1056,51.2 кв.м
26-12-030101-1040,69.5 кв.м
26-12-030101-1069,59.7 кв.м
26-12-030101-1057,32.1 кв.м
26-12-030101-1060,125.7 кв.м
26-12-030101-1044,52.1 кв.м
26-12-030101-1111,53.5 кв.м
26-12-030101-1090,30.6 кв.м
26-12-030101-1098,60.5 кв.м
26-12-030101-1082,88.2 кв.м
26-12-030101-1058,49.3 кв.м
26-12-030101-1072,86.7 кв.м
26-12-030101-1078,49.5 кв.м
26-12-030101-1092,50.3 кв.м
26-12-030101-1041,49.5 кв.м
26-12-030101-1091,50.5 кв.м
26-12-030101-1087,70.3 кв.м
26-12-030101-1105,32.9 кв.м
26-12-030101-1042,33.1 кв.м
26-12-030101-1068,49.5 кв.м
26-12-030101-1055,60.2 кв.м
26-12-030101-1063,67.1 кв.м
26-12-030108-1490,"484,2 кв.м"
26-12-030101-1076,62.3 кв.м
26-12-030101-1054,62 кв.м
26-12-030101-1053,116.5 кв.м
26-12-030101-1079,72.3 кв.м
26-12-030101-1102,67.6 кв.м
26-12-030101-1066,72.8 кв.м
26-12-030101-1067,34.1 кв.м
26-12-030101-1064,60.1 кв.м
26-12-030101-1101,49.9 кв.м
26-12-030101-1075,34.3 кв.м
26-12-030101-1088,34.3 кв.м
26-12-030101-1077,63.1 кв.м
26-12-030101-1089,67.1 кв.м
26-12-030101-1099,60.1 кв.м
26-12-030101-1086,60.3 кв.м
26-12-030101-1103,33.8 кв.м
26-12-022405-786,59.5 кв.м
26-12-022405-785,65.8 кв.м
26-12-030108-166,3586.4 кв.м
26-12-022405-787,419.5 кв.м
26-12-030101-1355,27.7 кв.м
26-12-030101-180,1387.2 кв.м
26-12-030101-1100,60 кв.м
26-12-030101-1356,40.4 кв.м
26-12-030101-1357,62.9 кв.м
26-12-030101-1358,25.1 кв.м
26-12-030101-1354,62.2 кв.м
26-12-030101-1359,49.8 кв.м
26-12-022405-677,61.8 кв.м
26-12-030101-1361,26.5 кв.м
26-12-030101-1363,63.6 кв.м
26-12-022405-768,61.2 кв.м
26-12-030101-1362,49 кв.м
26-12-030101-1373,31.9 кв.м
26-12-030101-1367,26.4 кв.м
26-12-030101-1364,26 кв.м
26-12-022405-816,50.3 кв.м
26-12-022405-719,70.6 кв.м
26-12-030101-1368,48.6 кв.м
26-12-022405-788,28.6 кв.м
26-12-030101-1371,64.1 кв.м
26-12-030101-1369,62.8 кв.м
26-12-030101-1380,67.4 кв.м
26-12-030101-1374,63.7 кв.м
26-12-030101-1381,52.6 кв.м
26-12-030101-1375,52.1 кв.м
26-12-030101-1372,52.2 кв.м
26-12-030101-1905,51.9 кв.м
26-12-030101-1201,71.4 кв.м
26-12-030101-1199,68.3 кв.м
26-12-030101-1353,29.3 кв.м
26-12-030101-174,1106.9 кв.м
26-12-030101-1379,29.6 кв.м
26-12-030101-1211,70.4 кв.м
26-12-030101-1216,76.4 кв.м
26-12-030101-1212,49 кв.м
26-12-030101-1198,38.8 кв.м
26-12-030101-1202,71.4 кв.м
26-12-030101-1226,74.5 кв.м
26-12-030101-1377,64.4 кв.м
26-12-030101-1235,69 кв.м
26-12-030101-1237,70.6 кв.м
26-12-030101-1223,69.1 кв.м
26-12-030101-1215,60 кв.м
26-12-030101-1249,70.8 кв.м
26-12-030101-1236,49.8 кв.м
26-12-030101-1228,57.6 кв.м
26-12-030101-1213,71.4 кв.м
26-12-030101-1203,50.3 кв.м
26-12-030101-1248,53.1 кв.м
26-12-030101-1225,71 кв.м
26-12-030101-1227,50.7 кв.м
26-12-030101-1247,68.3 кв.м
26-12-030101-1224,53.3 кв.м
26-12-030101-1214,49.5 кв.м
26-12-030101-1240,60.3 кв.м
26-12-030101-1204,59.2 кв.м
26-12-030101-1238,70.9 кв.м
26-12-030101-1194,53 кв.м
26-12-030101-1239,51 кв.м
26-12-030101-1252,59.7 кв.м
26-12-030101-1193,60.3 кв.м
26-12-030101-1205,63.9 кв.м
26-12-030101-1207,75.6 кв.м
26-12-030101-1195,71.7 кв.м
26-12-030101-1250,70.6 кв.м
26-12-030101-1251,53.6 кв.м
26-12-030101-1206,51.3 кв.м
26-12-030101-1218,72.5 кв.м
26-12-030101-1217,60.4 кв.м
26-12-030101-1229,59.2 кв.м
26-12-030101-1222,51.1 кв.м
26-12-022405-789,54.6 кв.м
26-12-022405-846,71.4 кв.м
26-12-030101-1197,51.9 кв.м
26-12-030101-1242,51.7 кв.м
26-12-030101-1196,73.3 кв.м
26-12-030101-1234,70.3 кв.м
26-12-030101-1208,69.2 кв.м
26-12-022405-897,70.8 кв.м
26-12-022405-740,76.2 кв.м
26-12-030108-196,60.2 кв.м
26-12-030101-1233,72.5 кв.м
26-12-030101-1243,74.7 кв.м
26-12-030108-200,43.2 кв.м
26-12-030101-1232,50.8 кв.м
26-12-030101-1245,70 кв.м
26-12-030108-199,36.7 кв.м
26-12-030108-125,3451.7 кв.м
26-12-030101-1244,50.4 кв.м
26-12-030101-1210,70 кв.м
26-12-030101-1219,76.8 кв.м
26-12-030108-210,38.2 кв.м
26-12-030108-211,37.4 кв.м
26-12-030101-1221,70 кв.м
26-12-030108-207,60.1 кв.м
26-12-030108-224,36.3 кв.м
26-12-030101-1241,60.2 кв.м
26-12-030101-1220,54.9 кв.м
26-12-030101-1209,55.8 кв.м
26-12-030108-223,38.1 кв.м
26-12-030108-236,38.1 кв.м
26-12-030108-220,59.9 кв.м
26-12-030101-1246,71.4 кв.м
26-12-030108-235,38.4 кв.м
26-12-030108-233,60 кв.м
26-12-030108-244,59.9 кв.м
26-12-030108-208,41.3 кв.м
26-12-030108-248,35.8 кв.м
26-12-030108-198,30.2 кв.м
26-12-030108-245,42.8 кв.м
26-12-030108-247,38.3 кв.м
26-12-030108-205,60 кв.м
26-12-030108-197,41.6 кв.м
26-12-030108-232,51.9 кв.м
26-12-022405-818,30.8 кв.м
26-12-030108-209,31.2 кв.м
26-12-030108-221,41.7 кв.м
26-12-030108-192,61 кв.м
26-12-030108-230,60.2 кв.м
26-12-030108-218,60.3 кв.м
26-12-030108-234,31.8 кв.м
26-12-030108-193,29.9 кв.м
26-12-030108-191,58.2 кв.м
26-12-030108-243,61.4 кв.м
26-12-030108-216,43.3 кв.м
26-12-030108-219,60.4 кв.м
26-12-030108-246,30.7 кв.м
26-12-030108-228,43.9 кв.м
26-12-030108-227,31.6 кв.м
26-12-030108-1497,"535,5 кв.м"
26-12-030108-1405,59.8 кв.м
26-12-022405-741,64.7 кв.м
26-12-030108-215,30.2 кв.м
26-12-030108-203,44 кв.м
26-12-030108-204,30.2 кв.м
26-12-030108-242,59.8 кв.м
26-12-030108-212,65.9 кв.м
26-12-030108-194,44.4 кв.м
26-12-030108-189,36.9 кв.м
26-12-030108-214,39.9 кв.м
26-12-030108-190,38.2 кв.м
26-12-030108-206,60 кв.м
26-12-030108-195,59.9 кв.м
26-12-030108-239,31.4 кв.м
26-12-030108-213,36.4 кв.м
26-12-030108-225,37.4 кв.м
26-12-030108-202,39.9 кв.м
26-12-030108-240,46.8 кв.м
26-12-030108-229,60.3 кв.м
26-12-030108-241,61.4 кв.м
26-12-030108-201,37.2 кв.м
26-12-030108-226,37.7 кв.м
26-12-030108-237,36.9 кв.м
26-12-030108-238,37.9 кв.м
26-12-030101-1290,39.4 кв.м
26-12-030101-176,4041.5 кв.м
26-12-030101-1273,39.1 кв.м
26-12-030101-1255,37.6 кв.м
26-12-030101-1274,57 кв.м
26-12-030101-1291,38.3 кв.м
26-12-030108-1365,221.5 кв.м
26-12-030101-1310,60.7 кв.м
26-12-030101-1272,38 кв.м
26-12-030101-1254,38.9 кв.м
26-12-030101-1327,37.6 кв.м
26-12-030101-1308,39.1 кв.м
26-12-030101-1256,61.2 кв.м
26-12-030101-1326,38.8 кв.м
26-12-030101-1309,37.3 кв.м
26-12-030101-1292,71.6 кв.м
26-12-030101-1276,45.6 кв.м
26-12-030101-1257,48.7 кв.м
26-12-030101-1258,46.2 кв.м
26-12-030101-1328,60.9 кв.м
26-12-030101-1260,43.7 кв.м
26-12-030101-1275,47.2 кв.м
26-12-030101-1293,29.6 кв.м
26-12-030101-1262,44.8 кв.м
26-12-030101-1294,44.1 кв.м
26-12-030101-1296,43.5 кв.м
26-12-030101-1259,37.8 кв.м
26-12-030101-1278,43.7 кв.м
26-12-030101-1312,45.1 кв.м
26-12-030101-1277,48.8 кв.м
26-12-030101-1295,46.2 кв.м
26-12-030101-1331,45.8 кв.м
26-12-030101-1329,43.6 кв.м
26-12-030101-1330,43.9 кв.м
26-12-030101-1279,48.1 кв.м
26-12-030101-1313,46 кв.м
26-12-030101-1311,43.9 кв.м
26-12-030101-1316,44.7 кв.м
26-12-030101-1297,45.2 кв.м
26-12-030101-1333,44.6 кв.м
26-12-030101-1332,43.6 кв.м
26-12-030101-1315,44.6 кв.м
26-12-030101-1261,44 кв.м
26-12-030101-1289,44 кв.м
26-12-030101-1298,45.5 кв.м
26-12-030101-1263,60.5 кв.м
26-12-030101-1314,51.4 кв.м
26-12-030101-1264,30.2 кв.м
26-12-030101-1265,43.5 кв.м
26-12-030101-1268,43.3 кв.м
26-12-030101-1281,31 кв.м
26-12-030101-1299,64.3 кв.м
26-12-030101-1282,41.2 кв.м
26-12-030101-1300,30.7 кв.м
26-12-030101-1334,44.2 кв.м
26-12-030101-1319,45.1 кв.м
26-12-030101-1318,30.7 кв.м
26-12-030101-1280,60.6 кв.м
26-12-030101-1266,47.6 кв.м
26-12-030101-1301,43.4 кв.м
26-12-030101-1284,41.9 кв.м
26-12-030101-1283,45.9 кв.м
26-12-030101-1336,30.3 кв.м
26-12-030101-1267,44.9 кв.м
26-12-030101-1335,64.6 кв.м
26-12-030101-1317,63.4 кв.м
26-12-030101-1337,42.6 кв.м
26-12-030101-1271,39 кв.м
26-12-022405-927,"49,4 кв.м"
26-12-030101-1339,44.9 кв.м
26-12-030101-1303,29.7 кв.м
26-12-030101-1270,37.9 кв.м
26-12-030101-1322,43.5 кв.м
26-12-030101-1321,44.5 кв.м
26-12-030101-1285,46.3 кв.м
26-12-030101-1304,47.3 кв.м
26-12-030101-1269,61.3 кв.м
26-12-030101-1302,59.5 кв.м
26-12-030101-1286,61.9 кв.м
26-12-030101-1320,49 кв.м
26-12-030101-1338,45.5 кв.м
26-12-030101-1287,37.6 кв.м
26-12-030101-1340,44.2 кв.м
26-12-030101-1323,61.3 кв.м
26-12-030101-1288,38.1 кв.м
26-12-030101-1307,39.5 кв.м
26-12-030101-1342,37.5 кв.м
26-12-030108-180,3186.2 кв.м
26-12-030101-1341,65.5 кв.м
26-12-030101-1305,61.4 кв.м
26-12-030101-1325,38.7 кв.м
26-12-030101-1306,37.1 кв.м
26-12-030108-1233,58.3 кв.м
26-12-030108-1230,40.3 кв.м
26-12-030101-1343,39.5 кв.м
26-12-030108-1243,30.2 кв.м
26-12-030101-1324,37.6 кв.м
26-12-030108-1232,31.3 кв.м
26-12-030108-1256,50.9 кв.м
26-12-030108-1255,40.4 кв.м
26-12-030108-1258,62.5 кв.м
26-12-022405-770,40.3 кв.м
26-12-030108-1271,39.9 кв.м
26-12-022405-693,52.1 кв.м
26-12-030108-1242,50.4 кв.м
26-12-030108-1244,59.9 кв.м
26-12-030108-1274,59.1 кв.м
26-12-030108-1416,40.8 кв.м
26-12-030108-1234,62.4 кв.м
26-12-030108-1273,30.5 кв.м
26-12-030108-1285,51.7 кв.м
26-12-030108-1245,44.9 кв.м
26-12-030108-1286,34.1 кв.м
26-12-030108-1257,30.1 кв.м
26-12-030108-1415,30.8 кв.м
26-12-030108-1269,58.5 кв.м
26-12-030108-1437,43.9 кв.м
26-12-030108-1247,62.5 кв.м
26-12-030108-1246,32 кв.м
26-12-030108-1268,31.2 кв.м
26-12-030108-1266,44.6 кв.м
26-12-030108-1260,63.6 кв.м
26-12-030108-1283,44.9 кв.м
26-12-030108-1259,30.8 кв.м
26-12-030108-1417,46 кв.м
26-12-022405-819,30.7 кв.м
26-12-022405-791,61.2 кв.м
26-12-030108-1249,60 кв.м
26-12-030108-1250,30.5 кв.м
26-12-030108-1227,45.1 кв.м
26-12-030108-1414,30.5 кв.м
26-12-030108-1413,45 кв.м
26-12-030108-1236,32.6 кв.м
26-12-022405-721,63.9 кв.м
26-12-030108-1278,31.3 кв.м
26-12-022405-720,62.2 кв.м
26-12-022405-742,46.8 кв.м
26-12-030108-1290,44.4 кв.м
26-12-030108-1235,62.1 кв.м
26-12-030108-1277,62.4 кв.м
26-12-030108-1267,45.6 кв.м
26-12-030108-1237,60.9 кв.м
26-12-022405-678,40.4 кв.м
26-12-030108-1251,58 кв.м
26-12-022405-847,30 кв.м
26-12-030108-1261,31.5 кв.м
26-12-030108-1239,51.3 кв.м
26-12-022405-820,31.5 кв.м
26-12-030108-1262,59.5 кв.м
26-12-030108-1240,40.3 кв.м
26-12-030108-1291,63.1 кв.м
26-12-030108-1254,50.8 кв.м
26-12-030108-1294,30.7 кв.м
26-12-030108-1279,59.4 кв.м
26-12-030108-1264,50.9 кв.м
26-12-030108-1263,29.5 кв.м
26-12-030108-1281,49.6 кв.м
26-12-030108-1265,41.1 кв.м
26-12-030108-1282,40.8 кв.м
26-12-022405-723,91.7 кв.м
26-12-030108-1295,50.1 кв.м
26-12-030108-1280,30.2 кв.м
26-12-022405-694,39.6 кв.м
26-12-030108-1418,58.6 кв.м
26-12-030108-176,383.1 кв.м
26-12-030108-681,61.7 кв.м
26-12-030108-709,70.5 кв.м
26-12-030108-655,51.9 кв.м
26-12-030108-679,31.3 кв.м
26-12-030108-656,61.7 кв.м
26-12-030108-706,58.7 кв.м
26-12-030108-629,62.8 кв.м
26-12-030108-654,30.6 кв.м
26-12-030108-707,31 кв.м
26-12-030108-680,51.9 кв.м
26-12-030108-627,59.8 кв.м
26-12-030108-630,52 кв.м
26-12-030108-678,58.3 кв.м
26-12-030108-603,62.8 кв.м
26-12-030108-628,31.7 кв.м
26-12-030108-604,52.5 кв.м
26-12-030108-602,31.3 кв.м
26-12-030108-677,44.7 кв.м
26-12-030108-704,49.5 кв.м
26-12-030108-653,59.4 кв.м
26-12-030108-705,44.9 кв.м
26-12-030108-601,59.1 кв.м
26-12-030108-676,45.1 кв.м
26-12-030108-703,48 кв.м
26-12-030108-651,45.6 кв.м
26-12-030108-624,48.2 кв.м
26-12-030108-652,44.7 кв.м
26-12-030108-674,47.5 кв.м
26-12-030108-598,38.7 кв.м
26-12-030108-599,44.9 кв.м
26-12-022405-792,44.5 кв.м
26-12-030108-675,47.4 кв.м
26-12-030108-650,47.8 кв.м
26-12-030108-701,43.7 кв.м
26-12-030108-702,47.4 кв.м
26-12-030108-600,44.8 кв.м
26-12-030108-626,45.3 кв.м
26-12-030108-595,44.4 кв.м
26-12-030108-697,44.2 кв.м
26-12-030108-646,45.6 кв.м
26-12-030108-673,44.4 кв.м
26-12-030108-700,44.6 кв.м
26-12-030108-623,45.7 кв.м
26-12-030108-649,47.3 кв.м
26-12-030108-596,47.7 кв.м
26-12-030108-597,46.3 кв.м
26-12-030108-622,48.3 кв.м
26-12-030108-699,29 кв.м
26-12-030108-621,46 кв.м
26-12-030108-671,44.7 кв.м
26-12-030108-698,69.9 кв.м
26-12-030103-807,44.9 кв.м
26-12-030108-670,30.2 кв.м
26-12-030108-620,29.7 кв.м
26-12-030108-643,44.3 кв.м
26-12-030108-618,44.2 кв.м
26-12-030108-683,46.8 кв.м
26-12-030108-669,70.5 кв.м
26-12-030108-696,60.1 кв.м
26-12-030108-672,45 кв.м
26-12-030108-619,62.3 кв.м
26-12-030108-645,30.6 кв.м
26-12-030108-695,30.7 кв.м
26-12-030108-594,29.5 кв.м
26-12-030108-644,61.4 кв.м
26-12-030108-685,59.7 кв.м
26-12-030108-667,58.2 кв.м
26-12-030108-591,42.7 кв.м
26-12-030108-666,30.2 кв.м
26-12-030108-641,30.9 кв.м
26-12-030108-694,46 кв.м
26-12-030108-593,60.5 кв.м
26-12-030108-616,15.8 кв.м
26-12-030108-642,60.9 кв.м
26-12-030108-614,29.7 кв.м
26-12-030108-718,43.5 кв.м
26-12-030108-617,44 кв.м
26-12-030108-615,60.2 кв.м
26-12-030108-717,45.1 кв.м
26-12-030108-664,43.6 кв.м
26-12-030108-692,44.1 кв.м
26-12-030108-691,47.6 кв.м
26-12-022405-848,47.2 кв.м
26-12-030108-693,44.6 кв.м
26-12-030108-663,47.2 кв.м
26-12-030108-639,43.9 кв.м
26-12-030108-613,43.6 кв.м
26-12-030108-665,43.5 кв.м
26-12-030108-640,44.1 кв.м
26-12-030108-638,48 кв.м
26-12-030108-714,45 кв.м
26-12-030108-689,45.5 кв.м
26-12-030108-648,47.6 кв.м
26-12-030108-715,42.4 кв.м
26-12-030108-637,47.3 кв.м
26-12-030108-634,46.5 кв.м
26-12-030108-1460,47.3 кв.м
26-12-030108-662,45.1 кв.м
26-12-030108-713,59 кв.м
26-12-030108-1448,43.7 кв.м
26-12-030108-716,47.6 кв.м
26-12-030108-636,43 кв.м
26-12-030108-710,50.4 кв.м
26-12-030108-608,45.2 кв.м
26-12-030108-661,44.5 кв.м
26-12-030108-711,62.2 кв.м
26-12-030108-668,44.3 кв.м
26-12-030108-690,48.6 кв.м
26-12-030108-612,44.1 кв.м
26-12-030108-686,63.3 кв.м
26-12-030108-610,48.6 кв.м
26-12-030108-712,30.9 кв.м
26-12-030108-684,53.9 кв.м
26-12-030108-609,42.8 кв.м
26-12-030108-659,32.4 кв.м
26-12-030108-687,30.4 кв.м
26-12-030108-632,31.4 кв.м
26-12-030108-658,62.5 кв.м
26-12-030108-688,58.1 кв.м
26-12-030108-657,53.4 кв.м
26-12-030108-631,52.1 кв.м
26-12-030101-1483,41.8 кв.м
26-12-030108-606,63.9 кв.м
26-12-030108-635,26.6 кв.м
26-12-030108-607,58.2 кв.м
26-12-022405-726,56.3 кв.м
26-12-030108-592,28.4 кв.м
26-12-030108-660,58.7 кв.м
26-12-030108-633,62.3 кв.м
26-12-022405-826,43.6 кв.м
26-12-030108-682,28.5 кв.м
26-12-030101-758,53.2 кв.м
26-12-030108-605,53.1 кв.м
26-12-022405-827,49.2 кв.м
26-12-030101-147,981.8 кв.м
26-12-022405-727,43.1 кв.м
26-12-022405-824,41.4 кв.м
26-12-022405-793,44.2 кв.м
26-12-030101-1469,50.1 кв.м
26-12-030101-1473,51.5 кв.м
26-12-022405-774,41.9 кв.м
26-12-030101-2109,49.3 кв.м
26-12-030101-2185,45.4 кв.м
26-12-030101-1470,43.1 кв.м
26-12-030101-2006,49.1 кв.м
26-12-022405-701,60.8 кв.м
26-12-030108-1173,37.2 кв.м
26-12-030108-1185,59.4 кв.м
26-12-030108-177,3256.4 кв.м
26-12-030108-1172,36.7 кв.м
26-12-030108-1205,39.6 кв.м
26-12-030108-1184,37.2 кв.м
26-12-030108-1197,63 кв.м
26-12-030108-1183,37.7 кв.м
26-12-030108-1221,59.4 кв.м
26-12-030108-1196,36.5 кв.м
26-12-030108-1220,35.9 кв.м
26-12-030108-1206,36.4 кв.м
26-12-030108-1165,34.5 кв.м
26-12-030108-1195,39.8 кв.м
26-12-030108-1219,37.8 кв.м
26-12-030108-1169,44.2 кв.м
26-12-030108-1170,58.6 кв.м
26-12-030108-1191,46.9 кв.м
26-12-030108-1180,43.3 кв.м
26-12-030108-1204,59.4 кв.м
26-12-030108-1174,60.8 кв.м
26-12-030108-1202,47.2 кв.м
26-12-030108-1182,29.8 кв.м
26-12-030108-1207,59.3 кв.м
26-12-030108-1166,28.9 кв.м
26-12-030108-1192,29.7 кв.м
26-12-030108-1203,29.7 кв.м
26-12-030108-1193,59.3 кв.м
26-12-030108-1216,29.2 кв.м
26-12-030108-1404,66.7 кв.м
26-12-030108-1171,60.1 кв.м
26-12-030108-1178,29.9 кв.м
26-12-030108-1167,41.5 кв.м
26-12-030108-1189,42.4 кв.м
26-12-030108-1215,43.3 кв.м
26-12-030108-1194,59.9 кв.м
26-12-030108-1181,60.6 кв.м
26-12-030108-1188,29.5 кв.м
26-12-030108-1179,42.2 кв.м
26-12-030108-1198,30.2 кв.м
26-12-030108-1199,41.9 кв.м
26-12-030108-1208,64.4 кв.м
26-12-022405-700,59.5 кв.м
26-12-030108-1213,41.6 кв.м
26-12-030108-1168,59.3 кв.м
26-12-030108-1218,64.1 кв.м
26-12-030108-1163,60.7 кв.м
26-12-030108-1187,37.4 кв.м
26-12-030108-1214,59.5 кв.м
26-12-030108-1212,30.2 кв.м
26-12-030108-1164,38.2 кв.м
26-12-030108-1186,36.6 кв.м
26-12-030108-1176,36.7 кв.м
26-12-030108-1209,36.6 кв.м
26-12-030108-1190,59.7 кв.м
26-12-030108-1177,40.3 кв.м
26-12-030108-1201,39.5 кв.м
26-12-030108-1210,35.9 кв.м
26-12-030108-1200,59.1 кв.м
26-12-030101-762,63.3 кв.м
26-12-030101-156,4008.6 кв.м
26-12-030108-1211,37.5 кв.м
26-12-030101-843,37 кв.м
26-12-022405-728,599.3 кв.м
26-12-030101-844,59.7 кв.м
26-12-030101-861,37.3 кв.м
26-12-030101-825,37 кв.м
26-12-030101-829,68.5 кв.м
26-12-030101-842,38.6 кв.м
26-12-030101-2025,39.1 кв.м
26-12-030101-878,40.5 кв.м
26-12-030101-880,60.2 кв.м
26-12-030101-897,37.1 кв.м
26-12-030101-827,47.7 кв.м
26-12-030101-860,38.3 кв.м
26-12-030101-896,38.6 кв.м
26-12-030101-828,29.9 кв.м
26-12-030101-862,71.4 кв.м
26-12-030101-898,60.2 кв.м
26-12-030101-886,62.9 кв.м
26-12-030101-847,60.4 кв.м
26-12-030101-879,37.2 кв.м
26-12-030101-846,30 кв.м
26-12-030101-845,43 кв.м
26-12-030101-865,71.9 кв.м
26-12-030101-881,43.1 кв.м
26-12-030101-882,30 кв.м
26-12-030101-864,30.1 кв.м
26-12-030101-849,30.7 кв.м
26-12-030101-866,30.2 кв.м
26-12-030101-899,46.8 кв.м
26-12-030101-830,42.1 кв.м
26-12-030101-868,62.8 кв.м
26-12-030101-900,30.1 кв.м
26-12-030101-901,59.3 кв.м
26-12-030101-863,35 кв.м
26-12-030101-902,42.3 кв.м
26-12-030101-850,59 кв.м
26-12-030101-848,46.1 кв.м
26-12-030101-832,65 кв.м
26-12-030101-885,59.4 кв.м
26-12-030101-831,31 кв.м
26-12-030101-834,29.9 кв.м
26-12-030101-867,31 кв.м
26-12-030101-884,30.3 кв.м
26-12-030101-835,43.5 кв.м
26-12-030101-833,59.4 кв.м
26-12-030101-883,43 кв.м
26-12-030101-906,30.1 кв.м
26-12-030101-903,30.8 кв.м
26-12-030101-853,42.9 кв.м
26-12-030101-905,59.7 кв.м
26-12-030101-852,29.9 кв.м
26-12-030101-904,60.5 кв.м
26-12-030101-851,58.4 кв.м
26-12-030101-913,46.3 кв.м
26-12-030101-888,30.3 кв.м
26-12-030101-887,58.8 кв.м
26-12-030101-873,30.6 кв.м
26-12-030101-854,63.6 кв.м
26-12-030101-838,44.6 кв.м
26-12-030101-856,42.2 кв.м
26-12-030101-889,46.6 кв.м
26-12-030101-837,30.3 кв.м
26-12-030101-874,30.3 кв.м
26-12-030101-836,60.1 кв.м
26-12-030101-891,30.3 кв.м
26-12-030101-869,57.7 кв.м
26-12-030101-855,30.9 кв.м
26-12-030101-872,75.2 кв.м
26-12-030101-870,30.1 кв.м
26-12-030101-890,63.6 кв.м
26-12-030101-908,30.1 кв.м
26-12-030101-871,32.8 кв.м
26-12-030101-912,38.7 кв.м
26-12-030101-909,42.9 кв.м
26-12-030101-911,38.3 кв.м
26-12-030101-892,46.4 кв.м
26-12-030101-840,44.9 кв.м
26-12-030101-907,59.5 кв.м
26-12-030101-877,40.6 кв.м
26-12-030101-875,72.4 кв.м
26-12-030108-900,71.6 кв.м
26-12-030101-893,68.6 кв.м
26-12-030101-859,38.6 кв.м
26-12-030101-857,60 кв.м
26-12-030101-858,37.3 кв.м
26-12-030101-841,32 кв.м
26-12-030101-895,39.6 кв.м
26-12-030101-761,37.8 кв.м
26-12-030101-910,59.8 кв.м
26-12-030101-839,61.5 кв.м
26-12-030108-169,4186.8 кв.м
26-12-030101-876,38.6 кв.м
26-12-030108-911,68.4 кв.м
26-12-030108-921,64.1 кв.м
26-12-030108-986,64.5 кв.м
26-12-030108-924,48.4 кв.м
26-12-030108-910,49.9 кв.м
26-12-030108-947,46.4 кв.м
26-12-030108-923,46.4 кв.м
26-12-030108-957,63.3 кв.м
26-12-030108-932,47.5 кв.м
26-12-030108-946,64.3 кв.м
26-12-030108-909,69.8 кв.м
26-12-030108-935,46.6 кв.м
26-12-030108-945,63.3 кв.м
26-12-030108-897,46.5 кв.м
26-12-030108-934,64.3 кв.м
26-12-030108-933,68.8 кв.м
26-12-030108-944,47.6 кв.м
26-12-030108-958,46.2 кв.м
26-12-030108-912,47.8 кв.м
26-12-030108-966,64.9 кв.м
26-12-022405-794,70.6 кв.м
26-12-030108-956,48.8 кв.м
26-12-030108-975,46.4 кв.м
26-12-030108-971,47.4 кв.м
26-12-030108-967,46 кв.м
26-12-030108-963,48.2 кв.м
26-12-030108-981,63.7 кв.м
26-12-030108-964,68.6 кв.м
26-12-030108-918,65.9 кв.м
26-12-030108-898,48.3 кв.м
26-12-030108-907,65.9 кв.м
26-12-030108-974,64.9 кв.м
26-12-030108-972,63.4 кв.м
26-12-030108-920,47.6 кв.м
26-12-030108-982,64.5 кв.м
26-12-030108-983,46.8 кв.м
26-12-030108-899,63.6 кв.м
26-12-030108-980,47.4 кв.м
26-12-030108-984,47.5 кв.м
26-12-030108-901,66.6 кв.м
26-12-022405-795,63.3 кв.м
26-12-030108-908,62.5 кв.м
26-12-030108-906,47 кв.м
26-12-030108-929,48 кв.м
26-12-030108-930,72.3 кв.м
26-12-030108-917,46.3 кв.м
26-12-030108-941,71.9 кв.м
26-12-030108-931,48.8 кв.м
26-12-030108-940,45.9 кв.м
26-12-030108-943,48.2 кв.м
26-12-030108-942,68.7 кв.м
26-12-030108-962,62.7 кв.м
26-12-030108-955,48.9 кв.м
26-12-030108-965,46.9 кв.м
26-12-030108-954,68.4 кв.м
26-12-030108-952,46.8 кв.м
26-12-030108-960,65.2 кв.м
26-12-030108-953,66.1 кв.м
26-12-030108-973,62.7 кв.м
26-12-030108-961,46 кв.м
26-12-030108-1495,"249,3 кв.м"
26-12-030108-919,66.3 кв.м
26-12-030108-978,63.6 кв.м
26-12-030108-969,66.5 кв.м
26-12-030108-968,47.1 кв.м
26-12-030108-977,66.8 кв.м
26-12-030108-976,47 кв.м
26-12-030108-970,48.7 кв.м
26-12-030108-926,54.3 кв.м
26-12-030108-915,54 кв.м
26-12-030108-914,50.3 кв.м
26-12-030108-979,47.7 кв.м
26-12-030108-902,59.8 кв.м
26-12-030108-925,58.1 кв.м
26-12-030108-903,50.9 кв.м
26-12-030108-916,67.1 кв.м
26-12-030108-928,69.4 кв.м
26-12-030108-913,57.8 кв.м
26-12-030108-904,54.5 кв.м
26-12-030108-949,50.6 кв.м
26-12-030108-905,68.6 кв.м
26-12-030108-950,54.2 кв.м
26-12-030108-937,48.7 кв.м
26-12-030108-157,3584.2 кв.м
26-12-030108-936,58.3 кв.м
26-12-030108-938,54.4 кв.м
26-12-030108-927,54.7 кв.м
26-12-030108-492,42.1 кв.м
26-12-030108-939,63.7 кв.м
26-12-030108-480,29.5 кв.м
26-12-030108-478,70.3 кв.м
26-12-030108-465,70.9 кв.м
26-12-030108-948,58 кв.м
26-12-030108-951,68 кв.м
26-12-030108-468,53.9 кв.м
26-12-022405-747,42.7 кв.м
26-12-030108-1444,28.2 кв.м
26-12-030108-493,29.2 кв.м
26-12-030108-494,53.9 кв.м
26-12-030108-479,43.1 кв.м
26-12-030108-522,54.2 кв.м
26-12-030108-489,69.3 кв.м
26-12-030108-505,43.1 кв.м
26-12-030108-502,45 кв.м
26-12-030108-519,43.3 кв.м
26-12-030108-504,71.2 кв.м
26-12-030108-506,28.9 кв.м
26-12-030108-503,47.5 кв.м
26-12-030108-520,29.2 кв.м
26-12-030108-471,40.3 кв.м
26-12-030108-518,70.3 кв.м
26-12-022405-796,40.2 кв.м
26-12-030108-507,51.6 кв.м
26-12-030108-497,40.9 кв.м
26-12-030108-477,44.7 кв.м
26-12-030108-523,48.5 кв.м
26-12-030108-464,43.4 кв.м
26-12-030108-521,54.5 кв.м
26-12-030108-463,46.7 кв.м
26-12-030108-486,40.1 кв.м
26-12-022405-797,41 кв.м
26-12-030108-491,48.2 кв.м
26-12-030108-490,45.5 кв.м
26-12-030108-524,48.8 кв.м
26-12-030108-469,45 кв.м
26-12-030108-458,41.7 кв.м
26-12-030108-516,44.8 кв.м
26-12-030108-485,42.3 кв.м
26-12-030108-484,45.2 кв.м
26-12-030108-474,42.4 кв.м
26-12-030108-470,46.9 кв.м
26-12-030108-473,30.6 кв.м
26-12-030108-499,49.8 кв.м
26-12-030108-512,48.6 кв.м
26-12-030108-501,44.2 кв.м
26-12-030108-525,49 кв.м
26-12-030108-476,44.7 кв.м
26-12-030108-460,54.9 кв.м
26-12-030108-513,46 кв.м
26-12-030108-472,55.6 кв.м
26-12-030108-517,48.3 кв.м
26-12-030108-1445,42.7 кв.м
26-12-030108-515,41.7 кв.м
26-12-030108-461,30.4 кв.м
26-12-030108-1347,43.7 кв.м
26-12-030108-510,42.2 кв.м
26-12-030108-481,72.3 кв.м
26-12-030108-483,42.4 кв.м
26-12-030108-457,65.3 кв.м
26-12-030108-509,30.9 кв.м
26-12-030108-498,30.6 кв.м
26-12-030108-500,41.7 кв.м
26-12-030108-496,73.9 кв.м
26-12-030108-462,42.4 кв.м
26-12-030108-487,55.2 кв.м
26-12-030101-1417,64.7 кв.м
26-12-022405-855,30.8 кв.м
26-12-030108-482,74 кв.м
26-12-030108-495,56.3 кв.м
26-12-022405-746,56.7 кв.м
26-12-030108-511,72.8 кв.м
26-12-022405-703,82.8 кв.м
26-12-030101-182,2435.9 кв.м
26-12-030101-1410,64.8 кв.м
26-12-030101-1386,49.9 кв.м
26-12-030101-1385,64 кв.м
26-12-030101-1418,87 кв.м
26-12-030101-1404,60.9 кв.м
26-12-030101-1398,59.8 кв.м
26-12-030101-1391,123.8 кв.м
26-12-030101-1405,58.9 кв.м
26-12-030101-1414,80.5 кв.м
26-12-030101-1411,57.3 кв.м
26-12-030101-1397,55.8 кв.м
26-12-030101-1390,55.8 кв.м
26-12-030101-1399,80.2 кв.м
26-12-000000-6853,34.2 кв.м
26-12-030101-1384,54.9 кв.м
26-12-030101-1388,34.4 кв.м
26-12-030101-1400,68 кв.м
26-12-030101-1392,65.8 кв.м
26-12-030101-1383,91.2 кв.м
26-12-030101-1389,65.9 кв.м
26-12-030101-1395,56.2 кв.м
26-12-030101-1394,60.1 кв.м
26-12-030101-1387,47 кв.м
26-12-030101-1401,37.8 кв.м
26-12-030101-1402,60.1 кв.м
26-12-030101-1426,41.9 кв.м
26-12-030101-1407,36.4 кв.м
26-12-030101-1403,56.4 кв.м
26-12-030101-1413,34.4 кв.м
26-12-030101-1421,66.6 кв.м
26-12-030101-1416,59.3 кв.м
26-12-030101-1409,57.5 кв.м
26-12-030101-1422,57.1 кв.м
26-12-030101-1406,59.6 кв.м
26-12-030101-1420,34 кв.м
26-12-030101-1408,60.4 кв.м
26-12-030101-1415,60.5 кв.м
26-12-030101-1412,62.8 кв.м
26-12-030101-1443,39.5 кв.м
26-12-030101-1447,41.5 кв.м
26-12-030101-1419,62.2 кв.м
26-12-030101-1427,33.6 кв.м
26-12-030101-1438,40.4 кв.м
26-12-030101-1432,39.2 кв.м
26-12-030101-1444,33.1 кв.м
26-12-030101-1454,45.6 кв.м
26-12-030101-1428,45.1 кв.м
26-12-030101-1446,42.6 кв.м
26-12-030101-1433,33.4 кв.м
26-12-030101-1434,45.1 кв.м
26-12-011102-239,"102,8 кв.м"
26-12-030101-1439,33.6 кв.м
26-12-030101-1440,45.4 кв.м
26-12-030101-1430,30.2 кв.м
26-12-030101-1445,48.9 кв.м
26-12-011102-250,"77,9 кв.м"
26-12-030101-1452,42.4 кв.м
26-12-011102-262,"81,6 кв.м"
26-12-030101-1435,49.1 кв.м
26-12-011102-274,"77,7 кв.м"
26-12-030101-1448,48.6 кв.м
26-12-030101-1453,32.5 кв.м
26-12-011102-286,"80,5 кв.м"
26-12-011102-275,"91,8 кв.м"
26-12-030101-1424,29.9 кв.м
26-12-011102-263,"95,4 кв.м"
26-12-030101-1436,29.3 кв.м
26-12-011102-240,"65,6 кв.м"
26-12-011102-287,"103,7 кв.м"
26-12-030101-1451,58.1 кв.м
26-12-030101-1441,57.8 кв.м
26-12-030101-1423,45.1 кв.м
26-12-030101-1431,46.2 кв.м
26-12-030101-1425,41.1 кв.м
26-12-030101-1429,45 кв.м
26-12-030101-1437,40.7 кв.м
26-12-030101-823,57 кв.м
26-12-030101-1442,63.3 кв.м
26-12-030101-1455,61.6 кв.м
26-12-030101-2012,47.7 кв.м
26-12-030101-1676,134.4 кв.м
26-12-030101-1449,58 кв.м
26-12-022405-800,72.2 кв.м
26-12-011102-77,4754.6 кв.м
26-12-011102-253,78 кв.м
26-12-030101-1393,34.2 кв.м
26-12-022405-801,58.3 кв.м
26-12-011102-238,84.3 кв.м
26-12-011102-251,90.9 кв.м
26-12-030101-1450,69.8 кв.м
26-12-022405-858,31.9 кв.м
26-12-022405-894,75.1 кв.м
26-12-011102-285,98.3 кв.м
26-12-022405-684,58.5 кв.м
26-12-011102-1193,49.9 кв.м
26-12-022405-748,31.3 кв.м
26-12-022405-892,75.9 кв.м
26-12-011102-414,40.9 кв.м
26-12-022405-682,39.3 кв.м
26-12-011102-412,32 кв.м
26-12-011102-409,50.1 кв.м
26-12-011102-411,58.9 кв.м
26-12-011102-410,39.9 кв.м
26-12-011102-413,49.7 кв.м
26-12-011102-407,41 кв.м
26-12-011102-400,44.3 кв.м
26-12-011102-405,39.8 кв.м
26-12-011102-415,47 кв.м
26-12-011102-404,48 кв.м
26-12-011102-408,30.9 кв.м
26-12-011102-402,43.4 кв.м
26-12-011102-403,43.6 кв.м
26-12-011102-416,45 кв.м
26-12-022405-705,44.8 кв.м
26-12-011102-382,"46,9 кв.м"
26-12-011102-417,44.3 кв.м
26-12-011102-391,43.4 кв.м
26-12-022405-681,47.5 кв.м
26-12-011102-388,47.1 кв.м
26-12-011102-394,43.7 кв.м
26-12-011102-1144,44.1 кв.м
26-12-011102-390,47.1 кв.м
26-12-011102-398,43.9 кв.м
26-12-011102-401,47.2 кв.м
26-12-011102-1143,44 кв.м
26-12-011102-399,44.4 кв.м
26-12-011102-397,44.3 кв.м
26-12-011102-395,47.2 кв.м
26-12-022405-683,47.2 кв.м
26-12-022405-706,47.8 кв.м
26-12-011102-396,48 кв.м
26-12-011102-1158,43.4 кв.м
26-12-011102-393,41.4 кв.м
26-12-011102-380,43.7 кв.м
26-12-011102-389,47.8 кв.м
26-12-011102-387,42.7 кв.м
26-12-011102-386,42.9 кв.м
26-12-011102-379,47.5 кв.м
26-12-011102-377,43.7 кв.м
26-12-011102-384,41.9 кв.м
26-12-011102-385,47.4 кв.м
26-12-011102-378,42.8 кв.м
26-12-011102-381,42.5 кв.м
26-12-011102-1155,42 кв.м
26-12-011102-1149,43.6 кв.м
26-12-011102-376,48.9 кв.м
26-12-011102-1197,46.9 кв.м
26-12-011102-375,43.8 кв.м
26-12-011102-374,43.5 кв.м
26-12-011102-370,46.4 кв.м
26-12-011102-372,44.1 кв.м
26-12-011102-1187,43.7 кв.м
26-12-022405-857,48.1 кв.м
26-12-011102-367,66.6 кв.м
26-12-011102-1138,46.2 кв.м
26-12-011102-366,30.1 кв.м
26-12-011102-365,51.3 кв.м
26-12-011102-369,44.7 кв.м
26-12-022405-730,44.6 кв.м
26-12-011102-371,44.9 кв.м
26-12-011102-362,30.1 кв.м
26-12-011102-368,43.9 кв.м
26-12-011102-355,40.1 кв.м
26-12-011102-363,58.5 кв.м
26-12-011102-359,57.8 кв.м
26-12-011102-364,40.6 кв.м
26-12-011102-373,46.6 кв.м
26-12-011102-361,49.9 кв.м
26-12-011102-1140,39.9 кв.м
26-12-011102-358,49.3 кв.м
26-12-011102-1196,49.7 кв.м
26-12-011102-418,32.4 кв.м
26-12-011102-423,86.7 кв.м
26-12-011102-357,57.5 кв.м
26-12-011102-353,31.1 кв.м
26-12-011102-433,114.8 кв.м
26-12-011102-1111,118.3 кв.м
26-12-011102-1153,49.7 кв.м
26-12-011102-420,50.2 кв.м
26-12-011102-1110,134.7 кв.м
26-12-011102-292,53 кв.м
26-12-022405-707,50.3 кв.м
26-12-011102-295,52.8 кв.м
26-12-011102-313,"58,8 кв.м"
26-12-011102-318,"46,4 кв.м"
26-12-011102-324,"52,7 кв.м"
26-12-011102-304,"49,7 кв.м"
26-12-011102-323,"49,6 кв.м"
26-12-011102-310,"49,9 кв.м"
26-12-011102-308,"49,4 кв.м"
26-12-011102-319,"49,3 кв.м"
26-12-011102-320,"52,4 кв.м"
26-12-011102-1167,"1483,7 кв.м"
26-12-011102-321,"57,6 кв.м"
26-12-011102-311,"49,4 кв.м"
26-12-011102-305,60.4 кв.м
26-12-011102-315,52.8 кв.м
26-12-011102-325,57.6 кв.м
26-12-011102-312,48.7 кв.м
26-12-011102-345,58.6 кв.м
26-12-011102-332,46.1 кв.м
26-12-011102-80,1015.6 кв.м
26-12-022405-802,50.3 кв.м
26-12-010602-364,59.3 кв.м
26-12-010602-575,100.3 кв.м
26-12-010602-577,24.5 кв.м
26-12-010602-576,32.4 кв.м
26-12-030710-1648,34.7 кв.м
26-12-030710-1381,14329.5 кв.м
26-12-030710-1525,58.2 кв.м
26-12-030710-1506,41.7 кв.м
26-12-030710-1442,34.5 кв.м
26-12-030710-1646,34.4 кв.м
26-12-030710-1495,34.7 кв.м
26-12-030710-1404,58 кв.м
26-12-030710-1539,58.1 кв.м
26-12-030710-1574,40.6 кв.м
26-12-030710-1398,34.6 кв.м
26-12-030710-1490,42.4 кв.м
26-12-030710-1563,41.7 кв.м
26-12-030710-1451,33.7 кв.м
26-12-030710-1562,72.4 кв.м
26-12-030710-1458,33.7 кв.м
26-12-030710-1613,34.7 кв.м
26-12-030710-1547,40.3 кв.м
26-12-030710-1419,33.5 кв.м
26-12-030710-1642,56.7 кв.м
26-12-030710-1663,107.9 кв.м
26-12-030710-1580,34.6 кв.м
26-12-030710-1454,33.6 кв.м
26-12-030710-1517,40.5 кв.м
26-12-030710-1650,70.5 кв.м
26-12-030710-1625,56.5 кв.м
26-12-030710-1628,33.8 кв.м
26-12-030710-1392,33.7 кв.м
26-12-030710-1437,40.2 кв.м
26-12-030710-1620,33.6 кв.м
26-12-030710-1433,33.6 кв.м
26-12-030710-1429,33.6 кв.м
26-12-030710-1492,40.7 кв.м
26-12-030710-1460,40.4 кв.м
26-12-030710-1477,41.7 кв.м
26-12-030710-1579,33.4 кв.м
26-12-030710-1493,43.4 кв.м
26-12-030710-1601,56.6 кв.м
26-12-030710-1660,56.9 кв.м
26-12-030710-1400,56.9 кв.м
26-12-030710-1476,70.6 кв.м
26-12-030710-1626,33.5 кв.м
26-12-030710-1584,56.6 кв.м
26-12-030710-1516,40.6 кв.м
26-12-030710-1406,40.6 кв.м
26-12-030710-1526,40.5 кв.м
26-12-030710-1587,40.5 кв.м
26-12-030710-1462,70.3 кв.м
26-12-030710-1552,33.6 кв.м
26-12-030710-1484,41.3 кв.м
26-12-030710-1597,56.8 кв.м
26-12-030710-1383,40.2 кв.м
26-12-030710-1475,33.5 кв.м
26-12-030710-1622,56.1 кв.м
26-12-030710-1615,33.6 кв.м
26-12-030710-1634,56.7 кв.м
26-12-030710-1426,33.6 кв.м
26-12-030710-1394,40.8 кв.м
26-12-030710-1448,33.7 кв.м
26-12-030710-1388,40.7 кв.м
26-12-030710-1589,41.3 кв.м
26-12-030710-1443,33.7 кв.м
26-12-030710-1610,56.8 кв.м
26-12-030710-1635,70.5 кв.м
26-12-030710-1441,33.8 кв.м
26-12-030710-1645,41.6 кв.м
26-12-030710-1468,56.7 кв.м
26-12-030710-1633,40.7 кв.м
26-12-030710-1564,33.6 кв.м
26-12-030710-1478,33.6 кв.м
26-12-030710-1450,56.8 кв.м
26-12-030710-1512,40.6 кв.м
26-12-030710-1544,70.6 кв.м
26-12-030710-1548,33.5 кв.м
26-12-030710-1486,40.6 кв.м
26-12-030710-1534,40.8 кв.м
26-12-030710-1511,40.6 кв.м
26-12-030710-1559,33.6 кв.м
26-12-030710-1567,40.6 кв.м
26-12-030710-1550,56.5 кв.м
26-12-030710-1542,40.5 кв.м
26-12-030710-1472,41.6 кв.м
26-12-030710-1501,56.5 кв.м
26-12-030710-1421,33.7 кв.м
26-12-030710-1445,44.4 кв.м
26-12-030710-1531,33.6 кв.м
26-12-030710-1465,33.7 кв.м
26-12-030710-1488,70.3 кв.м
26-12-030710-1538,56.6 кв.м
26-12-030710-1487,33.6 кв.м
26-12-030710-1515,40.8 кв.м
26-12-030710-1581,40.6 кв.м
26-12-030710-1500,33.7 кв.м
26-12-030710-1482,33.4 кв.м
26-12-030710-1505,56.5 кв.м
26-12-030710-1418,33.6 кв.м
26-12-030710-1514,33.5 кв.м
26-12-030710-1619,56.8 кв.м
26-12-030710-1570,33.5 кв.м
26-12-030710-1578,41.5 кв.м
26-12-030710-1497,56.4 кв.м
26-12-030710-1561,40.7 кв.м
26-12-030710-1425,33.6 кв.м
26-12-030710-1494,40.7 кв.м
26-12-030710-1447,40.6 кв.м
26-12-030710-1496,57 кв.м
26-12-030710-1489,70.6 кв.м
26-12-030710-1614,44.6 кв.м
26-12-030710-1577,56.6 кв.м
26-12-030710-1631,33.7 кв.м
26-12-030710-1605,70.6 кв.м
26-12-030710-1588,33.7 кв.м
26-12-030710-1655,40.8 кв.м
26-12-030710-1461,56.6 кв.м
26-12-030710-1440,41.4 кв.м
26-12-030710-1459,33.6 кв.м
26-12-030710-1594,33.8 кв.м
26-12-030710-1621,40.6 кв.м
26-12-030710-1480,40.3 кв.м
26-12-030710-1537,33.6 кв.м
26-12-030710-1508,33.6 кв.м
26-12-030710-1557,33.8 кв.м
26-12-030710-1527,40.3 кв.м
26-12-030710-1593,56.7 кв.м
26-12-030710-1428,70.4 кв.м
26-12-030710-1423,40.4 кв.м
26-12-030710-1590,57.2 кв.м
26-12-030710-1483,33.8 кв.м
26-12-030710-1479,41.6 кв.м
26-12-030710-1600,56.5 кв.м
26-12-030710-1658,40.6 кв.м
26-12-030710-1399,33.8 кв.м
26-12-030710-1624,56.7 кв.м
26-12-030710-1417,40.4 кв.м
26-12-030710-1390,40 кв.м
26-12-030710-1510,33.6 кв.м
26-12-030710-1565,33.6 кв.м
26-12-030710-1540,56.8 кв.м
26-12-030710-1464,40.2 кв.м
26-12-030710-1637,56.5 кв.м
26-12-030710-1653,40.5 кв.м
26-12-030710-1528,70.3 кв.м
26-12-030710-1485,33.6 кв.м
26-12-030710-1560,41.4 кв.м
26-12-030710-1507,33.8 кв.м
26-12-030710-1617,33.7 кв.м
26-12-030710-1549,40.7 кв.м
26-12-030710-1533,40.8 кв.м
26-12-030710-1427,56.4 кв.м
26-12-030710-1591,33.6 кв.м
26-12-030710-1403,33.7 кв.м
26-12-030710-1415,33.6 кв.м
26-12-030710-1558,41.2 кв.м
26-12-030710-1498,33.6 кв.м
26-12-030710-1644,41.3 кв.м
26-12-030710-1598,40.8 кв.м
26-12-030710-1409,40 кв.м
26-12-030710-1530,56.6 кв.м
26-12-030710-1393,56.6 кв.м
26-12-030710-1609,33.5 кв.м
26-12-030710-1446,70.5 кв.м
26-12-030710-1636,40.6 кв.м
26-12-030710-1639,40.6 кв.м
26-12-030710-1387,40.5 кв.м
26-12-030710-1602,33.7 кв.м
26-12-030710-1523,56.6 кв.м
26-12-030710-1444,40.6 кв.м
26-12-030710-1513,56.5 кв.м
26-12-030710-1474,33.6 кв.м
26-12-030710-1629,33.6 кв.м
26-12-030710-1643,33.6 кв.м
26-12-030710-1412,56.7 кв.м
26-12-030710-1467,33.6 кв.м
26-12-030710-1651,40.1 кв.м
26-12-030710-1422,33.5 кв.м
26-12-030710-1410,70.4 кв.м
26-12-030710-1453,40.4 кв.м
26-12-030710-1572,33.5 кв.м
26-12-030710-1469,33.5 кв.м
26-12-030710-1640,56.9 кв.м
26-12-030710-1546,41.4 кв.м
26-12-030710-1519,33.4 кв.м
26-12-030710-1569,56.5 кв.м
26-12-030710-1630,40.5 кв.м
26-12-030710-1543,56.4 кв.м
26-12-030710-1434,40.3 кв.м
26-12-030710-1438,33.5 кв.м
26-12-030710-1386,33.3 кв.м
26-12-030710-1575,40.7 кв.м
26-12-030710-1522,56.5 кв.м
26-12-030710-1384,70 кв.м
26-12-030710-1582,40.1 кв.м
26-12-030710-1432,33.5 кв.м
26-12-030710-1627,33.6 кв.м
26-12-030710-1509,56.5 кв.м
26-12-030710-1395,56.4 кв.м
26-12-030710-1545,33.6 кв.м
26-12-030710-1431,41.4 кв.м
26-12-030710-1397,33.7 кв.м
26-12-030710-1466,40.8 кв.м
26-12-030710-1389,56.6 кв.м
26-12-030710-1611,70.5 кв.м
26-12-030710-1430,33.6 кв.м
26-12-030710-1473,33.7 кв.м
26-12-030710-1632,40.8 кв.м
26-12-030710-1566,40.6 кв.м
26-12-030710-1502,33.5 кв.м
26-12-030710-1599,56.4 кв.м
26-12-030710-1411,70.4 кв.м
26-12-030710-1436,40.1 кв.м
26-12-030710-1623,56.6 кв.м
26-12-030710-1405,33.7 кв.м
26-12-030710-1503,62.3 кв.м
26-12-030710-1529,33.7 кв.м
26-12-030710-1603,41.2 кв.м
26-12-030710-1652,56.8 кв.м
26-12-030710-1449,33.7 кв.м
26-12-030710-1571,40.6 кв.м
26-12-030710-1396,33.6 кв.м
26-12-030710-1607,33.6 кв.м
26-12-030710-1155,42.4 кв.м
26-12-030710-1568,33.6 кв.м
26-12-030710-1499,40.6 кв.м
26-12-030710-1165,70.4 кв.м
26-12-030710-1101,57.5 кв.м
26-12-030710-1197,41.3 кв.м
26-12-030710-1585,40.2 кв.м
26-12-030710-1128,72.4 кв.м
26-12-030710-1134,34.8 кв.м
26-12-030710-1439,40.7 кв.м
26-12-030710-1161,56.8 кв.м
26-12-030710-1272,34.7 кв.м
26-12-030710-1313,41.7 кв.м
26-12-030710-1235,34.6 кв.м
26-12-030710-1254,57.8 кв.м
26-12-030710-1296,40.6 кв.м
26-12-030710-1231,33.7 кв.м
26-12-030710-1119,40.5 кв.м
26-12-030710-1361,33.7 кв.м
26-12-030710-1106,40.5 кв.м
26-12-030710-1285,34.8 кв.м
26-12-030710-1102,57.9 кв.м
26-12-030710-1221,34.3 кв.м
26-12-030710-1337,34.5 кв.м
26-12-030710-1347,34.6 кв.м
26-12-030710-1112,41.3 кв.м
26-12-030710-1185,33.7 кв.м
26-12-030710-1121,40.2 кв.м
26-12-030710-1250,33.7 кв.м
26-12-030710-1380,33.6 кв.м
26-12-030710-1209,41.1 кв.м
26-12-030710-1368,56.4 кв.м
26-12-030710-1376,33.5 кв.м
26-12-030710-1299,56.6 кв.м
26-12-030710-1308,56.6 кв.м
26-12-030710-1256,70.5 кв.м
26-12-030710-1346,40.4 кв.м
26-12-030710-1150,40.7 кв.м
26-12-030710-1186,33.6 кв.м
26-12-030710-1125,33.7 кв.м
26-12-030710-1292,56.8 кв.м
26-12-030710-1253,40.4 кв.м
26-12-030710-1123,56.7 кв.м
26-12-030710-1243,33.6 кв.м
26-12-030710-1378,33.5 кв.м
26-12-030710-1287,40.2 кв.м
26-12-030710-1342,40.6 кв.м
26-12-030710-1328,56.5 кв.м
26-12-030710-1281,33.7 кв.м
26-12-030710-1227,70.7 кв.м
26-12-030710-1261,40.7 кв.м
26-12-030710-1365,40.6 кв.м
26-12-030710-1141,56.8 кв.м
26-12-030710-1229,33.5 кв.м
26-12-030710-1374,33.5 кв.м
26-12-030710-1127,41.4 кв.м
26-12-030710-1200,40.1 кв.м
26-12-030710-1371,56.6 кв.м
26-12-030710-1356,33.6 кв.м
26-12-030710-1179,40.5 кв.м
26-12-030710-1379,56.3 кв.м
26-12-030710-1169,70.4 кв.м
26-12-030710-1348,33.6 кв.м
26-12-030710-1311,40.1 кв.м
26-12-030710-1330,33.6 кв.м
26-12-030710-1097,40.5 кв.м
26-12-030710-1170,33.4 кв.м
26-12-030710-1241,33.6 кв.м
26-12-030710-1148,40.5 кв.м
26-12-030710-1126,56.3 кв.м
26-12-030710-1263,33.6 кв.м
26-12-030710-1323,33.5 кв.м
26-12-030710-1190,70.4 кв.м
26-12-030710-1151,56.4 кв.м
26-12-030710-1099,33.5 кв.м
26-12-030710-1283,56.6 кв.м
26-12-030710-1181,33.5 кв.м
26-12-030710-1300,41.4 кв.м
26-12-030710-1341,57 кв.м
26-12-030710-1239,56.7 кв.м
26-12-030710-1372,70.5 кв.м
26-12-030710-1236,40.6 кв.м
26-12-030710-1157,40.3 кв.м
26-12-030710-1191,40.5 кв.м
26-12-030710-1238,33.4 кв.м
26-12-030710-1327,56.5 кв.м
26-12-030710-1214,33.7 кв.м
26-12-030710-1207,36.7 кв.м
26-12-030710-1171,33.6 кв.м
26-12-030710-1160,39.8 кв.м
26-12-030710-1357,41.4 кв.м
26-12-030710-1286,33.7 кв.м
26-12-030710-1242,33.6 кв.м
26-12-030710-1215,40.6 кв.м
26-12-030710-1325,33.5 кв.м
26-12-030710-1156,56.5 кв.м
26-12-030710-1140,40.6 кв.м
26-12-030710-1104,33.5 кв.м
26-12-030710-1289,56.5 кв.м
26-12-030710-1306,33.5 кв.м
26-12-030710-1107,40.6 кв.м
26-12-030710-1180,40.2 кв.м
26-12-030710-1251,33.5 кв.м
26-12-030710-1291,56.7 кв.м
26-12-030710-1352,41.3 кв.м
26-12-030710-1163,33.7 кв.м
26-12-030710-1288,70.4 кв.м
26-12-030710-1187,56.4 кв.м
26-12-030710-1321,33.6 кв.м
26-12-030710-1116,41.4 кв.м
26-12-030710-1367,33.6 кв.м
26-12-030710-1276,40.9 кв.м
26-12-030710-1159,40.8 кв.м
26-12-030710-1152,40.6 кв.м
26-12-030710-1315,56.5 кв.м
26-12-030710-1118,33.5 кв.м
26-12-030710-1198,56.5 кв.м
26-12-030710-1258,40.2 кв.м
26-12-030710-1189,56.6 кв.м
26-12-030710-1332,40.7 кв.м
26-12-030710-1298,33.5 кв.м
26-12-030710-1098,40.6 кв.м
26-12-030710-1201,41 кв.м
26-12-030710-1366,33.9 кв.м
26-12-030710-1162,33.6 кв.м
26-12-030710-1269,33.5 кв.м
26-12-030710-1369,70.5 кв.м
26-12-030710-1228,70.3 кв.м
26-12-030710-1297,40.6 кв.м
26-12-030710-1252,41.2 кв.м
26-12-030710-1247,33.5 кв.м
26-12-030710-1147,40.1 кв.м
26-12-030710-1279,40.5 кв.м
26-12-030710-1149,56.4 кв.м
26-12-030710-1133,40.2 кв.м
26-12-030710-1212,56.8 кв.м
26-12-030710-1307,56.7 кв.м
26-12-030710-1245,56.4 кв.м
26-12-030710-1255,56.7 кв.м
26-12-030710-1122,33.5 кв.м
26-12-030710-1142,33.5 кв.м
26-12-030710-1262,40.5 кв.м
26-12-030710-1267,33.8 кв.м
26-12-030710-1244,41.3 кв.м
26-12-030710-1318,71.1 кв.м
26-12-030710-1305,40.5 кв.м
26-12-030710-1174,33.6 кв.м
26-12-030710-1322,33.5 кв.м
26-12-030710-1173,40.3 кв.м
26-12-030710-1345,33.6 кв.м
26-12-030710-1103,56.4 кв.м
26-12-030710-1194,33.7 кв.м
26-12-030710-1205,33.5 кв.м
26-12-030710-1114,33.4 кв.м
26-12-030710-1208,40.1 кв.м
26-12-030710-1333,40.6 кв.м
26-12-030710-1217,41.5 кв.м
26-12-030710-1335,33.6 кв.м
26-12-030710-1145,56.4 кв.м
26-12-030710-1280,33.3 кв.м
26-12-030710-1237,33.5 кв.м
26-12-030710-1268,56.4 кв.м
26-12-030710-1210,39.9 кв.м
26-12-030710-1344,40.5 кв.м
26-12-030710-1154,44.6 кв.м
26-12-030710-1375,33.5 кв.м
26-12-030710-1314,70.5 кв.м
26-12-030710-1105,56.4 кв.м
26-12-030710-1275,40.5 кв.м
26-12-030710-1177,40.8 кв.м
26-12-030710-1226,70.6 кв.м
26-12-030710-1110,56.1 кв.м
26-12-030710-1351,33.5 кв.м
26-12-030710-1303,40.4 кв.м
26-12-030710-1144,41.3 кв.м
26-12-030710-1282,33.6 кв.м
26-12-030710-1364,56.4 кв.м
26-12-030710-1309,37.8 кв.м
26-12-030710-1301,56.8 кв.м
26-12-030710-1168,33.4 кв.м
26-12-030710-1230,41.3 кв.м
26-12-030710-1178,33.6 кв.м
26-12-030710-1249,70.2 кв.м
26-12-030710-1167,33.2 кв.м
26-12-030710-1222,56.6 кв.м
26-12-030710-1234,41.3 кв.м
26-12-030710-1334,40.5 кв.м
26-12-030710-1259,70.7 кв.м
26-12-030710-1240,33.5 кв.м
26-12-030710-1188,33.4 кв.м
26-12-030710-1319,56.6 кв.м
26-12-030710-1302,33.7 кв.м
26-12-030710-1216,40 кв.м
26-12-030710-1295,33.6 кв.м
26-12-030710-1219,56.5 кв.м
26-12-030710-1203,56.6 кв.м
26-12-030710-1284,40.7 кв.м
26-12-030710-1370,40.7 кв.м
26-12-030710-1359,33.7 кв.м
26-12-030710-1310,40.2 кв.м
26-12-030710-1331,40 кв.м
26-12-030710-1277,56.7 кв.м
26-12-030710-1350,33.5 кв.м
26-12-030710-1184,33.5 кв.м
26-12-030710-1324,33.7 кв.м
26-12-030710-1193,40.2 кв.м
26-12-030710-1270,70.8 кв.м
26-12-030710-1340,33.4 кв.м
26-12-030710-1339,40.6 кв.м
26-12-030710-1304,40.4 кв.м
26-12-030710-1211,40.3 кв.м
26-12-030710-1139,40.7 кв.м
26-12-030710-1132,56.5 кв.м
26-12-030710-1202,41 кв.м
26-12-030710-1192,33.6 кв.м
26-12-030710-1354,57 кв.м
26-12-030710-1183,41.2 кв.м
26-12-030710-1143,33.7 кв.м
26-12-030710-1274,33.6 кв.м
26-12-030710-1120,56.4 кв.м
26-12-030710-1218,33.6 кв.м
26-12-030710-1225,40.5 кв.м
26-12-030710-1060,42.2 кв.м
26-12-030710-928,41.6 кв.м
26-12-030710-1137,56.2 кв.м
26-12-030710-885,57.7 кв.м
26-12-030710-1264,33.7 кв.м
26-12-030710-905,40.5 кв.м
26-12-030710-1266,60.8 кв.м
26-12-030710-1294,40.1 кв.м
26-12-030710-1172,33.7 кв.м
26-12-030710-889,41.5 кв.м
26-12-030710-1020,33.7 кв.м
26-12-030710-960,34.6 кв.м
26-12-030710-1039,34.5 кв.м
26-12-030710-1052,34.7 кв.м
26-12-030710-896,34.6 кв.м
26-12-030710-1023,72.6 кв.м
26-12-030710-823,33.5 кв.м
26-12-030710-1058,34.8 кв.м
26-12-030710-850,56.5 кв.м
26-12-030710-923,34.7 кв.м
26-12-030710-934,33.6 кв.м
26-12-030710-1087,70.4 кв.м
26-12-030710-935,40.8 кв.м
26-12-030710-981,40.3 кв.м
26-12-030710-985,57.9 кв.м
26-12-030710-877,41.3 кв.м
26-12-030710-860,34.6 кв.м
26-12-030710-828,56.4 кв.м
26-12-030710-822,70.5 кв.м
26-12-030710-909,33.6 кв.м
26-12-030710-878,41.4 кв.м
26-12-030710-839,57.5 кв.м
26-12-030710-914,33.6 кв.м
26-12-030710-984,40.7 кв.м
26-12-030710-933,56.8 кв.м
26-12-030710-964,33.7 кв.м
26-12-030710-835,33.2 кв.м
26-12-030710-1094,40.8 кв.м
26-12-030710-986,40.6 кв.м
26-12-030710-1008,57 кв.м
26-12-030710-950,41.3 кв.м
26-12-030710-941,33.6 кв.м
26-12-030710-901,33.7 кв.м
26-12-030710-894,40.5 кв.м
26-12-030710-929,70.5 кв.м
26-12-030710-954,40.8 кв.м
26-12-030710-1013,40.5 кв.м
26-12-030710-982,33.5 кв.м
26-12-030710-865,33.6 кв.м
26-12-030710-1084,56.8 кв.м
26-12-030710-848,56.6 кв.м
26-12-030710-825,56.4 кв.м
26-12-030710-814,56.9 кв.м
26-12-030710-961,40.3 кв.м
26-12-030710-1035,40.9 кв.м
26-12-030710-976,40.7 кв.м
26-12-030710-913,33.7 кв.м
26-12-030710-998,70.7 кв.м
26-12-030710-972,33.7 кв.м
26-12-030710-911,33.6 кв.м
26-12-030710-1044,41.5 кв.м
26-12-030710-903,43.7 кв.м
26-12-030710-886,56.8 кв.м
26-12-030710-854,56.9 кв.м
26-12-030710-892,56.4 кв.м
26-12-030710-871,33.6 кв.м
26-12-030710-930,33.7 кв.м
26-12-030710-1088,40.8 кв.м
26-12-030710-888,40.7 кв.м
26-12-030710-847,33.6 кв.м
26-12-030710-1032,34 кв.м
26-12-030710-973,40.7 кв.м
26-12-030710-1036,33.8 кв.м
26-12-030710-1051,33.6 кв.м
26-12-030710-827,40.6 кв.м
26-12-030710-1089,70.6 кв.м
26-12-030710-921,56.3 кв.м
26-12-030710-1073,40.5 кв.м
26-12-030710-1072,40.4 кв.м
26-12-030710-1091,41.6 кв.м
26-12-030710-1049,33.8 кв.м
26-12-030710-881,40.7 кв.м
26-12-030710-924,33.6 кв.м
26-12-030710-853,33.6 кв.м
26-12-030710-1029,56.8 кв.м
26-12-030710-826,33.6 кв.м
26-12-030710-1024,33.6 кв.м
26-12-030710-859,56.3 кв.м
26-12-030710-837,41.5 кв.м
26-12-030710-1026,33.6 кв.м
26-12-030710-879,33.8 кв.м
26-12-030710-1042,33.8 кв.м
26-12-030710-845,40.7 кв.м
26-12-030710-1028,33.6 кв.м
26-12-030710-883,70.8 кв.м
26-12-030710-902,40.8 кв.м
26-12-030710-957,56.6 кв.м
26-12-030710-953,40.6 кв.м
26-12-030710-949,40.5 кв.м
26-12-030710-1037,55.7 кв.м
26-12-030710-858,41.3 кв.м
26-12-030710-955,40.5 кв.м
26-12-030710-997,33.4 кв.м
26-12-030710-1015,56.1 кв.м
26-12-030710-882,56.7 кв.м
26-12-030710-855,33.6 кв.м
26-12-030710-1050,33.6 кв.м
26-12-030710-990,70.7 кв.м
26-12-030710-833,33.6 кв.м
26-12-030710-994,33.5 кв.м
26-12-030710-1064,55.7 кв.м
26-12-030710-1062,33.7 кв.м
26-12-030710-843,33.6 кв.м
26-12-030710-873,40.4 кв.м
26-12-030710-1059,41.2 кв.м
26-12-030710-959,56.7 кв.м
26-12-030710-1005,71.2 кв.м
26-12-030710-1022,40.7 кв.м
26-12-030710-907,40.3 кв.м
26-12-030710-1081,33.7 кв.м
26-12-030710-849,40.7 кв.м
26-12-030710-868,55.6 кв.м
26-12-030710-1063,56.7 кв.м
26-12-030710-831,33.7 кв.м
26-12-030710-870,56.6 кв.м
26-12-030710-1078,41.4 кв.м
26-12-030710-993,40.4 кв.м
26-12-030710-965,40.5 кв.м
26-12-030710-1038,40.7 кв.м
26-12-030710-1003,70.6 кв.м
26-12-030710-980,39.8 кв.м
26-12-030710-971,40.7 кв.м
26-12-030710-1046,33.6 кв.м
26-12-030710-938,40.6 кв.м
26-12-030710-1034,56.4 кв.м
26-12-030710-906,33.5 кв.м
26-12-030710-1000,33.7 кв.м
26-12-030710-969,33.6 кв.м
26-12-030710-1074,33.6 кв.м
26-12-030710-884,56.5 кв.м
26-12-030710-966,41.3 кв.м
26-12-030710-974,40.7 кв.м
26-12-030710-1080,70.6 кв.м
26-12-030710-863,33.6 кв.м
26-12-030710-1030,33.6 кв.м
26-12-030710-834,33.4 кв.м
26-12-030710-1043,40.5 кв.м
26-12-030710-1009,40.6 кв.м
26-12-030710-1068,33.5 кв.м
26-12-030710-813,56.8 кв.м
26-12-030710-915,40.2 кв.м
26-12-030710-851,40.9 кв.м
26-12-030710-963,33.6 кв.м
26-12-030710-820,56 кв.м
26-12-030710-951,33.8 кв.м
26-12-030710-1065,56.7 кв.м
26-12-030710-842,56.5 кв.м
26-12-030710-1011,33.8 кв.м
26-12-030710-922,41.5 кв.м
26-12-030710-988,55.3 кв.м
26-12-030710-836,70.7 кв.м
26-12-030710-1010,40.8 кв.м
26-12-030710-1002,40.3 кв.м
26-12-030710-936,56 кв.м
26-12-030710-1041,33.5 кв.м
26-12-030710-1071,33.6 кв.м
26-12-030710-1004,56.8 кв.м
26-12-030710-992,33.2 кв.м
26-12-030710-875,40.7 кв.м
26-12-030710-829,33.5 кв.м
26-12-030710-1077,40.6 кв.м
26-12-030710-912,41.4 кв.м
26-12-030710-977,56.8 кв.м
26-12-030710-830,33.4 кв.м
26-12-030710-920,33.6 кв.м
26-12-030710-1017,33.5 кв.м
26-12-030710-817,33.6 кв.м
26-12-030710-932,40.6 кв.м
26-12-030710-821,40.1 кв.м
26-12-030710-815,70.8 кв.м
26-12-030710-899,40.6 кв.м
26-12-030710-857,55.8 кв.м
26-12-030710-1093,40.7 кв.м
26-12-030710-926,56.4 кв.м
26-12-030710-1045,33.6 кв.м
26-12-030710-861,33.6 кв.м
26-12-030710-1057,40.6 кв.м
26-12-030710-895,33.6 кв.м
26-12-030710-910,33.5 кв.м
26-12-030710-908,40.7 кв.м
26-12-030710-979,41.1 кв.м
26-12-030710-844,40 кв.м
26-12-030710-931,56 кв.м
26-12-030710-1095,56.2 кв.м
26-12-030710-999,33.4 кв.м
26-12-030710-942,70.5 кв.м
26-12-030710-1055,56.6 кв.м
26-12-030710-852,40.4 кв.м
26-12-030710-887,33.6 кв.м
26-12-030710-900,33.5 кв.м
26-12-030710-1014,41.4 кв.м
26-12-030710-944,40.6 кв.м
26-12-030710-952,33.4 кв.м
26-12-030710-880,70.8 кв.м
26-12-030710-987,33.1 кв.м
26-12-030710-1083,33.6 кв.м
26-12-030710-898,40.5 кв.м
26-12-030710-1069,40.2 кв.м
26-12-030710-1047,56.6 кв.м
26-12-030710-940,40.5 кв.м
26-12-030710-1048,56.7 кв.м
26-12-030710-1070,56.2 кв.м
26-12-030710-945,33.6 кв.м
26-12-030710-975,33.8 кв.м
26-12-030710-916,41.3 кв.м
26-12-030710-956,33.5 кв.м
26-12-030710-939,40.5 кв.м
26-12-030710-1040,70.5 кв.м
26-12-030710-917,33.7 кв.м
26-12-030710-824,56.8 кв.м
26-12-030710-1001,33.7 кв.м
26-12-030710-864,40.7 кв.м
26-12-030710-967,40.8 кв.м
26-12-030710-680,72.6 кв.м
26-12-030710-970,55.5 кв.м
26-12-030710-968,33.5 кв.м
26-12-030710-996,56.7 кв.м
26-12-030710-948,40.2 кв.м
26-12-030710-556,57.7 кв.м
26-12-030710-1056,33.7 кв.м
26-12-030710-800,42.3 кв.м
26-12-030710-679,41.8 кв.м
26-12-030710-765,34.7 кв.м
26-12-030710-761,34.7 кв.м
26-12-030710-617,34.6 кв.м
26-12-030710-692,41.6 кв.м
26-12-030710-571,40.5 кв.м
26-12-030710-685,56.6 кв.м
26-12-030710-657,33.4 кв.м
26-12-030710-529,40.4 кв.м
26-12-030710-749,57.9 кв.м
26-12-030710-629,58 кв.м
26-12-030710-548,40.6 кв.м
26-12-030710-766,37.8 кв.м
26-12-030710-802,41.3 кв.м
26-12-030710-767,33.5 кв.м
26-12-030710-552,34.7 кв.м
26-12-030710-774,70.9 кв.м
26-12-030710-577,56.6 кв.м
26-12-030710-754,56.5 кв.м
26-12-030710-659,41.3 кв.м
26-12-030710-712,33.7 кв.м
26-12-030710-609,70.9 кв.м
26-12-030710-633,33.5 кв.м
26-12-030710-642,33.7 кв.м
26-12-030710-732,40.1 кв.м
26-12-030710-740,40.6 кв.м
26-12-030710-614,33.5 кв.м
26-12-030710-558,56.7 кв.м
26-12-030710-693,70.7 кв.м
26-12-030710-794,40.4 кв.м
26-12-030710-533,56.8 кв.м
26-12-030710-696,40.6 кв.м
26-12-030710-727,56.4 кв.м
26-12-030710-695,33.8 кв.м
26-12-030710-537,40.6 кв.м
26-12-030710-663,33.5 кв.м
26-12-030710-637,33.7 кв.м
26-12-030710-567,40.4 кв.м
26-12-030710-551,33.7 кв.м
26-12-030710-741,41.1 кв.м
26-12-030710-687,55.9 кв.м
26-12-030710-750,40.2 кв.м
26-12-030710-683,33.7 кв.м
26-12-030710-805,40.7 кв.м
26-12-030710-606,40.8 кв.м
26-12-030710-613,33.6 кв.м
26-12-030710-584,33.5 кв.м
26-12-030710-723,55.7 кв.м
26-12-030710-788,40.5 кв.м
26-12-030710-719,33.6 кв.м
26-12-030710-623,40.9 кв.м
26-12-030710-650,40.6 кв.м
26-12-030710-746,40.5 кв.м
26-12-030710-596,33.6 кв.м
26-12-030710-771,70.8 кв.м
26-12-030710-798,56.7 кв.м
26-12-030710-666,56.6 кв.м
26-12-030710-776,33.6 кв.м
26-12-030710-720,56.9 кв.м
26-12-030710-707,40.8 кв.м
26-12-030710-585,33.5 кв.м
26-12-030710-653,33.8 кв.м
26-12-030710-595,33.6 кв.м
26-12-030710-808,55.9 кв.м
26-12-030710-654,56.2 кв.м
26-12-030710-783,41.3 кв.м
26-12-030710-646,40.8 кв.м
26-12-030710-708,56.2 кв.м
26-12-030710-807,33.6 кв.м
26-12-030710-665,33.7 кв.м
26-12-030710-545,70.8 кв.м
26-12-030710-716,40.8 кв.м
26-12-030710-759,33.7 кв.м
26-12-030710-753,40.8 кв.м
26-12-030710-799,40.4 кв.м
26-12-030710-576,33.5 кв.м
26-12-030710-569,40.6 кв.м
26-12-030710-632,70.7 кв.м
26-12-030710-778,33.7 кв.м
26-12-030710-536,41.2 кв.м
26-12-030710-675,33.7 кв.м
26-12-030710-560,41 кв.м
26-12-030710-660,56.6 кв.м
26-12-030710-542,40.1 кв.м
26-12-030710-578,56.5 кв.м
26-12-030710-638,41 кв.м
26-12-030710-760,33.6 кв.м
26-12-030710-757,33.8 кв.м
26-12-030710-572,70.6 кв.м
26-12-030710-656,33.6 кв.м
26-12-030710-764,33.8 кв.м
26-12-030710-790,40.8 кв.м
26-12-030710-607,56.6 кв.м
26-12-030710-539,33.6 кв.м
26-12-030710-573,40.6 кв.м
26-12-030710-758,33.9 кв.м
26-12-030710-789,56.6 кв.м
26-12-030710-684,41.2 кв.м
26-12-030710-648,33.9 кв.м
26-12-030710-756,40.5 кв.м
26-12-030710-643,40.5 кв.м
26-12-030710-627,40.8 кв.м
26-12-030710-755,56.2 кв.м
26-12-030710-603,33.5 кв.м
26-12-030710-791,70.7 кв.м
26-12-030710-672,55.7 кв.м
26-12-030710-586,56.6 кв.м
26-12-030710-639,33.7 кв.м
26-12-030710-734,33.7 кв.м
26-12-030710-645,33.6 кв.м
26-12-030710-730,40.7 кв.м
26-12-030710-635,33.6 кв.м
26-12-030710-736,33.6 кв.м
26-12-030710-775,40.7 кв.м
26-12-030710-703,41.4 кв.м
26-12-030710-589,56.6 кв.м
26-12-030710-544,33.5 кв.м
26-12-030710-763,40.5 кв.м
26-12-030710-644,33.6 кв.м
26-12-030710-565,56.5 кв.м
26-12-030710-528,56.8 кв.м
26-12-030710-588,55.9 кв.м
26-12-030710-769,40.4 кв.м
26-12-030710-742,44.9 кв.м
26-12-030710-631,33.8 кв.м
26-12-030710-688,55.9 кв.м
26-12-030710-622,33.7 кв.м
26-12-030710-772,40.6 кв.м
26-12-030710-673,70.6 кв.м
26-12-030710-728,40.4 кв.м
26-12-030710-661,33.5 кв.м
26-12-030710-531,40.6 кв.м
26-12-030710-590,33.6 кв.м
26-12-030710-559,34 кв.м
26-12-030710-770,70.8 кв.м
26-12-030710-599,41.1 кв.м
26-12-030710-564,56 кв.м
26-12-030710-809,40.5 кв.м
26-12-030710-751,57 кв.м
26-12-030710-700,40.7 кв.м
26-12-030710-620,40.4 кв.м
26-12-030710-670,55.8 кв.м
26-12-030710-591,33.6 кв.м
26-12-030710-782,57 кв.м
26-12-030710-604,40.2 кв.м
26-12-030710-527,41.2 кв.м
26-12-030710-580,33.4 кв.м
26-12-030710-780,56.5 кв.м
26-12-030710-714,70.6 кв.м
26-12-030710-784,33.4 кв.м
26-12-030710-619,40 кв.м
26-12-030710-538,40.6 кв.м
26-12-030710-553,33.6 кв.м
26-12-030710-768,56.7 кв.м
26-12-030710-678,55.7 кв.м
26-12-030710-668,33.7 кв.м
26-12-030710-773,33.7 кв.м
26-12-030710-549,33.6 кв.м
26-12-030710-779,33.7 кв.м
26-12-030710-543,40.8 кв.м
26-12-030710-690,55.2 кв.м
26-12-030710-793,33.5 кв.м
26-12-030710-711,33.5 кв.м
26-12-030710-624,40.7 кв.м
26-12-030710-636,40.6 кв.м
26-12-030710-777,33.4 кв.м
26-12-030710-612,33.7 кв.м
26-12-030710-581,41.2 кв.м
26-12-030710-554,56.8 кв.м
26-12-030710-598,33.5 кв.м
26-12-030710-806,33.7 кв.м
26-12-030710-587,40.5 кв.м
26-12-030710-804,33.8 кв.м
26-12-030710-701,33.5 кв.м
26-12-030710-706,33.8 кв.м
26-12-030710-583,40.6 кв.м
26-12-030710-697,40.4 кв.м
26-12-030710-557,40.5 кв.м
26-12-030710-713,40.5 кв.м
26-12-030710-640,40.7 кв.м
26-12-030710-699,40.1 кв.м
26-12-030710-555,55.9 кв.м
26-12-030710-562,56.5 кв.м
26-12-030710-655,56.5 кв.м
26-12-030710-649,70.8 кв.м
26-12-030710-698,33.7 кв.м
26-12-030710-748,33.5 кв.м
26-12-030710-737,70.9 кв.м
26-12-030710-797,40.6 кв.м
26-12-030710-647,33.6 кв.м
26-12-030710-575,40.7 кв.м
26-12-030710-605,56.8 кв.м
26-12-030710-709,56.1 кв.м
26-12-030710-579,70.4 кв.м
26-12-030710-594,33.6 кв.м
26-12-030710-745,33.5 кв.м
26-12-030710-739,40.6 кв.м
26-12-030710-721,55.4 кв.м
26-12-030710-682,33.5 кв.м
26-12-030710-731,40.1 кв.м
26-12-030710-652,70.7 кв.м
26-12-030710-785,41 кв.м
26-12-030710-722,40.9 кв.м
26-12-030710-593,40.6 кв.м
26-12-030710-677,56.5 кв.м
26-12-030710-634,56.8 кв.м
26-12-030710-616,33.3 кв.м
26-12-030710-541,40.3 кв.м
26-12-030710-532,40 кв.м
26-12-030710-570,40.4 кв.м
26-12-030710-535,33.5 кв.м
26-12-030710-600,33.9 кв.м
26-12-030710-729,41.1 кв.м
26-12-030710-694,33.6 кв.м
26-12-030710-787,124.3 кв.м
26-12-030710-810,56.7 кв.м
26-12-030710-628,33.5 кв.м
26-12-030710-662,35.4 кв.м
26-12-030710-651,33.6 кв.м
26-12-030710-689,60.3 кв.м
26-12-030710-691,160.2 кв.м
26-12-030710-796,33.4 кв.м
26-12-030710-738,35.3 кв.м
26-12-030710-718,35.7 кв.м
26-12-030710-801,15.3 кв.м
26-12-030710-592,35.4 кв.м
26-12-030710-664,32.7 кв.м
26-12-030710-710,64.5 кв.м
26-12-030710-597,19.5 кв.м
26-12-030710-550,15.3 кв.м
26-12-030710-786,15.3 кв.м
26-12-030710-724,19.9 кв.м
26-12-030710-715,35.3 кв.м
26-12-030710-610,19.7 кв.м
26-12-030710-781,15.3 кв.м
26-12-030710-530,15.3 кв.м
26-12-030710-803,19.4 кв.м
26-12-030710-702,15.3 кв.м
26-12-030710-641,19.4 кв.м
26-12-030710-674,15.3 кв.м
26-12-030710-602,15.3 кв.м
26-12-030710-630,15.3 кв.м
26-12-030710-671,15.3 кв.м
26-12-030710-611,15.3 кв.м
26-12-030710-744,19.1 кв.м
26-12-030710-563,15.3 кв.м
26-12-030710-582,15.3 кв.м
26-12-030710-547,19.4 кв.м
26-12-030710-574,15.3 кв.м
26-12-030710-717,15.3 кв.м
26-12-030710-726,15.3 кв.м
26-12-030710-658,15.3 кв.м
26-12-030710-725,15.3 кв.м
26-12-030710-795,15.3 кв.м
26-12-030710-626,15.3 кв.м
26-12-030710-534,15.3 кв.м
26-12-030710-546,15.3 кв.м
26-12-030710-618,15.3 кв.м
26-12-030710-676,15.3 кв.м
26-12-030710-792,15.3 кв.м
26-12-030710-733,15.3 кв.м
26-12-030710-735,15.3 кв.м
26-12-030710-601,15.3 кв.м
26-12-030710-681,15.3 кв.м
26-12-030710-704,15.3 кв.м
26-12-030710-561,15.3 кв.м
26-12-030710-566,15.3 кв.м
26-12-030710-669,15.3 кв.м
26-12-030710-686,15.3 кв.м
26-12-030710-621,15.3 кв.м
26-12-030710-762,15.3 кв.м
26-12-030710-667,15.3 кв.м
26-12-030710-568,15.3 кв.м
26-12-030710-608,15.3 кв.м
26-12-030710-747,15.3 кв.м
26-12-030710-705,15.3 кв.м
26-12-030710-540,15.3 кв.м
26-12-030710-625,15.3 кв.м
26-12-030710-615,15.3 кв.м
26-12-030710-1031,39.3 кв.м
26-12-030710-1086,124.1 кв.м
26-12-030710-958,160.7 кв.м
26-12-030710-1092,71.3 кв.м
26-12-030710-752,77.4 кв.м
26-12-030710-983,70.9 кв.м
26-12-030710-1182,70.9 кв.м
26-12-030710-1054,32.9 кв.м
26-12-030710-1377,123.5 кв.м
26-12-030710-1273,159.3 кв.м
26-12-030710-1224,60 кв.м
26-12-030710-1220,71.1 кв.м
26-12-030710-812,60.9 кв.м
26-12-030710-1329,38.7 кв.м
26-12-030710-1082,60.9 кв.м
26-12-030710-1232,31.8 кв.м
26-12-030710-978,15.3 кв.м
26-12-030710-1053,15.3 кв.м
26-12-030710-1457,70.9 кв.м
26-12-030710-1407,139.5 кв.м
26-12-030710-816,19.9 кв.м
26-12-030710-1536,336 кв.м
26-12-030710-943,19.4 кв.м
26-12-030710-1596,157 кв.м
26-12-030710-991,19.4 кв.м
26-12-030710-893,15.3 кв.м
26-12-030710-1535,71 кв.м
26-12-030710-890,19.4 кв.м
26-12-030710-856,15.3 кв.м
26-12-030710-1075,19.1 кв.м
26-12-030710-872,15.3 кв.м
26-12-030710-1085,19.8 кв.м
26-12-030710-862,19.4 кв.м
26-12-030710-819,15.3 кв.м
26-12-030710-1033,15.3 кв.м
26-12-030710-989,15.3 кв.м
26-12-030710-1007,15.3 кв.м
26-12-030710-1021,15.3 кв.м
26-12-030710-897,15.3 кв.м
26-12-030710-1012,15.3 кв.м
26-12-030710-866,15.3 кв.м
26-12-030710-1025,15.3 кв.м
26-12-030710-904,15.3 кв.м
26-12-030710-869,15.3 кв.м
26-12-030710-1061,15.3 кв.м
26-12-030710-867,15.3 кв.м
26-12-030710-841,15.3 кв.м
26-12-030710-1016,15.3 кв.м
26-12-030710-1019,15.3 кв.м
26-12-030710-947,15.3 кв.м
26-12-030710-1006,15.3 кв.м
26-12-030710-1090,15.3 кв.м
26-12-030710-927,15.3 кв.м
26-12-030710-925,15.3 кв.м
26-12-030710-919,15.3 кв.м
26-12-030710-946,15.3 кв.м
26-12-030710-818,15.3 кв.м
26-12-030710-838,15.3 кв.м
26-12-030710-891,15.3 кв.м
26-12-030710-1067,15.3 кв.м
26-12-030710-876,15.3 кв.м
26-12-030710-840,15.3 кв.м
26-12-030710-846,15.3 кв.м
26-12-030710-1076,15.3 кв.м
26-12-030710-832,15.3 кв.м
26-12-030710-962,15.3 кв.м
26-12-030710-995,15.3 кв.м
26-12-030710-1108,19.2 кв.м
26-12-030710-1317,18.9 кв.м
26-12-030710-1176,15.3 кв.м
26-12-030710-874,15.3 кв.м
26-12-030710-1018,15.3 кв.м
26-12-030710-918,15.3 кв.м
26-12-030710-1079,15.3 кв.м
26-12-030710-1158,19.2 кв.м
26-12-030710-1027,15.3 кв.м
26-12-030710-1223,15.3 кв.м
26-12-030710-1115,15.3 кв.м
26-12-030710-1204,19.2 кв.м
26-12-030710-1293,19.5 кв.м
26-12-030710-1257,19.3 кв.м
26-12-030710-1363,19.7 кв.м
26-12-030710-1213,15.3 кв.м
26-12-030710-1265,15.3 кв.м
26-12-030710-1336,15.3 кв.м
26-12-030710-1358,15.3 кв.м
26-12-030710-1349,15.3 кв.м
26-12-030710-1175,15.3 кв.м
26-12-030710-1312,15.3 кв.м
26-12-030710-1117,15.3 кв.м
26-12-030710-1166,15.3 кв.м
26-12-030710-1196,15.3 кв.м
26-12-030710-1146,15.3 кв.м
26-12-030710-1362,15.3 кв.м
26-12-030710-1326,15.3 кв.м
26-12-030710-1135,15.3 кв.м
26-12-030710-1373,15.3 кв.м
26-12-030710-1271,15.3 кв.м
26-12-030710-1199,15.3 кв.м
26-12-030710-1278,15.3 кв.м
26-12-030710-1153,15.3 кв.м
26-12-030710-1130,15.3 кв.м
26-12-030710-1355,15.3 кв.м
26-12-030710-1360,15.3 кв.м
26-12-030710-1195,15.3 кв.м
26-12-030710-1320,15.3 кв.м
26-12-030710-1246,15.3 кв.м
26-12-030710-1290,15.3 кв.м
26-12-030710-1136,15.3 кв.м
26-12-030710-1353,15.3 кв.м
26-12-030710-1124,15.3 кв.м
26-12-030710-1131,15.3 кв.м
26-12-030710-1338,15.3 кв.м
26-12-030710-1316,15.3 кв.м
26-12-030710-1233,15.3 кв.м
26-12-030710-1129,15.3 кв.м
26-12-030710-1109,15.3 кв.м
26-12-030710-1100,15.3 кв.м
26-12-030710-1206,15.3 кв.м
26-12-030710-1659,4.2 кв.м
26-12-030710-1248,15.3 кв.м
26-12-030710-1343,15.3 кв.м
26-12-030710-1111,15.3 кв.м
26-12-030710-1654,4.7 кв.м
26-12-030710-1382,4.2 кв.м
26-12-030710-1138,15.3 кв.м
26-12-030710-1616,4.7 кв.м
26-12-030710-1586,4.2 кв.м
26-12-030710-1413,4.2 кв.м
26-12-030710-1452,4.2 кв.м
26-12-030710-1408,4.3 кв.м
26-12-030710-1612,4.2 кв.м
26-12-030710-1518,4.2 кв.м
26-12-030710-1583,4.2 кв.м
26-12-030710-1649,4.2 кв.м
26-12-030710-1524,4.2 кв.м
26-12-030710-1402,4.3 кв.м
26-12-030710-1532,56.6 кв.м
26-12-030710-1391,19.9 кв.м
26-12-030710-1556,4.2 кв.м
26-12-030710-1592,20.1 кв.м
26-12-030710-1491,4.2 кв.м
26-12-030710-1573,4.2 кв.м
26-12-030710-1555,4.2 кв.м
26-12-030710-1456,7.1 кв.м
26-12-030710-1656,4.2 кв.м
26-12-030710-1618,4.2 кв.м
26-12-030710-1416,20.2 кв.м
26-12-030710-1385,18.4 кв.м
26-12-030710-1553,20.5 кв.м
26-12-030710-1471,20.2 кв.м
26-12-030710-1657,4.2 кв.м
26-12-030710-1521,36.3 кв.м
26-12-030710-1541,20.4 кв.м
26-12-030710-1608,36.9 кв.м
26-12-030710-1638,18.3 кв.м
26-12-030710-1604,36.3 кв.м
26-12-030710-1463,36.3 кв.м
26-12-030710-1576,17.6 кв.м
26-12-030710-1455,17.7 кв.м
26-12-030710-2441,81.5 кв.м
26-12-030710-1520,37.3 кв.м
26-12-030710-1595,36.7 кв.м
26-12-030710-1647,17.5 кв.м
26-12-030710-1504,17.4 кв.м
26-12-030710-2440,20718.3 кв.м
26-12-030710-1481,17.5 кв.м
26-12-030710-1554,18.9 кв.м
26-12-030710-2452,40.6 кв.м
26-12-030710-1414,18 кв.м
26-12-030710-2442,40.7 кв.м
26-12-030710-1551,17.6 кв.м
26-12-030710-2444,39 кв.м
26-12-030710-1420,17.6 кв.м
26-12-030710-2450,80.3 кв.м
26-12-030710-2445,39 кв.м
26-12-030710-1470,17.5 кв.м
26-12-030710-2448,40.6 кв.м
26-12-030710-2451,40.8 кв.м
26-12-030710-2446,65.7 кв.м
26-12-030710-2443,106.9 кв.м
26-12-030710-2456,65.5 кв.м
26-12-030710-2469,81.4 кв.м
26-12-030710-2468,40.6 кв.м
26-12-030710-2454,39 кв.м
26-12-030710-2457,40.8 кв.м
26-12-030710-2447,40.8 кв.м
26-12-030710-2463,65.3 кв.м
26-12-030710-2449,81.5 кв.м
26-12-030710-2464,39 кв.м
26-12-030710-2460,80.6 кв.м
26-12-030710-2453,65.6 кв.м
26-12-030710-2462,40.9 кв.м
26-12-030710-2466,65.6 кв.м
26-12-030710-2455,38.8 кв.м
26-12-030710-2458,40.7 кв.м
26-12-030710-2461,40.7 кв.м
26-12-030710-2478,40.7 кв.м
26-12-030710-2459,81.4 кв.м
26-12-030710-2467,40.9 кв.м
26-12-030710-2471,40.8 кв.м
26-12-030710-2465,39.2 кв.м
26-12-030710-2476,65.3 кв.м
26-12-030710-2479,81.3 кв.м
26-12-030710-2493,65.5 кв.м
26-12-030710-2475,39.1 кв.м
26-12-030710-2473,65.1 кв.м
26-12-030710-2487,40.8 кв.м
26-12-030710-2472,40.8 кв.м
26-12-030710-2470,80.6 кв.м
26-12-030710-2477,40.8 кв.м
26-12-030710-2480,80.6 кв.м
26-12-030710-2474,38.9 кв.м
26-12-030710-2488,40.8 кв.м
26-12-030710-2491,40.7 кв.м
26-12-030710-2483,65.4 кв.м
26-12-030710-2481,40.7 кв.м
26-12-030710-2494,39 кв.м
26-12-030710-2485,38.8 кв.м
26-12-030710-2482,40.7 кв.м
26-12-030710-2489,81.7 кв.м
26-12-030710-2486,65.3 кв.м
26-12-030710-2495,38.9 кв.м
26-12-030710-2492,40.9 кв.м
26-12-030710-2490,80.9 кв.м
26-12-030710-2496,65.4 кв.м
26-12-030710-2502,40.8 кв.м
26-12-030710-2509,81.6 кв.м
26-12-030710-2498,40.8 кв.м
26-12-030710-2504,39 кв.м
26-12-030710-2484,39 кв.м
26-12-030710-2501,40.7 кв.м
26-12-030710-2499,81.6 кв.м
26-12-030710-2500,65.5 кв.м
26-12-030710-2506,80.4 кв.м
26-12-030710-2497,40.7 кв.м
26-12-030710-2505,39.1 кв.м
26-12-030710-2507,40.7 кв.м
26-12-030710-2517,40.7 кв.м
26-12-030710-2510,80.4 кв.м
26-12-030710-2516,65.3 кв.м
26-12-030710-2514,38.4 кв.м
26-12-030710-2508,40.9 кв.м
26-12-030710-2503,65.3 кв.м
26-12-030710-2525,38.8 кв.м
26-12-030710-2512,40.8 кв.м
26-12-030710-2511,40.7 кв.м
26-12-030710-2518,40.7 кв.м
26-12-030710-2513,65.3 кв.м
26-12-030710-2515,39.1 кв.м
26-12-030710-2520,80.5 кв.м
26-12-030710-2534,38.9 кв.м
26-12-030710-2529,81.4 кв.м
26-12-030710-2521,40.6 кв.м
26-12-030710-2532,40.6 кв.м
26-12-030710-2533,65.4 кв.м
26-12-030710-2527,40.8 кв.м
26-12-030710-2524,38.9 кв.м
26-12-030710-2526,65.2 кв.м
26-12-030710-2522,40.8 кв.м
26-12-030710-2523,65.4 кв.м
26-12-030710-2531,45.6 кв.м
26-12-030710-2519,81.2 кв.м
26-12-030710-2528,40.8 кв.м
26-12-030710-2547,40.7 кв.м
26-12-030710-2535,38.8 кв.м
26-12-030710-2530,80.1 кв.м
26-12-030710-2541,40.6 кв.м
26-12-030710-2545,38.9 кв.м
26-12-030710-2537,40.9 кв.м
26-12-030710-2544,38.9 кв.м
26-12-030710-2539,81.6 кв.м
26-12-030710-2540,80.5 кв.м
26-12-030710-2551,40.6 кв.м
26-12-030710-2550,80.1 кв.м
26-12-030710-2543,65.2 кв.м
26-12-030710-2548,40.7 кв.м
26-12-030710-2552,40.7 кв.м
26-12-030710-2546,65.8 кв.м
26-12-030710-2554,38.9 кв.м
26-12-030710-2538,40.8 кв.м
26-12-030710-2542,40.7 кв.м
26-12-030710-2536,65.2 кв.м
26-12-030710-2549,81.5 кв.м
26-12-030710-2555,38.9 кв.м
26-12-030710-2560,80.3 кв.м
26-12-030710-2553,65.1 кв.м
26-12-030710-2565,39 кв.м
26-12-030710-2564,39.2 кв.м
26-12-030710-2569,81.1 кв.м
26-12-030710-2556,65 кв.м
26-12-030710-2557,40.8 кв.м
26-12-030710-2563,64.9 кв.м
26-12-030710-2567,41.1 кв.м
26-12-030710-2559,81.3 кв.м
26-12-030710-2561,40.8 кв.м
26-12-030710-2571,40.9 кв.м
26-12-030710-2558,40.7 кв.м
26-12-030710-2562,41 кв.м
26-12-030710-2568,40.9 кв.м
26-12-030710-2566,64.9 кв.м
26-12-030710-2573,65 кв.м
26-12-030710-2570,79.8 кв.м
26-12-030710-2584,38.7 кв.м
26-12-030710-2575,38.3 кв.м
26-12-030710-2574,38.6 кв.м
26-12-030710-2580,80.1 кв.м
26-12-030710-2577,40.6 кв.м
26-12-030710-2583,65 кв.м
26-12-030710-2586,65.1 кв.м
26-12-030710-2589,81.3 кв.м
26-12-030710-2572,40.8 кв.м
26-12-030710-2578,40.8 кв.м
26-12-030710-2579,81.4 кв.м
26-12-030710-2576,65.1 кв.м
26-12-030710-2590,80.1 кв.м
26-12-030710-2581,40.9 кв.м
26-12-030710-2587,40.7 кв.м
26-12-030710-2588,40.8 кв.м
26-12-030710-2585,38.2 кв.м
26-12-030710-2591,40.9 кв.м
26-12-030710-2582,40.8 кв.м
26-12-030710-2592,105.8 кв.м
26-12-030710-2595,65.3 кв.м
26-12-030710-2596,41 кв.м
26-12-030710-2599,80.2 кв.м
26-12-030710-2593,38.9 кв.м
26-12-030710-2594,38.7 кв.м
26-12-030710-2597,40.8 кв.м
26-12-030710-2598,81.4 кв.м
26-12-030710-2600,41.4 кв.м
26-12-030710-2607,81.6 кв.м
26-12-030710-2604,64.7 кв.м
26-12-030710-2601,105.6 кв.м
26-12-030710-2606,40.7 кв.м
26-12-030710-2609,41 кв.м
26-12-030710-2603,38.9 кв.м
26-12-030710-2605,40.8 кв.м
26-12-030710-2612,38.8 кв.м
26-12-030710-2610,105.8 кв.м
26-12-030710-2602,38.9 кв.м
26-12-030710-2619,105.9 кв.м
26-12-030710-2618,40.8 кв.м
26-12-030710-2608,80.2 кв.м
26-12-030710-2616,81.1 кв.м
26-12-030710-2617,80 кв.м
26-12-030710-2614,41 кв.м
26-12-030710-2613,64.6 кв.м
26-12-030710-2611,39.1 кв.м
26-12-030710-2615,40.8 кв.м
26-12-030710-2623,40.8 кв.м
26-12-030710-2621,38.8 кв.м
26-12-030710-2625,81.2 кв.м
26-12-030710-2620,38.8 кв.м
26-12-030710-2964,"107,7 кв.м"
26-12-030710-2624,40.6 кв.м
26-12-030710-2626,79.7 кв.м
26-12-030710-2632,40.7 кв.м
26-12-030710-2633,40.7 кв.м
26-12-030710-2630,39 кв.м
26-12-030710-2622,65.1 кв.м
26-12-030710-2640,65.3 кв.м
26-12-030710-2635,80 кв.м
26-12-030710-2627,40.9 кв.м
26-12-030710-2634,81.4 кв.м
26-12-030710-2631,65.2 кв.м
26-12-030710-2629,38.8 кв.м
26-12-030710-2638,38.8 кв.м
26-12-030710-2628,105.7 кв.м
26-12-030710-2639,38.9 кв.м
26-12-030710-2636,40.9 кв.м
26-12-030710-2642,40.9 кв.м
26-12-030710-2651,57.8 кв.м
26-12-030710-2643,81.8 кв.м
26-12-030710-2655,64.4 кв.м
26-12-030710-2641,40.9 кв.м
26-12-030710-2667,6 кв.м
26-12-030710-2652,64.6 кв.м
26-12-030710-2637,106.1 кв.м
26-12-030710-2653,57.9 кв.м
26-12-030710-2657,95.5 кв.м
26-12-030710-2654,57.9 кв.м
26-12-030710-2649,4.4 кв.м
26-12-030710-2671,9.5 кв.м
26-12-030710-2663,5.7 кв.м
26-12-030710-2664,4.7 кв.м
26-12-030710-2662,5.6 кв.м
26-12-030710-2658,90.1 кв.м
26-12-030710-2670,5.1 кв.м
26-12-030710-2647,6.5 кв.м
26-12-030710-2666,4.9 кв.м
26-12-030710-2665,4.8 кв.м
26-12-030710-2650,848.3 кв.м
26-12-030710-2672,18.3 кв.м
26-12-030710-2669,3.8 кв.м
26-12-030710-2659,96.6 кв.м
26-12-030710-2648,4.3 кв.м
26-12-030710-2713,4 кв.м
26-12-030710-2668,5.6 кв.м
26-12-030710-2678,18.3 кв.м
26-12-030710-2674,20.6 кв.м
26-12-030710-2660,112.6 кв.м
26-12-030710-2676,18.3 кв.м
26-12-030710-2677,18.3 кв.м
26-12-030710-2953,771.3 кв.м
26-12-030710-2714,9 кв.м
26-12-030710-2646,81.4 кв.м
26-12-030710-2680,19.9 кв.м
26-12-030710-2688,15.1 кв.м
26-12-030710-2675,20.6 кв.м
26-12-030710-2645,81.7 кв.м
26-12-030710-2682,14.9 кв.м
26-12-030710-2679,18.3 кв.м
26-12-030710-2684,14.9 кв.м
26-12-030710-2673,18.3 кв.м
26-12-030710-2683,14.9 кв.м
26-12-030710-2696,15.1 кв.м
26-12-030710-2695,15.1 кв.м
26-12-030710-2685,14.9 кв.м
26-12-030710-2690,15.1 кв.м
26-12-030710-2687,15.1 кв.м
26-12-030710-2692,15.1 кв.м
26-12-030710-2694,15.1 кв.м
26-12-030710-2686,15.1 кв.м
26-12-030710-2693,15.1 кв.м
26-12-030710-2691,15.1 кв.м
26-12-030710-2702,21.6 кв.м
26-12-030710-2689,15.1 кв.м
26-12-030710-2707,14.8 кв.м
26-12-030710-2698,19.8 кв.м
26-12-030710-2700,19.8 кв.м
26-12-030710-2701,19.8 кв.м
26-12-030710-2710,14.8 кв.м
26-12-030710-2709,14.8 кв.м
26-12-030710-2704,20.4 кв.м
26-12-030710-2703,20.4 кв.м
26-12-030710-2697,40.4 кв.м
26-12-030710-2711,14.8 кв.м
26-12-030710-2706,15.9 кв.м
26-12-030710-2699,19.8 кв.м
26-12-030710-2708,14.8 кв.м
26-12-030710-2705,15.9 кв.м
26-12-030710-2952,88.4 кв.м
26-12-030710-2741,58.7 кв.м
26-12-030710-2742,81.2 кв.м
26-12-030710-2743,8 кв.м
26-12-030710-1924,40.1 кв.м
26-12-030710-2712,35.4 кв.м
26-12-030710-2069,71.3 кв.м
26-12-030710-2954,209.2 кв.м
26-12-030710-1827,38.9 кв.м
26-12-030710-1948,79.6 кв.м
26-12-030710-1785,41.5 кв.м
26-12-030710-1665,22921.3 кв.м
26-12-030710-1755,78.1 кв.м
26-12-030710-2014,39.2 кв.м
26-12-030710-1704,61.6 кв.м
26-12-030710-1810,78.1 кв.м
26-12-030710-1955,69.2 кв.м
26-12-030710-2032,40.7 кв.м
26-12-030710-1864,40.1 кв.м
26-12-030710-1916,39.1 кв.м
26-12-030710-1947,39.2 кв.м
26-12-030710-2003,60.5 кв.м
26-12-030710-1873,69.1 кв.м
26-12-030710-2059,78.4 кв.м
26-12-030710-1945,69.6 кв.м
26-12-030710-1809,41 кв.м
26-12-030710-1693,39 кв.м
26-12-030710-1891,60.7 кв.м
26-12-030710-1711,38.8 кв.м
26-12-030710-1853,78.4 кв.м
26-12-030710-1871,41.1 кв.м
26-12-030710-1826,39.3 кв.м
26-12-030710-1876,40.6 кв.м
26-12-030710-1867,39.1 кв.м
26-12-030710-1912,69.4 кв.м
26-12-030710-1798,60.9 кв.м
26-12-030710-1923,70.2 кв.м
26-12-030710-1838,60.6 кв.м
26-12-030710-1697,39.4 кв.м
26-12-030710-1812,78.5 кв.м
26-12-030710-2011,40.8 кв.м
26-12-030710-1754,78.9 кв.м
26-12-030710-1761,40.7 кв.м
26-12-030710-1872,39 кв.м
26-12-030710-1775,79 кв.м
26-12-030710-1861,40.2 кв.м
26-12-030710-2054,40.2 кв.м
26-12-030710-2087,64.8 кв.м
26-12-030710-1790,60.8 кв.м
26-12-030710-1959,39.2 кв.м
26-12-030710-1736,69.5 кв.м
26-12-030710-1941,39.1 кв.м
26-12-030710-1966,39.3 кв.м
26-12-030710-1841,39.1 кв.м
26-12-030710-1804,69.9 кв.м
26-12-030710-1700,39.2 кв.м
26-12-030710-1888,61.2 кв.м
26-12-030710-1816,78.3 кв.м
26-12-030710-2057,39.3 кв.м
26-12-030710-1714,39.3 кв.м
26-12-030710-1878,40.1 кв.м
26-12-030710-2071,39.2 кв.м
26-12-030710-1677,39.1 кв.м
26-12-030710-1886,60.8 кв.м
26-12-030710-1854,69.8 кв.м
26-12-030710-1774,78.7 кв.м
26-12-030710-1984,61 кв.м
26-12-030710-2013,39 кв.м
26-12-030710-1880,60.6 кв.м
26-12-030710-1686,40.1 кв.м
26-12-030710-1910,78.4 кв.м
26-12-030710-1780,39 кв.м
26-12-030710-1815,69.6 кв.м
26-12-030710-1669,39 кв.м
26-12-030710-1666,69.2 кв.м
26-12-030710-1982,39.1 кв.м
26-12-030710-1733,78.2 кв.м
26-12-030710-1894,40.2 кв.м
26-12-030710-1820,78.7 кв.м
26-12-030710-2088,61.1 кв.м
26-12-030710-1997,78.3 кв.м
26-12-030710-1895,40.1 кв.м
26-12-030710-1942,40.2 кв.м
26-12-030710-1721,61.1 кв.м
26-12-030710-1933,69.1 кв.м
26-12-030710-1836,39.2 кв.м
26-12-030710-1702,60.9 кв.м
26-12-030710-1752,69.4 кв.м
26-12-030710-1806,40.2 кв.м
26-12-030710-2029,69.2 кв.м
26-12-030710-2024,38.8 кв.м
26-12-030710-2045,78.3 кв.м
26-12-030710-1935,39.2 кв.м
26-12-030710-1980,39 кв.м
26-12-030710-2081,38.9 кв.м
26-12-030710-2063,39.1 кв.м
26-12-030710-1946,69.4 кв.м
26-12-030710-1999,61 кв.м
26-12-030710-1887,83.4 кв.м
26-12-030710-2077,67.6 кв.м
26-12-030710-1687,38.6 кв.м
26-12-030710-2073,56.1 кв.м
26-12-030710-1802,40.1 кв.м
26-12-030710-1718,39 кв.м
26-12-030710-2030,38.9 кв.м
26-12-030710-1993,67.1 кв.м
26-12-030710-1727,44.8 кв.м
26-12-030710-1884,69.2 кв.м
26-12-030710-1701,37.7 кв.м
26-12-030710-1848,67.6 кв.м
26-12-030710-1990,61.1 кв.м
26-12-030710-1789,45.8 кв.м
26-12-030710-1694,44.7 кв.м
26-12-030710-2010,67 кв.м
26-12-030710-1902,55.9 кв.м
26-12-030710-1769,56.3 кв.м
26-12-030710-1674,38 кв.м
26-12-030710-1692,67 кв.м
26-12-030710-1743,38.2 кв.м
26-12-030710-1791,56.4 кв.м
26-12-030710-1917,67 кв.м
26-12-030710-1998,56.1 кв.м
26-12-030710-1949,56.4 кв.м
26-12-030710-1821,67 кв.м
26-12-030710-2034,37.9 кв.м
26-12-030710-1900,67.2 кв.м
26-12-030710-1762,45.2 кв.м
26-12-030710-1795,37.7 кв.м
26-12-030710-1882,37.9 кв.м
26-12-030710-1843,44.9 кв.м
26-12-030710-1967,55.8 кв.м
26-12-030710-1937,57.1 кв.м
26-12-030710-1921,56.5 кв.м
26-12-030710-1722,38.3 кв.м
26-12-030710-1819,37.8 кв.м
26-12-030710-1807,44.8 кв.м
26-12-030710-1954,37.7 кв.м
26-12-030710-1855,56.6 кв.м
26-12-030710-1845,66.2 кв.м
26-12-030710-1675,56.3 кв.м
26-12-030710-2012,37.9 кв.м
26-12-030710-1668,67.4 кв.м
26-12-030710-1963,67.1 кв.м
26-12-030710-1818,67 кв.м
26-12-030710-1844,67 кв.м
26-12-030710-1931,66.3 кв.м
26-12-030710-1897,66.8 кв.м
26-12-030710-1907,44.9 кв.м
26-12-030710-1758,44.9 кв.м
26-12-030710-1766,37.7 кв.м
26-12-030710-1951,56.9 кв.м
26-12-030710-1909,67.3 кв.м
26-12-030710-1739,66.9 кв.м
26-12-030710-1742,38.2 кв.м
26-12-030710-1960,56.5 кв.м
26-12-030710-1831,37.9 кв.м
26-12-030710-1943,44.9 кв.м
26-12-030710-1793,56.4 кв.м
26-12-030710-2065,37.9 кв.м
26-12-030710-1744,37.9 кв.м
26-12-030710-1681,44.7 кв.м
26-12-030710-2089,67.4 кв.м
26-12-030710-2022,56.4 кв.м
26-12-030710-1717,37.9 кв.м
26-12-030710-1927,56.4 кв.м
26-12-030710-1690,56.6 кв.м
26-12-030710-2053,37.7 кв.м
26-12-030710-1678,56.6 кв.м
26-12-030710-1936,37.6 кв.м
26-12-030710-1811,37.6 кв.м
26-12-030710-1870,44.7 кв.м
26-12-030710-1750,66.4 кв.м
26-12-030710-1685,67.4 кв.м
26-12-030710-1710,37.5 кв.м
26-12-030710-2026,67 кв.м
26-12-030710-1787,56.2 кв.м
26-12-030710-1858,56.2 кв.м
26-12-030710-1863,57.1 кв.м
26-12-030710-1781,66.7 кв.м
26-12-030710-2040,67.4 кв.м
26-12-030710-1778,37.7 кв.м
26-12-030710-1747,55.8 кв.м
26-12-030710-1770,44.8 кв.м
26-12-030710-1777,56.4 кв.м
26-12-030710-1720,67 кв.м
26-12-030710-1874,37.7 кв.м
26-12-030710-1773,37.6 кв.м
26-12-030710-1779,56.7 кв.м
26-12-030710-1835,37.6 кв.м
26-12-030710-2070,44.6 кв.м
26-12-030710-1763,56.4 кв.м
26-12-030710-2050,67 кв.м
26-12-030710-1757,44.6 кв.м
26-12-030710-1860,67.4 кв.м
26-12-030710-1784,66.8 кв.м
26-12-030710-1719,37.7 кв.м
26-12-030710-1932,37.8 кв.м
26-12-030710-1771,44.8 кв.м
26-12-030710-1972,67.6 кв.м
26-12-030710-1688,56.4 кв.м
26-12-030710-1822,56.5 кв.м
26-12-030710-1964,37.5 кв.м
26-12-030710-2019,44.9 кв.м
26-12-030710-1716,37.6 кв.м
26-12-030710-1792,67.2 кв.м
26-12-030710-1805,67.1 кв.м
26-12-030710-1992,60.1 кв.м
26-12-030710-1760,67.5 кв.м
26-12-030710-2047,56.2 кв.м
26-12-030710-2067,67.5 кв.м
26-12-030710-2076,60.2 кв.м
26-12-030710-1905,38 кв.м
26-12-030710-1920,40.2 кв.м
26-12-030710-2048,56.6 кв.м
26-12-030710-1904,37.9 кв.м
26-12-030710-1731,115.7 кв.м
26-12-030710-1696,38.7 кв.м
26-12-030710-2023,41.4 кв.м
26-12-030710-1899,115 кв.м
26-12-030710-2016,41.1 кв.м
26-12-030710-2064,39 кв.м
26-12-030710-1756,114.3 кв.м
26-12-030710-1989,40.9 кв.м
26-12-030710-1939,40.8 кв.м
26-12-030710-1961,59.3 кв.м
26-12-030710-1987,114.5 кв.м
26-12-030710-1699,79.7 кв.м
26-12-030710-2080,59.2 кв.м
26-12-030710-1737,78.2 кв.м
26-12-030710-2056,39.3 кв.м
26-12-030710-1691,59.5 кв.м
26-12-030710-1866,78.5 кв.м
26-12-030710-1732,78.2 кв.м
26-12-030710-1851,78.6 кв.м
26-12-030710-2043,114.5 кв.м
26-12-030710-2068,40.8 кв.м
26-12-030710-2005,114.3 кв.м
26-12-030710-1890,58.8 кв.м
26-12-030710-1738,39.1 кв.м
26-12-030710-1915,59 кв.м
26-12-030710-2046,78.4 кв.м
26-12-030710-1986,114.4 кв.м
26-12-030710-1753,59.4 кв.м
26-12-030710-1832,38.8 кв.м
26-12-030710-1672,78.9 кв.м
26-12-030710-1679,40.2 кв.м
26-12-030710-2041,78.9 кв.м
26-12-030710-1956,39.2 кв.м
26-12-030710-1962,114.6 кв.м
26-12-030710-2027,79.1 кв.м
26-12-030710-1746,114.7 кв.м
26-12-030710-1981,39.4 кв.м
26-12-030710-1768,59.4 кв.м
26-12-030710-1968,40.4 кв.м
26-12-030710-1883,59.4 кв.м
26-12-030710-2086,40.2 кв.м
26-12-030710-1837,40.5 кв.м
26-12-030710-1934,40.5 кв.м
26-12-030710-2062,39.3 кв.м
26-12-030710-1892,114.6 кв.м
26-12-030710-1922,39.1 кв.м
26-12-030710-1671,114.2 кв.м
26-12-030710-1969,59.4 кв.м
26-12-030710-1783,40.3 кв.м
26-12-030710-1834,38.7 кв.м
26-12-030710-1995,78.7 кв.м
26-12-030710-2025,78.4 кв.м
26-12-030710-1759,114.3 кв.м
26-12-030710-1840,59.4 кв.м
26-12-030710-1973,39.4 кв.м
26-12-030710-1903,58.9 кв.м
26-12-030710-1958,114.2 кв.м
26-12-030710-1914,38.9 кв.м
26-12-030710-1965,40.5 кв.м
26-12-030710-2018,40.5 кв.м
26-12-030710-1828,78.6 кв.м
26-12-030710-1994,78.5 кв.м
26-12-030710-1712,40.3 кв.м
26-12-030710-1670,59.4 кв.м
26-12-030710-2035,114.1 кв.м
26-12-030710-2082,78.9 кв.м
26-12-030710-1881,59.2 кв.м
26-12-030710-1830,39 кв.м
26-12-030710-1707,59 кв.м
26-12-030710-2060,40.6 кв.м
26-12-030710-1734,113.7 кв.м
26-12-030710-2084,39.3 кв.м
26-12-030710-1919,78.7 кв.м
26-12-030710-1842,40.1 кв.м
26-12-030710-1825,39.1 кв.м
26-12-030710-1978,54.5 кв.м
26-12-030710-1856,114.2 кв.м
26-12-030710-2061,78.1 кв.м
26-12-030710-1974,72.6 кв.м
26-12-030710-2079,59.2 кв.м
26-12-030710-2044,35.5 кв.м
26-12-030710-1803,17.1 кв.м
26-12-030710-1689,73.7 кв.м
26-12-030710-1898,17.1 кв.м
26-12-030710-1673,105.7 кв.м
26-12-030710-1800,17.1 кв.м
26-12-030710-1705,53.8 кв.м
26-12-030710-1970,61.2 кв.м
26-12-030710-1786,17.1 кв.м
26-12-030710-1796,17.1 кв.м
26-12-030710-2058,17.1 кв.м
26-12-030710-2008,17.1 кв.м
26-12-030710-2083,17.1 кв.м
26-12-030710-1944,17.1 кв.м
26-12-030710-1706,17.1 кв.м
26-12-030710-1953,17.1 кв.м
26-12-030710-1879,17.1 кв.м
26-12-030710-1885,17.1 кв.м
26-12-030710-1748,17.1 кв.м
26-12-030710-1940,17.1 кв.м
26-12-030710-2055,17.1 кв.м
26-12-030710-1869,17.1 кв.м
26-12-030710-1975,17.1 кв.м
26-12-030710-1877,17.1 кв.м
26-12-030710-2015,17.1 кв.м
26-12-030710-1680,17.1 кв.м
26-12-030710-1938,17.1 кв.м
26-12-030710-1735,17.1 кв.м
26-12-030710-2028,10.8 кв.м
26-12-030710-1726,17.1 кв.м
26-12-030710-2049,17.1 кв.м
26-12-030710-1703,17.1 кв.м
26-12-030710-1859,17.1 кв.м
26-12-030710-1682,10.6 кв.м
26-12-030710-1857,6.5 кв.м
26-12-030710-1829,10.3 кв.м
26-12-030710-2036,8.6 кв.м
26-12-030710-1715,17.1 кв.м
26-12-030710-1751,17.1 кв.м
26-12-030710-1695,10.4 кв.м
26-12-030710-1799,8.8 кв.м
26-12-030710-1991,7 кв.м
26-12-030710-1740,17.1 кв.м
26-12-030710-1875,12.3 кв.м
26-12-030710-1896,8.8 кв.м
26-12-030710-1794,2.3 кв.м
26-12-030710-1824,6.6 кв.м
26-12-030710-1772,131.3 кв.м
26-12-030710-1823,2.4 кв.м
26-12-030710-1988,6.4 кв.м
26-12-030710-1723,7.2 кв.м
26-12-030710-2039,5.6 кв.м
26-12-030710-1971,3.8 кв.м
26-12-030710-1928,8.6 кв.м
26-12-030710-1839,3.2 кв.м
26-12-030710-1918,8 кв.м
26-12-030710-1725,8.5 кв.м
26-12-030710-2033,4 кв.м
26-12-030710-1833,7.7 кв.м
26-12-030710-1741,5.8 кв.м
26-12-030710-2078,3.3 кв.м
26-12-030710-1911,2.3 кв.м
26-12-030710-1708,2.4 кв.м
26-12-030710-2020,7.4 кв.м
26-12-030710-1776,7 кв.м
26-12-030710-1813,5.6 кв.м
26-12-030710-1957,5.8 кв.м
26-12-030710-1847,3.2 кв.м
26-12-030710-1729,7.1 кв.м
26-12-030710-1852,6.7 кв.м
26-12-030710-1683,7.5 кв.м
26-12-030710-2021,7.3 кв.м
26-12-030710-2052,2.4 кв.м
26-12-030710-2075,2.3 кв.м
26-12-030710-1926,5.4 кв.м
26-12-030710-2072,3.1 кв.м
26-12-030710-1764,3.2 кв.м
26-12-030710-1908,7.7 кв.м
26-12-030710-1979,5.5 кв.м
26-12-030710-1698,3.2 кв.м
26-12-030710-2031,2.3 кв.м
26-12-030710-1849,4.8 кв.м
26-12-030710-1801,2.4 кв.м
26-12-030710-1709,3 кв.м
26-12-030710-2037,3.4 кв.м
26-12-030710-1730,13.3 кв.м
26-12-030710-1676,3.1 кв.м
26-12-030710-1906,3.2 кв.м
26-12-030710-2004,2.4 кв.м
26-12-030710-2007,9.7 кв.м
26-12-030710-1782,2.4 кв.м
26-12-030710-1765,2.3 кв.м
26-12-030710-1850,2.3 кв.м
26-12-030710-1868,2.4 кв.м
26-12-030710-1846,3.2 кв.м
26-12-030710-1862,2.4 кв.м
26-12-030710-1745,2.4 кв.м
26-12-030710-1996,2.3 кв.м
26-12-030710-2017,3.2 кв.м
26-12-030710-1713,2.4 кв.м
26-12-030710-2066,3.2 кв.м
26-12-030710-1865,2.4 кв.м
26-12-030710-1749,2.3 кв.м
26-12-030710-2051,3.2 кв.м
26-12-030710-2001,3.2 кв.м
26-12-030710-2009,2.3 кв.м
26-12-030710-1684,2.4 кв.м
26-12-030710-2038,3.2 кв.м
26-12-030710-1808,2.3 кв.м
26-12-030710-1929,2.3 кв.м
26-12-030710-1985,2.4 кв.м
26-12-030710-2074,2.4 кв.м
26-12-030710-2085,3.2 кв.м
26-12-030710-2002,2.4 кв.м
26-12-030710-2006,3.2 кв.м
26-12-030710-1950,2.3 кв.м
26-12-030710-1901,2.4 кв.м
26-12-030710-1925,3.2 кв.м
26-12-030710-1977,2.4 кв.м
26-12-030710-1952,2.4 кв.м
26-12-030710-1889,2.4 кв.м
26-12-030710-1983,3.2 кв.м
26-12-030710-2042,2.3 кв.м
26-12-030710-2000,25.5 кв.м
26-12-030707-614,36.1 кв.м
26-12-030707-602,34.6 кв.м
26-12-030710-1728,25.8 кв.м
26-12-030710-1814,26 кв.м
26-12-030710-1767,21.7 кв.м
26-12-030707-600,32.5 кв.м
26-12-030710-1797,24.4 кв.м
26-12-030707-659,45.7 кв.м
26-12-030707-618,32.5 кв.м
26-12-030707-606,36.1 кв.м
26-12-030710-1930,34.2 кв.м
26-12-030710-1893,42.3 кв.м
26-12-030710-1817,22.2 кв.м
26-12-030710-1724,23.8 кв.м
26-12-030707-609,32.5 кв.м
26-12-030707-612,40.3 кв.м
26-12-030710-1913,25.3 кв.м
26-12-030710-1788,21.9 кв.м
26-12-030707-599,2624.8 кв.м
26-12-030710-1667,37.7 кв.м
26-12-030707-604,40.3 кв.м
26-12-030707-640,45.4 кв.м
26-12-030707-608,45.4 кв.м
26-12-030707-611,34.6 кв.м
26-12-030707-625,34.4 кв.м
26-12-030707-615,36.9 кв.м
26-12-030707-607,32.5 кв.м
26-12-030707-652,40.3 кв.м
26-12-030707-636,34.6 кв.м
26-12-030707-642,36.1 кв.м
26-12-030707-616,45.4 кв.м
26-12-030707-626,40.4 кв.м
26-12-030707-653,45.4 кв.м
26-12-030707-617,45 кв.м
26-12-030707-621,40.3 кв.м
26-12-030707-651,32.5 кв.м
26-12-030707-647,40.3 кв.м
26-12-030707-628,36.6 кв.м
26-12-030707-635,40.3 кв.м
26-12-030707-656,45.5 кв.м
26-12-030707-645,36.1 кв.м
26-12-030707-631,40.1 кв.м
26-12-030707-638,32.5 кв.м
26-12-030707-654,34.6 кв.м
26-12-030707-623,36.1 кв.м
26-12-030707-655,32.5 кв.м
26-12-030707-634,36.1 кв.м
26-12-030707-649,34.6 кв.м
26-12-030707-619,34.4 кв.м
26-12-030707-613,32.5 кв.м
26-12-030707-601,40.2 кв.м
26-12-030707-624,45 кв.м
26-12-030707-610,34.5 кв.м
26-12-030707-620,34.6 кв.м
26-12-030707-605,32.4 кв.м
26-12-030707-637,36.9 кв.м
26-12-030707-646,36.9 кв.м
26-12-030707-643,32.5 кв.м
26-12-030707-630,34.3 кв.м
26-12-030707-627,40.1 кв.м
26-12-030707-629,36.9 кв.м
26-12-030707-650,34.3 кв.м
26-12-030707-603,45 кв.м
26-12-030707-658,32.5 кв.м
26-12-030707-632,32.5 кв.м
26-12-030707-648,40.1 кв.м
26-12-030707-639,40.1 кв.м
26-12-030707-622,36.9 кв.м
26-12-030707-633,45 кв.м
26-12-030707-641,34.3 кв.м
26-12-030215-444,8431.3 кв.м
26-12-030707-644,45 кв.м
26-12-030215-1797,65.3 кв.м
26-12-030215-1798,49.7 кв.м
26-12-030215-1809,65.7 кв.м
26-12-030707-657,45 кв.м
26-12-030215-1800,71.1 кв.м
26-12-030215-1807,64.7 кв.м
26-12-030215-1814,99.7 кв.м
26-12-030215-1835,66.9 кв.м
26-12-030215-1833,49.3 кв.м
26-12-030215-1799,52.9 кв.м
26-12-030215-1832,65.5 кв.м
26-12-030215-1806,52.2 кв.м
26-12-030215-1847,49.8 кв.м
26-12-030215-1810,52.1 кв.м
26-12-030215-1834,52.6 кв.м
26-12-030215-1851,55.1 кв.м
26-12-030215-1822,66.2 кв.м
26-12-030215-1854,66.8 кв.м
26-12-030215-1843,53.2 кв.м
26-12-030215-1869,66.4 кв.м
26-12-030215-1815,64.6 кв.м
26-12-030215-1849,54.2 кв.м
26-12-030215-1846,69.3 кв.м
26-12-030215-1871,47 кв.м
26-12-030215-1852,65.7 кв.м
26-12-030215-1845,66.8 кв.м
26-12-030215-1870,52.7 кв.м
26-12-030215-1867,65.9 кв.м
26-12-030215-1876,64.5 кв.м
26-12-030215-1877,51.3 кв.м
26-12-030215-1874,66.3 кв.м
26-12-030215-1885,49.9 кв.м
26-12-030215-1888,65.2 кв.м
26-12-030215-1818,81.6 кв.м
26-12-030215-1883,55.9 кв.м
26-12-030215-1873,50.9 кв.м
26-12-030215-1802,81.1 кв.м
26-12-030215-1884,65.3 кв.м
26-12-030215-1805,50.8 кв.м
26-12-030215-1808,102.6 кв.м
26-12-030215-1813,104.7 кв.м
26-12-030215-1795,51.3 кв.м
26-12-030215-1792,80.9 кв.м
26-12-030215-1829,53 кв.м
26-12-030215-1823,103.6 кв.м
26-12-030215-1804,51 кв.м
26-12-030215-1821,53 кв.м
26-12-030215-1831,96.9 кв.м
26-12-030215-1820,53.2 кв.м
26-12-030215-1796,52.2 кв.м
26-12-030215-1830,52.9 кв.м
26-12-030215-1826,84.8 кв.м
26-12-030215-1856,55.2 кв.м
26-12-030215-1842,59.2 кв.м
26-12-030215-1841,53.8 кв.м
26-12-030215-1853,109.2 кв.м
26-12-030215-1887,54.4 кв.м
26-12-030215-1844,98.3 кв.м
26-12-030215-1838,87 кв.м
26-12-030215-1866,53.1 кв.м
26-12-030215-1880,86.6 кв.м
26-12-030215-1872,51.5 кв.м
26-12-030215-1857,84.3 кв.м
26-12-030215-1868,111.9 кв.м
26-12-030215-1882,50.8 кв.м
26-12-030215-1855,57.2 кв.м
26-12-030215-1865,54.5 кв.м
26-12-030215-1886,50.9 кв.м
26-12-030215-1893,88 кв.м
26-12-030215-1862,84.4 кв.м
26-12-030215-1875,106.5 кв.м
26-12-030215-1889,113.2 кв.м
26-12-030215-1791,65.7 кв.м
26-12-030215-1794,86.3 кв.м
26-12-030215-1812,67.4 кв.м
26-12-030215-1803,84.1 кв.м
26-12-030215-1811,100.5 кв.м
26-12-030215-1793,52.2 кв.м
26-12-030215-1819,89.5 кв.м
26-12-030215-1817,66.4 кв.м
26-12-030215-1824,53.5 кв.м
26-12-030215-1859,69.4 кв.м
26-12-030215-1840,56.4 кв.м
26-12-030215-1801,50 кв.м
26-12-030215-1839,83.2 кв.м
26-12-030215-1825,65.3 кв.м
26-12-030215-1827,79.1 кв.м
26-12-030215-1816,99.9 кв.м
26-12-030215-1836,50.3 кв.м
26-12-030215-1848,52.8 кв.м
26-12-030215-1878,112.6 кв.м
26-12-030215-1858,53.5 кв.м
26-12-030215-791,51.6 кв.м
26-12-030215-1837,66.7 кв.м
26-12-030215-1850,83.5 кв.м
26-12-030215-1892,66.5 кв.м
26-12-030215-1828,50.6 кв.м
26-12-030215-1879,66.2 кв.м
26-12-030215-1860,50.1 кв.м
26-12-030215-3283,75.7 кв.м
26-12-030215-1864,50.7 кв.м
26-12-030215-1861,67.2 кв.м
26-12-030215-1891,53.3 кв.м
26-12-030215-1881,79 кв.м
26-12-030215-1890,89 кв.м
26-12-030215-3391,39.9 кв.м
26-12-030215-793,40.5 кв.м
26-12-030215-1863,88.6 кв.м
26-12-030215-792,50.3 кв.м
26-12-030215-794,103.6 кв.м
26-12-030215-803,38.6 кв.м
26-12-030215-1894,51.6 кв.м
26-12-030215-3148,105.9 кв.м
26-12-030215-800,68.2 кв.м
26-12-030215-797,77.4 кв.м
26-12-030215-3214,56.3 кв.м
26-12-030215-3213,68.4 кв.м
26-12-030215-3282,105.1 кв.м
26-12-030215-3285,53.4 кв.м
26-12-030215-3390,40.4 кв.м
26-12-030215-3253,78.2 кв.м
26-12-030215-3358,50.7 кв.м
26-12-030215-3178,50.9 кв.м
26-12-030215-814,76.8 кв.м
26-12-030215-809,72.8 кв.м
26-12-030215-816,61.3 кв.м
26-12-030215-806,61.7 кв.м
26-12-030215-819,38.5 кв.м
26-12-030215-3354,39.6 кв.м
26-12-030215-815,103.7 кв.м
26-12-030215-810,102.3 кв.м
26-12-030215-3286,53.6 кв.м
26-12-030215-813,57.8 кв.м
26-12-030215-825,102.8 кв.м
26-12-030215-812,64.2 кв.м
26-12-030215-818,76.9 кв.м
26-12-030215-820,103 кв.м
26-12-030703-1109,131 кв.м
26-12-030215-3215,39.8 кв.м
26-12-030215-827,51.1 кв.м
26-12-030215-3357,64.9 кв.м
26-12-030215-826,64 кв.м
26-12-030215-828,38.1 кв.м
26-12-030215-3356,76.7 кв.м
26-12-030703-1123,53.4 кв.м
26-12-030215-831,62.2 кв.м
26-12-030215-4555,"78,8 кв.м"
26-12-030215-830,102.6 кв.м
26-12-030215-835,102.4 кв.м
26-12-030215-834,70.9 кв.м
26-12-030215-1759,46 кв.м
26-12-030707-337,1583 кв.м
26-12-030215-3388,188.8 кв.м
26-12-030215-832,50.8 кв.м
26-12-030215-4556,"154,8 кв.м"
26-12-030215-3179,76.8 кв.м
26-12-030215-3252,52 кв.м
26-12-030215-4558,53 кв.м
26-12-030215-833,38.8 кв.м
26-12-030703-1122,99.9 кв.м
26-12-030215-1777,85.9 кв.м
26-12-030215-1756,57.8 кв.м
26-12-030215-1761,78.3 кв.м
26-12-030215-4557,"64,8 кв.м"
26-12-030215-1758,35.5 кв.м
26-12-030215-1757,82.6 кв.м
26-12-030215-1755,65.8 кв.м
26-12-030215-1760,58.9 кв.м
26-12-030215-1783,83.3 кв.м
26-12-030215-1784,39 кв.м
26-12-030215-1780,38.2 кв.м
26-12-030215-1763,60.3 кв.м
26-12-030215-1764,59.1 кв.м
26-12-030215-1774,42.5 кв.м
26-12-030215-1773,86 кв.м
26-12-030215-1776,60.6 кв.м
26-12-030215-1762,89.7 кв.м
26-12-030215-2692,75.3 кв.м
26-12-030215-1786,59.9 кв.м
26-12-030215-1775,48 кв.м
26-12-030215-1766,46.2 кв.м
26-12-030215-4207,74.3 кв.м
26-12-030215-1752,61.3 кв.м
26-12-030215-1771,73.9 кв.м
26-12-030215-1754,44.4 кв.м
26-12-030215-2180,46.3 кв.м
26-12-030215-1767,71.6 кв.м
26-12-030215-1785,47.4 кв.м
26-12-030215-1769,62.9 кв.м
26-12-030215-4087,332.1 кв.м
26-12-030215-1765,43.7 кв.м
26-12-030215-4206,55.8 кв.м
26-12-030215-1753,42.3 кв.м
26-12-030215-1772,62.1 кв.м
26-12-030215-1779,63.3 кв.м
26-12-030215-4096,16.4 кв.м
26-12-030215-1768,57.2 кв.м
26-12-030215-2040,30597.5 кв.м
26-12-030215-2377,33.4 кв.м
26-12-030215-2182,67.9 кв.м
26-12-030215-4094,15.2 кв.м
26-12-030215-2183,39.4 кв.м
26-12-030215-4093,36.2 кв.м
26-12-030215-4092,22.2 кв.м
26-12-030215-2185,33.5 кв.м
26-12-030215-2181,61.1 кв.м
26-12-030215-2184,33.6 кв.м
26-12-030215-2380,40 кв.м
26-12-030215-2381,58.5 кв.м
26-12-030215-2378,33.9 кв.м
26-12-030215-2382,34.4 кв.м
26-12-030215-2186,57.2 кв.м
26-12-030215-2187,44.3 кв.м
26-12-030215-2370,46.1 кв.м
26-12-030215-2364,46 кв.м
26-12-030215-2379,40.1 кв.м
26-12-030215-2371,37.5 кв.м
26-12-030215-2372,39.3 кв.м
26-12-030215-2176,32.9 кв.м
26-12-030215-2375,34 кв.м
26-12-030215-2173,60.6 кв.м
26-12-030215-2178,32.8 кв.м
26-12-030215-2165,60.3 кв.м
26-12-030215-2174,74.6 кв.м
26-12-030215-2175,39.5 кв.м
26-12-030215-2179,39.1 кв.м
26-12-030215-2373,56.8 кв.м
26-12-030215-2376,43.6 кв.м
26-12-030215-2365,69.3 кв.м
26-12-030215-2374,57.9 кв.м
26-12-030215-2177,33 кв.м
26-12-030215-2167,33.1 кв.м
26-12-030215-2166,32.5 кв.м
26-12-030215-2170,39 кв.м
26-12-030215-2171,61.1 кв.м
26-12-030215-2159,60.4 кв.м
26-12-030215-2368,33.8 кв.м
26-12-030215-2367,32.7 кв.м
26-12-030215-2169,39.1 кв.м
26-12-030215-2160,69.8 кв.м
26-12-030215-2172,57.7 кв.м
26-12-030215-2369,43.4 кв.м
26-12-030215-2357,38.6 кв.м
26-12-030215-2356,46.1 кв.м
26-12-030215-3603,6.6 кв.м
26-12-030215-2162,33.1 кв.м
26-12-030215-2161,32.9 кв.м
26-12-030215-2163,32.6 кв.м
26-12-030215-2360,39.1 кв.м
26-12-030215-2363,43.6 кв.м
26-12-030215-2361,56.8 кв.м
26-12-030215-2164,57.8 кв.м
26-12-030215-2359,39.3 кв.м
26-12-030215-2362,33.9 кв.м
26-12-030215-2358,33.1 кв.м
26-12-030215-3638,38.9 кв.м
26-12-030215-2347,33 кв.м
26-12-030215-2366,43.1 кв.м
26-12-030215-2345,60.7 кв.м
26-12-030215-2158,39.1 кв.м
26-12-030215-2355,43.6 кв.м
26-12-030215-3606,3.9 кв.м
26-12-030215-2157,46 кв.м
26-12-030215-2349,33.1 кв.м
26-12-030215-2353,57.8 кв.м
26-12-030215-2350,33 кв.м
26-12-030215-2346,73.5 кв.м
26-12-030215-2348,33.2 кв.м
26-12-030215-2155,33.1 кв.м
26-12-030215-2351,39 кв.м
26-12-030215-2354,33.9 кв.м
26-12-030215-2336,38.7 кв.м
26-12-030215-2322,46.2 кв.м
26-12-030215-2339,32.8 кв.м
26-12-030215-2168,33.3 кв.м
26-12-030215-2323,60.5 кв.м
26-12-030215-2341,38.8 кв.м
26-12-030215-2338,33.1 кв.м
26-12-030215-2342,56.3 кв.м
26-12-030215-2340,39.1 кв.м
26-12-030215-2156,33.2 кв.м
26-12-030215-2343,58 кв.м
26-12-030215-2337,37.6 кв.м
26-12-030215-2324,69.7 кв.м
26-12-030215-2325,38.7 кв.м
26-12-030215-2344,43.5 кв.м
26-12-030215-2326,32.9 кв.м
26-12-030215-2152,33.8 кв.м
26-12-030215-2154,45.8 кв.м
26-12-030215-2329,32.4 кв.м
26-12-030215-2328,33.3 кв.м
26-12-030215-2352,61.2 кв.м
26-12-030215-2153,43.4 кв.м
26-12-030215-2327,33 кв.м
26-12-030215-2319,39 кв.м
26-12-030215-2335,73.6 кв.м
26-12-030215-2333,57.5 кв.м
26-12-030215-2321,57.5 кв.м
26-12-030215-2317,33 кв.м
26-12-030215-2147,33 кв.м
26-12-030215-2332,56.4 кв.м
26-12-030215-2334,60.7 кв.м
26-12-030215-2318,32.8 кв.м
26-12-030215-3605,60.4 кв.м
26-12-030215-2331,39 кв.м
26-12-030215-2320,56.5 кв.м
26-12-030215-2330,39 кв.м
26-12-030215-2316,43.1 кв.м
26-12-030215-4553,"352,8 кв.м"
26-12-030215-2315,45.8 кв.м
26-12-030215-2146,37.3 кв.м
26-12-030215-2150,48.4 кв.м
26-12-030215-2148,39.1 кв.м
26-12-030215-2138,45.8 кв.м
26-12-030215-3651,74.7 кв.м
26-12-030215-2309,59.2 кв.м
26-12-030215-2313,56.2 кв.м
26-12-030215-2140,37.2 кв.м
26-12-030215-2149,33.7 кв.м
26-12-030215-2311,33 кв.м
26-12-030215-2139,69.8 кв.м
26-12-030215-2143,42 кв.м
26-12-030215-2142,32.5 кв.м
26-12-030215-2145,33.9 кв.м
26-12-030215-2141,37.4 кв.м
26-12-030215-2129,64.6 кв.м
26-12-030215-2135,39 кв.м
26-12-030215-2312,38.8 кв.м
26-12-030215-2310,38.8 кв.м
26-12-030215-2144,57.9 кв.м
26-12-030215-2314,43.8 кв.м
26-12-030215-2305,37 кв.м
26-12-030215-2128,45.9 кв.м
26-12-030215-2130,69.9 кв.м
26-12-030215-2134,32.9 кв.м
26-12-030215-2306,56.3 кв.м
26-12-030215-2136,39 кв.м
26-12-030215-2133,33 кв.м
26-12-030215-2308,43.7 кв.м
26-12-030215-2300,38.7 кв.м
26-12-030215-2120,45.9 кв.м
26-12-030215-2127,57.7 кв.м
26-12-030215-2307,34 кв.м
26-12-030215-2131,38.9 кв.м
26-12-030215-2132,33 кв.м
26-12-030215-2299,74.8 кв.м
26-12-030215-2137,57.7 кв.м
26-12-030215-2110,64.7 кв.м
26-12-030215-2121,60 кв.м
26-12-030215-2304,43.5 кв.м
26-12-030215-2123,35.8 кв.м
26-12-030215-2124,39.1 кв.м
26-12-030215-2302,32.7 кв.м
26-12-030215-2125,38.8 кв.м
26-12-030215-2041,74.5 кв.м
26-12-030215-2301,32.5 кв.м
26-12-030215-2109,45.3 кв.м
26-12-030215-2111,38.7 кв.м
26-12-030215-2122,32.9 кв.м
26-12-030215-2303,33.6 кв.м
26-12-030215-2112,32.7 кв.м
26-12-030215-2297,33 кв.м
26-12-030215-2115,39.1 кв.м
26-12-030215-2113,32.8 кв.м
26-12-030215-2126,56.5 кв.м
26-12-030215-2101,33.4 кв.м
26-12-030215-2114,32.3 кв.м
26-12-030215-2100,38.7 кв.м
26-12-030215-2117,56.3 кв.м
26-12-030215-2298,33.3 кв.м
26-12-030215-2106,56.3 кв.м
26-12-030215-2099,78.6 кв.м
26-12-030215-2102,32.8 кв.м
26-12-030215-2295,39.3 кв.м
26-12-030215-2116,38.7 кв.м
26-12-030215-2104,32.6 кв.м
26-12-030215-2103,32.6 кв.м
26-12-030215-2105,38.6 кв.м
26-12-030215-2294,60.6 кв.м
26-12-030215-2119,43 кв.м
26-12-030215-2089,32.5 кв.м
26-12-030215-2118,57.7 кв.м
26-12-030215-2085,49.5 кв.м
26-12-030215-2296,57.8 кв.м
26-12-030215-2108,43.5 кв.м
26-12-030215-2088,38.7 кв.м
26-12-030215-2090,37.2 кв.м
26-12-030215-2098,45.5 кв.м
26-12-030215-2087,78.1 кв.м
26-12-030215-2086,60.5 кв.м
26-12-030215-2293,32.4 кв.м
26-12-030215-2107,37.8 кв.м
26-12-030215-2092,39 кв.м
26-12-030215-2076,36.8 кв.м
26-12-030215-2292,38.7 кв.м
26-12-030215-2096,33.6 кв.м
26-12-030215-2091,33 кв.м
26-12-030215-2094,60.5 кв.м
26-12-030215-2093,43.1 кв.м
26-12-030215-2097,43.5 кв.м
26-12-030215-2073,45.6 кв.м
26-12-030215-2082,58.3 кв.м
26-12-030215-2075,73.6 кв.м
26-12-030215-2074,60.1 кв.м
26-12-030215-2081,56.4 кв.м
26-12-030215-2095,57.6 кв.м
26-12-030215-2080,38.7 кв.м
26-12-030215-2077,33 кв.м
26-12-030215-2083,37.7 кв.м
26-12-030215-2078,33 кв.м
26-12-030215-2042,38.7 кв.м
26-12-030215-2079,36.8 кв.м
26-12-030215-2508,52.2 кв.м
26-12-030215-2257,79.6 кв.м
26-12-030215-2259,50.1 кв.м
26-12-030215-2084,43.4 кв.м
26-12-030215-2260,53.7 кв.м
26-12-030215-2264,57.7 кв.м
26-12-030215-2510,33.8 кв.м
26-12-030215-2263,57 кв.м
26-12-030215-2509,33.2 кв.м
26-12-030215-2261,39.5 кв.м
26-12-030215-2258,75.8 кв.м
26-12-030215-2265,44.1 кв.м
26-12-030215-2249,79 кв.м
26-12-030215-2262,39.9 кв.м
26-12-030215-2253,32.9 кв.м
26-12-030215-2248,52.3 кв.м
26-12-030215-2252,37.7 кв.м
26-12-030215-2256,56.6 кв.м
26-12-030215-2506,33.4 кв.м
26-12-030215-2504,39.1 кв.м
26-12-030215-2250,76.2 кв.м
26-12-030215-2505,57.8 кв.м
26-12-030215-2254,32.9 кв.м
26-12-030215-2251,49.7 кв.м
26-12-030215-2255,39.4 кв.м
26-12-030215-2241,33.1 кв.м
26-12-030215-2507,43.6 кв.м
26-12-030215-2243,39.3 кв.м
26-12-030215-2501,79 кв.м
26-12-030215-2502,32.9 кв.м
26-12-030215-2240,49.3 кв.м
26-12-030215-2239,76.5 кв.м
26-12-030215-2242,39.2 кв.м
26-12-030215-2234,32.5 кв.м
26-12-030215-2238,52.4 кв.м
26-12-030215-2246,33.7 кв.м
26-12-030215-2245,57.7 кв.м
26-12-030215-2500,33.8 кв.м
26-12-030215-2220,78 кв.м
26-12-030215-2247,43.4 кв.м
26-12-030215-2244,56.4 кв.м
26-12-030215-2233,32.9 кв.м
26-12-030215-2499,62.5 кв.м
26-12-030215-2236,38.8 кв.м
26-12-030215-2237,43.3 кв.м
26-12-030215-2230,76.2 кв.м
26-12-030215-2498,56.3 кв.м
26-12-030215-2231,49.3 кв.м
26-12-030215-2229,78.9 кв.м
26-12-030215-2232,32.8 кв.м
26-12-030215-2222,49.4 кв.м
26-12-030215-2228,52.4 кв.м
26-12-030215-2503,32.6 кв.м
26-12-030215-2494,52.4 кв.м
26-12-030215-2223,32.7 кв.м
26-12-030215-2235,39.2 кв.м
26-12-030215-2221,76.5 кв.м
26-12-030215-2266,33.8 кв.м
26-12-030215-2497,43.1 кв.м
26-12-030215-2225,32.3 кв.м
26-12-030215-2224,32.9 кв.м
26-12-030215-4179,69.7 кв.м
26-12-030215-2226,39.3 кв.м
26-12-030215-2218,39.1 кв.м
26-12-030215-2495,39.1 кв.м
26-12-030215-2227,56.8 кв.м
26-12-030215-2496,58.4 кв.м
26-12-030215-2217,33 кв.м
26-12-030215-2486,33.1 кв.м
26-12-030215-2213,52.4 кв.м
26-12-030215-2215,76.2 кв.м
26-12-030215-2216,49.6 кв.м
26-12-030215-2219,43.3 кв.м
26-12-030215-2483,52.1 кв.м
26-12-030215-2214,78.8 кв.м
26-12-030215-2484,79.2 кв.м
26-12-030215-2491,56.7 кв.м
26-12-030215-2492,57.9 кв.м
26-12-030215-2493,33.5 кв.м
26-12-030215-2490,39.2 кв.м
26-12-030215-2207,32.5 кв.м
26-12-030215-2485,75.7 кв.м
26-12-030215-2199,78.9 кв.м
26-12-030215-2208,39.3 кв.м
26-12-030215-2210,56.7 кв.м
26-12-030215-2206,33.2 кв.м
26-12-030215-2205,49.5 кв.м
26-12-030215-2209,38.9 кв.м
26-12-030215-2198,52.4 кв.м
26-12-030215-2211,33.4 кв.м
26-12-030215-2202,56.5 кв.м
26-12-030215-2487,60.9 кв.м
26-12-030215-2201,39.4 кв.м
26-12-030215-2200,76 кв.м
26-12-030215-2212,43.4 кв.м
26-12-030215-2477,48.8 кв.м
26-12-030215-2478,33 кв.м
26-12-030215-2479,33.1 кв.м
26-12-030215-2480,32.4 кв.м
26-12-030215-2482,57.6 кв.м
26-12-030215-2203,33.7 кв.м
26-12-030215-2481,39.3 кв.м
26-12-030215-2197,32.8 кв.м
26-12-030215-2468,49.4 кв.м
26-12-030215-2204,43 кв.м
26-12-030215-2466,79.3 кв.м
26-12-030215-2467,75.9 кв.м
26-12-030215-2458,53.2 кв.м
26-12-030215-2471,39.2 кв.м
26-12-030215-2196,52.4 кв.м
26-12-030215-2455,51.7 кв.м
26-12-030215-2475,33.5 кв.м
26-12-030215-2473,56.6 кв.м
26-12-030215-2474,57.7 кв.м
26-12-030215-2459,32.3 кв.м
26-12-030215-2476,43.5 кв.м
26-12-030215-2470,32.4 кв.м
26-12-030215-2472,38.8 кв.м
26-12-030215-2457,76.1 кв.м
26-12-030215-2460,32.6 кв.м
26-12-030215-2443,79.1 кв.м
26-12-030215-2456,78.4 кв.м
26-12-030215-2463,38.8 кв.м
26-12-030215-2194,56.3 кв.м
26-12-030215-2461,32.3 кв.м
26-12-030215-2448,32.3 кв.м
26-12-030215-2469,32.9 кв.м
26-12-030215-2462,38.8 кв.м
26-12-030215-2465,33.3 кв.м
26-12-030215-2195,43.7 кв.м
26-12-030215-2442,51.9 кв.м
26-12-030215-2444,75.6 кв.м
26-12-030215-2447,32.9 кв.м
26-12-030215-2464,57.2 кв.м
26-12-030215-2450,39.2 кв.м
26-12-030215-2446,31.5 кв.м
26-12-030215-2445,48.7 кв.м
26-12-030215-2431,79.1 кв.м
26-12-030215-2449,38.8 кв.м
26-12-030215-2453,33.2 кв.м
26-12-030215-2451,56.4 кв.м
26-12-030215-2452,57.7 кв.м
26-12-030215-2454,43.2 кв.м
26-12-030215-2435,36.6 кв.м
26-12-030215-2432,75.9 кв.м
26-12-030215-2430,52 кв.м
26-12-030215-2441,43.2 кв.м
26-12-030215-2422,32.5 кв.м
26-12-030215-2423,32.1 кв.м
26-12-030215-2433,48.6 кв.м
26-12-030215-2434,32.5 кв.м
26-12-030215-2438,56.1 кв.м
26-12-030215-2193,38.9 кв.м
26-12-030215-2439,57.4 кв.м
26-12-030215-2436,32.1 кв.м
26-12-030215-2419,75.5 кв.м
26-12-030215-2425,38.8 кв.м
26-12-030215-2424,43 кв.м
26-12-030215-2437,39 кв.м
26-12-030215-2417,51.6 кв.м
26-12-030215-2440,33.7 кв.м
26-12-030215-2427,57.3 кв.м
26-12-030215-2418,82.3 кв.м
26-12-030215-2421,35.9 кв.м
26-12-030215-2429,43.5 кв.м
26-12-030215-2426,56.2 кв.м
26-12-030215-2408,49.2 кв.м
26-12-030215-2420,49 кв.м
26-12-030215-2410,32.9 кв.м
26-12-030215-2411,32.2 кв.м
26-12-030215-2407,51.9 кв.м
26-12-030215-2428,32.7 кв.м
26-12-030215-2192,38.7 кв.м
26-12-030215-2409,32.5 кв.м
26-12-030215-2190,78.8 кв.м
26-12-030215-2400,32.6 кв.м
26-12-030215-2191,75.6 кв.м
26-12-030215-2413,56.1 кв.м
26-12-030215-2414,57.2 кв.м
26-12-030215-2412,38.7 кв.м
26-12-030215-2401,38.9 кв.м
26-12-030215-2399,36.9 кв.м
26-12-030215-2388,32.4 кв.м
26-12-030215-2404,57.2 кв.м
26-12-030215-2189,32.7 кв.м
26-12-030215-2402,38.9 кв.м
26-12-030215-2398,49.3 кв.м
26-12-030215-2415,33.1 кв.м
26-12-030215-2385,75.9 кв.м
26-12-030215-2396,52.3 кв.м
26-12-030215-2416,43.4 кв.м
26-12-030215-2406,43.3 кв.м
26-12-030215-2387,32.4 кв.м
26-12-030215-2384,78.5 кв.м
26-12-030215-2188,76 кв.м
26-12-030215-2397,79 кв.м
26-12-030215-2383,51.6 кв.м
26-12-030215-2053,4 кв.м
26-12-030215-2405,32.9 кв.м
26-12-030215-2403,60.4 кв.м
26-12-030215-2386,48.9 кв.м
26-12-030215-2390,38.8 кв.м
26-12-030215-2393,57.3 кв.м
26-12-030215-2274,43.8 кв.м
26-12-030215-2391,38.9 кв.м
26-12-030215-2394,32.9 кв.м
26-12-030215-2389,32.2 кв.м
26-12-030215-2559,41.4 кв.м
26-12-030215-2273,43.5 кв.м
26-12-030215-2392,56.1 кв.м
26-12-030215-2395,43.2 кв.м
26-12-030215-2558,40.8 кв.м
26-12-030215-2057,4.1 кв.м
26-12-030215-2056,3.9 кв.м
26-12-030215-2059,3.9 кв.м
26-12-030215-2054,3.9 кв.м
26-12-030215-2060,3.9 кв.м
26-12-030215-2061,4 кв.м
26-12-030215-2055,3.9 кв.м
26-12-030215-2284,4 кв.м
26-12-030215-2058,3.9 кв.м
26-12-030215-2062,4 кв.м
26-12-030215-2065,100.2 кв.м
26-12-030215-2283,3.7 кв.м
26-12-030215-2068,4.1 кв.м
26-12-030215-2287,66.5 кв.м
26-12-030215-2066,61.1 кв.м
26-12-030215-2282,3.7 кв.м
26-12-030215-2631,762 кв.м
26-12-030215-2067,4.1 кв.м
26-12-030215-2063,4 кв.м
26-12-030215-2275,66.3 кв.м
26-12-030215-2280,133.3 кв.м
26-12-030215-2286,62.9 кв.м
26-12-030215-2288,60.8 кв.м
26-12-030215-2291,6 кв.м
26-12-030215-4141,17.1 кв.м
26-12-030215-2072,5 кв.м
26-12-030215-2511,18 кв.м
26-12-030215-3634,6.6 кв.м
26-12-030215-2278,34.3 кв.м
26-12-030215-2052,339.1 кв.м
26-12-030215-2515,15.7 кв.м
26-12-030215-2071,5 кв.м
26-12-030215-2513,15.7 кв.м
26-12-030215-2512,16.2 кв.м
26-12-030215-2514,21.2 кв.м
26-12-030215-2520,14.5 кв.м
26-12-030215-2516,16.9 кв.м
26-12-030215-2521,14.1 кв.м
26-12-030215-2517,15.1 кв.м
26-12-030215-2522,16.8 кв.м
26-12-030215-2523,16.3 кв.м
26-12-030215-2518,15.5 кв.м
26-12-030215-2527,16.4 кв.м
26-12-030215-2519,15.1 кв.м
26-12-030215-2268,16.3 кв.м
26-12-030215-2530,16 кв.м
26-12-030215-2525,16.2 кв.м
26-12-030215-2524,15.7 кв.м
26-12-030215-2267,16 кв.м
26-12-030215-2526,16 кв.м
26-12-030215-2528,16.4 кв.м
26-12-030215-2529,16.1 кв.м
26-12-030215-2533,16.3 кв.м
26-12-030215-2554,14.7 кв.м
26-12-030215-2553,14 кв.м
26-12-030215-2269,16.2 кв.м
26-12-030215-2531,16.3 кв.м
26-12-030215-2532,15.7 кв.м
26-12-030215-2556,16.1 кв.м
26-12-030215-4172,16 кв.м
26-12-030215-2552,14.7 кв.м
26-12-030215-2555,15.8 кв.м
26-12-030215-2534,16.1 кв.м
26-12-030215-2557,19.5 кв.м
26-12-030215-2270,16.8 кв.м
26-12-030215-2536,16.2 кв.м
26-12-030215-2535,14.1 кв.м
26-12-030215-2541,20.4 кв.м
26-12-030215-2538,14.8 кв.м
26-12-030215-2540,18.8 кв.м
26-12-030215-2539,16 кв.м
26-12-030215-2537,16.5 кв.м
26-12-030215-2271,16.4 кв.м
26-12-030215-2550,16.2 кв.м
26-12-030215-2542,17.6 кв.м
26-12-030215-2276,53.4 кв.м
26-12-030215-2544,16.2 кв.м
26-12-030215-2543,17 кв.м
26-12-030215-2545,16 кв.м
26-12-030215-2551,14.1 кв.м
26-12-030215-2549,15.4 кв.м
26-12-030215-2290,33.9 кв.м
26-12-030215-2548,13.1 кв.м
26-12-030215-2560,53.8 кв.м
26-12-030215-2546,16.6 кв.м
26-12-030215-760,51.2 кв.м
26-12-030215-764,69.2 кв.м
26-12-030215-2547,13.7 кв.м
26-12-030215-762,120.2 кв.м
26-12-030215-761,51.1 кв.м
26-12-030215-309,2191.9 кв.м
26-12-030215-765,81.2 кв.м
26-12-030215-767,37.4 кв.м
26-12-030215-3557,83.7 кв.м
26-12-030215-768,127.1 кв.м
26-12-030215-763,52.1 кв.м
26-12-030215-771,66.5 кв.м
26-12-030215-769,51.4 кв.м
26-12-030215-766,126 кв.м
26-12-030215-773,38.5 кв.м
26-12-030215-759,68.5 кв.м
26-12-030215-777,51.5 кв.м
26-12-030215-774,81.2 кв.м
26-12-030215-776,69.5 кв.м
26-12-030215-781,48.5 кв.м
26-12-030215-775,69.7 кв.м
26-12-030215-778,50.5 кв.м
26-12-030215-782,69 кв.м
26-12-030215-770,69.9 кв.м
26-12-030215-772,52.8 кв.м
26-12-030215-784,68.2 кв.м
26-12-030215-790,51.4 кв.м
26-12-030215-779,71.1 кв.м
26-12-030215-788,69.7 кв.м
26-12-030215-780,51.9 кв.м
26-12-030215-785,51.9 кв.м
26-12-030215-789,51.4 кв.м
26-12-030215-786,38.8 кв.м
26-12-030340-200,77.9 кв.м
26-12-030215-783,84.6 кв.м
26-12-030340-198,63.7 кв.м
26-12-030340-207,67.4 кв.м
26-12-030340-199,49.2 кв.м
26-12-030215-787,68.4 кв.м
26-12-030340-201,75.5 кв.м
26-12-030340-153,62.7 кв.м
26-12-030340-202,50.5 кв.м
26-12-030340-210,69.2 кв.м
26-12-030340-211,53.5 кв.м
26-12-030340-209,83.1 кв.м
26-12-030340-206,52 кв.м
26-12-030703-1002,64.9 кв.м
26-12-030340-208,124.7 кв.м
26-12-030340-203,78.3 кв.м
26-12-030340-205,64 кв.м
26-12-030340-141,50.9 кв.м
26-12-030340-204,46.2 кв.м
26-12-030340-173,98.5 кв.м
26-12-030340-176,82.6 кв.м
26-12-030340-215,69.7 кв.м
26-12-030340-212,83.6 кв.м
26-12-030340-174,68.7 кв.м
26-12-030340-177,65.7 кв.м
26-12-030340-214,66.7 кв.м
26-12-030340-181,54.3 кв.м
26-12-030340-180,141.7 кв.м
26-12-030340-137,35.6 кв.м
26-12-030340-178,82.5 кв.м
26-12-030340-175,55.3 кв.м
26-12-030340-183,121.6 кв.м
26-12-030340-182,84.3 кв.м
26-12-030340-197,52.5 кв.м
26-12-030340-186,120.8 кв.м
26-12-030340-188,67 кв.м
26-12-030340-184,68.9 кв.м
26-12-030340-179,136 кв.м
26-12-030340-120,86.8 кв.м
26-12-030340-187,35 кв.м
26-12-030340-163,53.9 кв.м
26-12-030340-189,67.4 кв.м
26-12-030340-185,84.7 кв.м
26-12-030340-196,86.1 кв.м
26-12-030340-195,51.8 кв.м
26-12-030340-190,69.6 кв.м
26-12-030340-192,82.4 кв.м
26-12-030215-469,75.6 кв.м
26-12-030215-1993,108.1 кв.м
26-12-030215-1985,107.3 кв.м
26-12-030340-109,65.8 кв.м
26-12-030215-1983,50.9 кв.м
26-12-030215-1986,75.5 кв.м
26-12-030340-191,54.1 кв.м
26-12-030340-193,52.2 кв.м
26-12-030215-470,2304.5 кв.м
26-12-030215-2001,65.4 кв.м
26-12-030215-2009,89.4 кв.м
26-12-030215-1994,77 кв.м
26-12-030215-2010,78.1 кв.м
26-12-030215-1982,75.6 кв.м
26-12-030215-1984,51.5 кв.м
26-12-030215-1995,67 кв.м
26-12-030215-2008,104.7 кв.м
26-12-030215-1996,57.9 кв.м
26-12-030215-1991,52.2 кв.м
26-12-030215-2007,106.7 кв.м
26-12-030215-1989,76.3 кв.м
26-12-030215-1990,56.7 кв.м
26-12-030215-1988,51.7 кв.м
26-12-030215-2003,87 кв.м
26-12-030215-2004,79 кв.м
26-12-030215-2000,75.4 кв.м
26-12-030215-1998,59.2 кв.м
26-12-030215-1992,76 кв.м
26-12-030215-2005,54.4 кв.м
26-12-030215-2006,56.3 кв.м
26-12-030215-2013,103.3 кв.м
26-12-030215-1987,52.1 кв.м
26-12-030215-1997,88.1 кв.м
26-12-030215-1308,40.8 кв.м
26-12-030215-1313,23.7 кв.м
26-12-030215-1312,37.8 кв.м
26-12-030215-2011,79.4 кв.м
26-12-030215-1999,55 кв.м
26-12-030215-1320,37 кв.м
26-12-030215-2014,106.3 кв.м
26-12-030215-2012,84.6 кв.м
26-12-030215-1323,30.2 кв.м
26-12-030215-366,1089.9 кв.м
26-12-030215-1331,32 кв.м
26-12-030215-1314,31.5 кв.м
26-12-030215-1315,29.9 кв.м
26-12-030215-1329,30 кв.м
26-12-030215-1332,36.3 кв.м
26-12-030215-1324,30.4 кв.м
26-12-030215-1322,32.3 кв.м
26-12-030215-1321,24.5 кв.м
26-12-030215-1330,24 кв.м
26-12-030215-1311,35.9 кв.м
26-12-030215-1317,32.5 кв.м
26-12-030215-1310,24.4 кв.м
26-12-030215-1318,24.1 кв.м
26-12-030215-503,30.6 кв.м
26-12-030215-1309,31.6 кв.м
26-12-030215-1319,37.9 кв.м
26-12-030215-501,35.1 кв.м
26-12-030215-495,31.3 кв.м
26-12-030215-1326,24.4 кв.м
26-12-030215-303,751 кв.м
26-12-030215-499,30 кв.м
26-12-030215-502,26.1 кв.м
26-12-030215-1316,64.1 кв.м
26-12-030215-511,26.4 кв.м
26-12-030215-1327,37.5 кв.м
26-12-030215-493,26.2 кв.м
26-12-030215-492,36.1 кв.м
26-12-030215-1328,30.4 кв.м
26-12-030215-510,36 кв.м
26-12-030215-1325,31.8 кв.м
26-12-030215-491,31.4 кв.м
26-12-030215-496,37.5 кв.м
26-12-030215-507,30.1 кв.м
26-12-030215-500,31.5 кв.м
26-12-030215-490,29.6 кв.м
26-12-030215-508,31.8 кв.м
26-12-030215-3329,31.6 кв.м
26-12-030215-505,28 кв.м
26-12-030215-498,27.8 кв.м
26-12-030215-494,62.1 кв.м
26-12-030215-497,32 кв.м
26-12-030215-504,31.8 кв.м
26-12-030215-585,42.9 кв.м
26-12-030215-586,28.5 кв.м
26-12-030215-596,42.9 кв.м
26-12-030215-597,45.4 кв.м
26-12-030215-305,2676.1 кв.м
26-12-030215-589,41.7 кв.м
26-12-030215-506,36.8 кв.м
26-12-030215-599,41.8 кв.м
26-12-030215-643,59.1 кв.м
26-12-030215-619,43.6 кв.м
26-12-030215-631,43.5 кв.м
26-12-030215-509,31.9 кв.м
26-12-030215-613,41.9 кв.м
26-12-030215-610,28.6 кв.м
26-12-030215-598,29 кв.м
26-12-030215-627,41.5 кв.м
26-12-030215-588,41.1 кв.м
26-12-030215-609,44.8 кв.м
26-12-030215-620,45 кв.м
26-12-030215-608,43.4 кв.м
26-12-030215-621,28.6 кв.м
26-12-030215-632,44.8 кв.м
26-12-030215-590,31.6 кв.м
26-12-030215-633,28.7 кв.м
26-12-030215-587,54 кв.м
26-12-030215-634,40.8 кв.м
26-12-030215-614,31.7 кв.м
26-12-030215-602,31.8 кв.м
26-12-030215-601,41.2 кв.м
26-12-030215-600,53.7 кв.м
26-12-030215-591,54.2 кв.м
26-12-030215-611,54.2 кв.м
26-12-030215-615,54.2 кв.м
26-12-030215-612,40.8 кв.м
26-12-030215-603,54.8 кв.м
26-12-030215-636,41.7 кв.м
26-12-030215-622,53.8 кв.м
26-12-030215-623,54.5 кв.м
26-12-030215-635,54.7 кв.м
26-12-030215-604,41.6 кв.м
26-12-030215-594,44.6 кв.м
26-12-030215-629,40.7 кв.м
26-12-030215-595,42.8 кв.м
26-12-030215-606,44.4 кв.м
26-12-030215-630,31.4 кв.м
26-12-030215-644,41.3 кв.м
26-12-030215-605,27.8 кв.м
26-12-030215-592,42.8 кв.м
26-12-030215-638,54.4 кв.м
26-12-030215-593,28.7 кв.м
26-12-030215-607,42.9 кв.м
26-12-030215-637,31.3 кв.м
26-12-030215-616,28 кв.м
26-12-030215-4220,"52,6 кв.м"
26-12-030215-688,31.2 кв.м
26-12-030215-628,42.3 кв.м
26-12-030215-701,62.2 кв.м
26-12-030215-625,29.3 кв.м
26-12-030215-617,44.3 кв.м
26-12-030215-641,44.6 кв.м
26-12-030215-703,58.4 кв.м
26-12-030215-687,62.3 кв.м
26-12-030215-686,51.1 кв.м
26-12-030215-700,52.7 кв.м
26-12-030215-640,28.2 кв.м
26-12-030215-689,58.6 кв.м
26-12-030215-624,42 кв.м
26-12-030215-702,28.9 кв.м
26-12-030215-639,41.5 кв.м
26-12-030215-716,28.7 кв.м
26-12-030215-715,61.8 кв.м
26-12-030215-445,84.4 кв.м
26-12-030215-3657,309 кв.м
26-12-030215-307,4362.3 кв.м
26-12-030215-618,42.8 кв.м
26-12-030215-626,44.5 кв.м
26-12-030215-731,58.1 кв.м
26-12-030215-714,53.1 кв.м
26-12-030215-730,29.3 кв.м
26-12-030215-690,43.8 кв.м
26-12-030215-746,29 кв.м
26-12-030215-717,59.1 кв.м
26-12-030215-642,42.7 кв.м
26-12-030215-729,60.8 кв.м
26-12-030215-747,60.6 кв.м
26-12-030215-728,54.1 кв.м
26-12-030215-742,53.2 кв.м
26-12-030215-691,44.4 кв.м
26-12-030215-706,47.2 кв.м
26-12-030215-749,62.8 кв.м
26-12-030215-720,47.3 кв.м
26-12-030215-705,43.2 кв.м
26-12-030215-734,48.8 кв.м
26-12-030215-719,42.9 кв.м
26-12-030215-718,45.1 кв.м
26-12-030215-692,47.2 кв.м
26-12-030215-748,42.5 кв.м
26-12-030215-732,45.7 кв.м
26-12-030215-743,45.4 кв.м
26-12-030215-695,44.3 кв.м
26-12-030215-704,44.5 кв.м
26-12-030215-694,43.1 кв.м
26-12-030215-733,43.2 кв.м
26-12-030215-745,48.1 кв.м
26-12-030215-744,47.4 кв.м
26-12-030215-707,45.8 кв.м
26-12-030215-735,46.4 кв.м
26-12-030215-723,44.9 кв.м
26-12-030215-712,43.9 кв.м
26-12-030215-713,53.8 кв.м
26-12-030215-724,58.1 кв.м
26-12-030215-699,51.9 кв.м
26-12-030215-693,48.1 кв.м
26-12-030215-708,43.6 кв.м
26-12-030215-721,48 кв.м
26-12-030215-722,43.3 кв.м
26-12-030215-751,44.4 кв.м
26-12-030215-697,28.9 кв.м
26-12-030215-737,44.6 кв.м
26-12-030215-711,64.1 кв.м
26-12-030215-709,58.3 кв.м
26-12-030215-725,28.5 кв.м
26-12-030215-750,43.4 кв.м
26-12-030215-736,42.7 кв.м
26-12-030215-696,57.4 кв.м
26-12-030215-726,62.3 кв.м
26-12-030215-739,28.4 кв.м
26-12-030215-698,62.5 кв.м
26-12-030215-738,58.3 кв.м
26-12-030215-752,58.5 кв.м
26-12-030215-727,52.2 кв.м
26-12-030215-753,28.8 кв.м
26-12-030215-710,28.8 кв.м
26-12-030215-741,51.7 кв.м
26-12-030216-380,42.8 кв.м
26-12-030215-754,62.1 кв.м
26-12-030215-756,66.1 кв.м
26-12-030215-740,63.9 кв.м
26-12-030216-382,53.4 кв.м
26-12-030216-381,42.8 кв.м
26-12-030710-357,39.7 кв.м
26-12-030215-755,53.5 кв.м
26-12-030216-534,24 кв.м
26-12-030216-379,42.5 кв.м
26-12-030216-378,42.5 кв.м
26-12-030216-533,73 кв.м
26-12-030216-111,193.6 кв.м
26-12-030710-365,55.4 кв.м
26-12-030215-3729,75.3 кв.м
26-12-030215-3131,471.1 кв.м
26-12-030710-229,291.8 кв.м
26-12-030710-370,56.1 кв.м
26-12-030710-491,38.4 кв.м
26-12-030710-492,40.3 кв.м
26-12-030710-490,50.2 кв.м
26-12-030710-488,39.3 кв.м
26-12-030710-493,61.9 кв.м
26-12-030216-274,53.6 кв.м
26-12-030710-360,43.1 кв.м
26-12-030710-489,59.3 кв.м
26-12-030216-275,37.7 кв.м
26-12-030216-264,66.1 кв.м
26-12-030710-213,596.2 кв.м
26-12-030710-375,22.6 кв.м
26-12-030216-285,53.7 кв.м
26-12-030216-305,49 кв.м
26-12-030216-286,38 кв.м
26-12-030216-294,50.3 кв.м
26-12-030216-293,42.2 кв.м
26-12-030216-272,50.3 кв.м
26-12-030216-297,38 кв.м
26-12-030216-270,51.1 кв.м
26-12-030216-296,54.1 кв.м
26-12-030216-104,6110.2 кв.м
26-12-030216-283,50.3 кв.м
26-12-030216-273,67.5 кв.м
26-12-030216-284,66.8 кв.м
26-12-030216-271,39.7 кв.м
26-12-030216-308,39.3 кв.м
26-12-030216-282,40 кв.м
26-12-030216-295,67.7 кв.м
26-12-030216-307,53.3 кв.м
26-12-030216-315,39.5 кв.м
26-12-030216-292,50.9 кв.м
26-12-030216-290,82.6 кв.м
26-12-030216-279,81.1 кв.м
26-12-030216-281,50.6 кв.м
26-12-030216-377,89.9 кв.м
26-12-030216-263,38.7 кв.м
26-12-030216-262,74 кв.м
26-12-030216-314,51.8 кв.м
26-12-030216-276,50.7 кв.м
26-12-030216-316,67 кв.м
26-12-030216-324,37.3 кв.м
26-12-030216-289,51.1 кв.м
26-12-030216-301,86.2 кв.м
26-12-030216-306,69.9 кв.м
26-12-030216-303,39.6 кв.м
26-12-030216-280,70.5 кв.м
26-12-030216-304,51.3 кв.м
26-12-030216-313,82.1 кв.м
26-12-030216-260,70.9 кв.м
26-12-030216-323,51.8 кв.м
26-12-030216-267,50.7 кв.м
26-12-030216-266,50.6 кв.м
26-12-030216-321,85 кв.м
26-12-030216-265,73.1 кв.м
26-12-030216-322,38.8 кв.м
26-12-030216-288,50.7 кв.м
26-12-030216-278,52.8 кв.м
26-12-030216-261,36.6 кв.м
26-12-030216-291,70.5 кв.м
26-12-030216-302,69.1 кв.м
26-12-030216-312,71 кв.м
26-12-030216-310,51.3 кв.м
26-12-030216-299,56.2 кв.м
26-12-030216-277,69.9 кв.м
26-12-030216-269,71.7 кв.м
26-12-030216-300,54.7 кв.м
26-12-030216-298,69.1 кв.м
26-12-030216-287,69 кв.м
26-12-030216-330,52.7 кв.м
26-12-030216-326,49.4 кв.м
26-12-030216-328,68.9 кв.м
26-12-030216-309,69.5 кв.м
26-12-030216-319,51.8 кв.м
26-12-030216-317,69.5 кв.м
26-12-030216-327,50.6 кв.м
26-12-030216-318,51.2 кв.м
26-12-030216-311,51.9 кв.м
26-12-030216-320,69.4 кв.м
26-12-030216-325,68.7 кв.м
26-12-030216-332,69.3 кв.м
26-12-030216-331,51.1 кв.м
26-12-030216-222,55.2 кв.м
26-12-030216-329,69 кв.м
26-12-030216-221,60.9 кв.м
26-12-030216-223,71.9 кв.м
26-12-030216-225,54.2 кв.м
26-12-030216-229,50.6 кв.м
26-12-030216-235,50.2 кв.м
26-12-030216-226,72.3 кв.м
26-12-030216-224,51 кв.м
26-12-030216-228,69.2 кв.м
26-12-030216-227,52.2 кв.м
26-12-030216-231,82.1 кв.м
26-12-030216-237,67.4 кв.м
26-12-030216-232,36.7 кв.м
26-12-030216-234,82 кв.м
26-12-030216-236,37.6 кв.м
26-12-030216-230,70.1 кв.м
26-12-030216-233,120.1 кв.м
26-12-030216-238,37.6 кв.м
26-12-030216-241,79.7 кв.м
26-12-030216-248,39.5 кв.м
26-12-030216-239,67.3 кв.м
26-12-030216-240,50.1 кв.м
26-12-030216-242,71.9 кв.м
26-12-030216-251,51.9 кв.м
26-12-030216-246,69.8 кв.м
26-12-030216-243,49.8 кв.м
26-12-030216-250,63.4 кв.м
26-12-030216-257,81.9 кв.м
26-12-030216-252,37.4 кв.м
26-12-030216-247,50.4 кв.м
26-12-030216-254,69.7 кв.м
26-12-030216-255,49.8 кв.м
26-12-030216-245,82.3 кв.м
26-12-030216-249,82.7 кв.м
26-12-030216-253,87.7 кв.м
26-12-030216-244,38.5 кв.м
26-12-030216-334,66.9 кв.м
26-12-030216-336,69 кв.м
26-12-030216-333,67 кв.м
26-12-030216-338,48.3 кв.м
26-12-030216-337,65 кв.м
26-12-030216-256,38.9 кв.м
26-12-030216-339,119.5 кв.м
26-12-030216-335,48.4 кв.м
26-12-030216-340,66.8 кв.м
26-12-030216-343,72 кв.м
26-12-030216-347,66.5 кв.м
26-12-030216-619,"127,5 кв.м"
26-12-030216-939,14 кв.м
26-12-030216-342,120.4 кв.м
26-12-030216-353,48.5 кв.м
26-12-030216-341,55.2 кв.м
26-12-010525-2020,"13,4 кв.м"
26-12-030216-355,51.6 кв.м
26-12-030216-344,54.3 кв.м
26-12-030216-345,79.9 кв.м
26-12-010525-2060,"616,9 кв.м"
26-12-030216-940,"31,5 кв.м"
26-12-030216-350,72.1 кв.м
26-12-030216-941,"13,9 кв.м"
26-12-030216-346,36.6 кв.м
26-12-030216-349,118.9 кв.м
26-12-030216-348,48.9 кв.м
26-12-030216-352,73.1 кв.м
26-12-030216-351,48.6 кв.м
26-12-030216-354,67 кв.м
26-12-030216-359,47.8 кв.м
26-12-030216-361,54 кв.м
26-12-030216-358,69.6 кв.м
26-12-010525-1846,48 кв.м
26-12-030216-357,54.5 кв.м
26-12-030216-366,69.4 кв.м
26-12-030216-362,66.8 кв.м
26-12-030216-535,433.2 кв.м
26-12-030216-363,47.6 кв.м
26-12-030216-365,108.1 кв.м
26-12-030216-360,73.5 кв.м
26-12-030216-364,69.4 кв.м
26-12-030216-356,66 кв.м
26-12-010525-1217,"68,1 кв.м"
26-12-030216-258,58.8 кв.м
26-12-030216-175,99.6 кв.м
26-12-030215-3643,95.4 кв.м
26-12-030216-174,131.1 кв.м
26-12-030216-179,112.1 кв.м
26-12-030216-536,239.5 кв.м
26-12-030216-169,99.6 кв.м
26-12-010525-1218,"73,3 кв.м"
26-12-030216-193,48.7 кв.м
26-12-030216-185,48.7 кв.м
26-12-030216-184,112.5 кв.м
26-12-030216-99,4423.1 кв.м
26-12-030216-177,124.4 кв.м
26-12-030216-186,64.3 кв.м
26-12-030216-597,64.8 кв.м
26-12-030216-196,53.8 кв.м
26-12-030216-204,48.5 кв.м
26-12-010525-1432,"72,6 кв.м"
26-12-030216-205,62.7 кв.м
26-12-030216-203,109.9 кв.м
26-12-030216-210,110.4 кв.м
26-12-030216-172,41.1 кв.м
26-12-030216-198,122 кв.м
26-12-030216-192,110.8 кв.м
26-12-030216-164,62.1 кв.м
26-12-030216-211,48.2 кв.м
26-12-030216-173,51.7 кв.м
26-12-030216-167,48.8 кв.м
26-12-030216-217,115 кв.м
26-12-030216-182,67.1 кв.м
26-12-030216-165,74.6 кв.м
26-12-030216-216,51.2 кв.м
26-12-030216-166,41.3 кв.м
26-12-030216-190,72.7 кв.м
26-12-030216-171,73 кв.м
26-12-030216-183,77.3 кв.м
26-12-030216-170,60.6 кв.м
26-12-030216-180,72.3 кв.м
26-12-030216-187,38.4 кв.м
26-12-030216-178,38.6 кв.м
26-12-030216-176,123.6 кв.м
26-12-030216-201,72.8 кв.м
26-12-030216-181,48.6 кв.м
26-12-030216-197,32.5 кв.м
26-12-030216-188,48.2 кв.м
26-12-030216-189,67.2 кв.м
26-12-030216-194,51.6 кв.м
26-12-030216-191,38.6 кв.м
26-12-030216-208,73.2 кв.м
26-12-030216-200,61.3 кв.м
26-12-030216-202,38.8 кв.м
26-12-030216-199,45.9 кв.м
26-12-030216-207,61.7 кв.м
26-12-030216-213,61 кв.м
26-12-030216-209,38.6 кв.м
26-12-030216-212,47.7 кв.м
26-12-030216-506,38 кв.м
26-12-030216-215,38.6 кв.м
26-12-030216-214,74.8 кв.м
26-12-030216-206,47.8 кв.м
26-12-030216-499,46.3 кв.м
26-12-030216-516,37.3 кв.м
26-12-030216-500,72.1 кв.м
26-12-030216-504,46.8 кв.м
26-12-030216-505,37.9 кв.м
26-12-030216-514,71.9 кв.м
26-12-030216-503,71.5 кв.м
26-12-030216-493,2608.5 кв.м
26-12-030216-515,46.3 кв.м
26-12-030216-501,87.7 кв.м
26-12-030216-518,125.1 кв.м
26-12-030216-512,37.5 кв.м
26-12-030216-517,124.9 кв.м
26-12-030216-496,71.7 кв.м
26-12-030216-519,37.6 кв.м
26-12-030216-510,72.1 кв.м
26-12-030216-502,72.2 кв.м
26-12-030216-508,38 кв.м
26-12-030216-507,37.8 кв.м
26-12-030216-522,37.4 кв.м
26-12-030216-509,46.4 кв.м
26-12-030216-513,46.4 кв.м
26-12-030216-525,4.9 кв.м
26-12-030216-523,156.7 кв.м
26-12-030216-524,5.8 кв.м
26-12-030216-526,10.3 кв.м
26-12-030216-498,206.2 кв.м
26-12-030216-520,72.8 кв.м
26-12-030216-521,46.2 кв.м
26-12-030216-527,7.2 кв.м
26-12-030216-497,168.6 кв.м
26-12-030216-528,7.6 кв.м
26-12-030216-529,5.6 кв.м
26-12-030216-511,167.8 кв.м
26-12-030215-447,435 кв.м
26-12-010525-1466,63.1 кв.м
26-12-030215-3042,41.5 кв.м
26-12-030215-3052,112.6 кв.м
26-12-030215-1896,103.4 кв.м
26-12-030215-1614,42.1 кв.м
26-12-010525-1753,64 кв.м
26-12-030215-4283,"153,8 кв.м"
26-12-030215-392,106.1 кв.м
26-12-030215-3049,44 кв.м
26-12-030215-3056,131 кв.м
26-12-030215-2878,122.7 кв.м
26-12-010525-1562,115.2 кв.м
26-12-030215-3044,50.2 кв.м
26-12-030215-3047,50.4 кв.м
26-12-030215-3043,70.8 кв.м
26-12-030215-3051,36.3 кв.м
26-12-030215-3053,19.3 кв.м
26-12-030215-3046,80.1 кв.м
26-12-010525-1757,115.4 кв.м
26-12-030215-2945,185.7 кв.м
26-12-030215-3050,42.5 кв.м
26-12-030215-3045,37.8 кв.м
26-12-010525-1548,129.6 кв.м
26-12-010525-1555,98.2 кв.м
26-12-010525-1569,76.7 кв.м
26-12-010525-1112,65.1 кв.м
26-12-010525-1781,57.5 кв.м
26-12-030215-1900,110.2 кв.м
26-12-030215-2968,102.3 кв.м
26-12-010525-1780,77 кв.м
26-12-010525-1778,77.3 кв.м
26-12-010525-1761,76.4 кв.м
26-12-010525-1776,73.3 кв.м
26-12-030215-2701,98.5 кв.м
26-12-010525-1768,44.4 кв.м
26-12-010525-1773,98.4 кв.м
26-12-030215-4064,130.6 кв.м
26-12-010525-1568,57.3 кв.м
26-12-030215-2815,77 кв.м
26-12-010525-1105,41.6 кв.м
26-12-030215-1898,120.6 кв.м
26-12-010525-1681,41.7 кв.м
26-12-030215-3692,113.1 кв.м
26-12-030215-2732,67.2 кв.м
26-12-010525-1764,41.3 кв.м
26-12-030215-2996,90 кв.м
26-12-030215-2632,42.4 кв.м
26-12-010525-1755,42.4 кв.м
26-12-010525-1767,87.6 кв.м
26-12-030215-1897,69.4 кв.м
26-12-010525-1566,85.2 кв.м
26-12-010525-1775,90.5 кв.м
26-12-030215-2805,90.1 кв.м
26-12-030215-2952,42.6 кв.м
26-12-010525-1763,67.8 кв.м
26-12-030215-2925,42.9 кв.м
26-12-030215-1899,31.4 кв.м
26-12-030215-1732,68.9 кв.м
26-12-030215-4065,48.5 кв.м
26-12-030215-2633,42.9 кв.м
26-12-030215-1731,108.5 кв.м
26-12-030215-3054,144.2 кв.м
26-12-030215-4211,60.3 кв.м
26-12-030215-1727,108.4 кв.м
26-12-030215-1980,123.7 кв.м
26-12-030215-1730,68.7 кв.м
26-12-010525-1777,26.3 кв.м
26-12-030215-1728,68.4 кв.м
26-12-030215-1734,69.6 кв.м
26-12-030215-433,3505.9 кв.м
26-12-030215-1729,108.7 кв.м
26-12-030215-1742,78.8 кв.м
26-12-030215-1739,149.7 кв.м
26-12-030215-1746,81.2 кв.м
26-12-030215-1737,144 кв.м
26-12-030215-1738,80.9 кв.м
26-12-030215-1733,108.7 кв.м
26-12-030215-1736,68.6 кв.м
26-12-030215-1741,144.2 кв.м
26-12-030215-1745,281.4 кв.м
26-12-030215-382,218.8 кв.м
26-12-030215-1744,80.3 кв.м
26-12-030215-1735,133.8 кв.м
26-12-030215-1743,143.9 кв.м
26-12-030211-2029,74.5 кв.м
26-12-030215-1361,22 кв.м
26-12-030211-2028,39.3 кв.м
26-12-030211-2024,11967.7 кв.м
26-12-030211-2036,74.2 кв.м
26-12-030211-2025,104.7 кв.м
26-12-030211-2030,42.4 кв.м
26-12-030211-2027,39.4 кв.м
26-12-030211-2032,105 кв.м
26-12-030211-2040,39.2 кв.м
26-12-030211-2044,42.7 кв.м
26-12-030211-2026,39.2 кв.м
26-12-030211-2031,64.1 кв.м
26-12-030215-1740,81.5 кв.м
26-12-030211-2041,39.4 кв.м
26-12-030211-2033,39.2 кв.м
26-12-030211-2035,39.2 кв.м
26-12-030215-369,208.6 кв.м
26-12-030211-2037,42.2 кв.м
26-12-030211-2039,105.3 кв.м
26-12-030211-2038,63.9 кв.м
26-12-030211-2043,74.1 кв.м
26-12-030215-1748,178.4 кв.м
26-12-030211-2034,39.3 кв.м
26-12-030211-2049,38.9 кв.м
26-12-030211-2047,39.5 кв.м
26-12-030211-2045,63.7 кв.м
26-12-030211-2042,39.3 кв.м
26-12-030211-2048,39.4 кв.м
26-12-030211-2051,42.2 кв.м
26-12-030211-2063,74.5 кв.м
26-12-030211-2062,38.4 кв.м
26-12-030211-2058,63.4 кв.м
26-12-030211-2065,63.3 кв.м
26-12-030211-2054,39.2 кв.м
26-12-010525-1882,115.6 кв.м
26-12-030211-2046,104.4 кв.м
26-12-030211-2053,104.4 кв.м
26-12-030211-2060,39.1 кв.м
26-12-030211-2064,42.1 кв.м
26-12-030211-2050,74 кв.м
26-12-030211-2066,104.4 кв.м
26-12-030211-2061,39 кв.м
26-12-030211-2057,42 кв.м
26-12-030211-2052,63.4 кв.м
26-12-030211-2070,74.1 кв.м
26-12-030211-2059,104.2 кв.м
26-12-030211-2069,38.9 кв.м
26-12-030211-2056,74.4 кв.м
26-12-030211-2067,39.1 кв.м
26-12-030211-2068,39.1 кв.м
26-12-030211-2072,104.5 кв.м
26-12-030211-2079,104.7 кв.м
26-12-030211-2078,63 кв.м
26-12-030211-2075,38.8 кв.м
26-12-030211-2071,107.1 кв.м
26-12-030211-2082,38.8 кв.м
26-12-030211-2074,39.3 кв.м
26-12-030211-2077,42 кв.м
26-12-030211-2080,38.8 кв.м
26-12-030211-2083,74 кв.м
26-12-030211-2073,39 кв.м
26-12-030211-2100,40.1 кв.м
26-12-030211-2081,39 кв.м
26-12-030211-2096,39.6 кв.м
26-12-030211-2076,74.4 кв.м
26-12-030211-2097,40.8 кв.м
26-12-030211-2084,42.2 кв.м
26-12-030211-2095,40.2 кв.м
26-12-030211-2101,39.3 кв.м
26-12-030211-2098,80.5 кв.м
26-12-030211-2103,80.4 кв.м
26-12-030211-2094,82.3 кв.м
26-12-030211-2093,63.2 кв.м
26-12-030211-2102,40.9 кв.м
26-12-030211-2107,40.9 кв.м
26-12-030211-2105,40.1 кв.м
26-12-030211-2106,39.4 кв.м
26-12-030211-2112,41.1 кв.м
26-12-030211-2099,82.3 кв.м
26-12-030211-2108,80.3 кв.м
26-12-030211-2116,39.4 кв.м
26-12-030211-2110,39.9 кв.м
26-12-030211-2104,82.3 кв.м
26-12-030211-2109,81.8 кв.м
26-12-030211-2123,80.4 кв.м
26-12-030211-2124,82 кв.м
26-12-030211-2114,82.1 кв.м
26-12-030211-2111,39.3 кв.м
26-12-030211-2129,81.9 кв.м
26-12-030211-2119,81.7 кв.м
26-12-030211-2128,80.4 кв.м
26-12-030211-2113,80.1 кв.м
26-12-030211-2120,39.8 кв.м
26-12-030211-2121,39.1 кв.м
26-12-030211-2130,39.7 кв.м
26-12-030211-2122,40.7 кв.м
26-12-030211-2127,40.5 кв.м
26-12-030211-2115,40 кв.м
26-12-030211-2126,39 кв.м
26-12-030211-2136,39.1 кв.м
26-12-030211-2140,19.9 кв.м
26-12-030211-2135,39.5 кв.м
26-12-030211-2138,40.4 кв.м
26-12-030211-2139,17.2 кв.м
26-12-030211-2148,23 кв.м
26-12-030211-2132,40.6 кв.м
26-12-030211-2134,81.4 кв.м
26-12-030211-2125,39.9 кв.м
26-12-030211-2142,31.8 кв.м
26-12-030211-2159,19.6 кв.м
26-12-030211-2133,80.4 кв.м
26-12-030211-2145,27.5 кв.м
26-12-030211-2137,124.8 кв.м
26-12-030211-2141,23.6 кв.м
26-12-030211-2131,39.1 кв.м
26-12-030211-2055,78.7 кв.м
26-12-030211-2154,19.3 кв.м
26-12-030211-2156,14.1 кв.м
26-12-030211-2158,20.2 кв.м
26-12-030211-2155,41.4 кв.м
26-12-030211-2151,18 кв.м
26-12-030211-2152,18 кв.м
26-12-030211-2144,17.7 кв.м
26-12-030211-2153,34.4 кв.м
26-12-030211-2157,20.2 кв.м
26-12-030211-2085,28.3 кв.м
26-12-030211-2160,15.1 кв.м
26-12-030211-2147,34 кв.м
26-12-030211-2146,25.9 кв.м
26-12-030211-2143,36.4 кв.м
26-12-030211-2150,21.7 кв.м
26-12-030211-2089,20 кв.м
26-12-030211-2164,20.3 кв.м
26-12-030211-2166,16.9 кв.м
26-12-030211-2163,21.1 кв.м
26-12-030211-2162,21.3 кв.м
26-12-030211-2086,19 кв.м
26-12-030211-2161,22.2 кв.м
26-12-030211-2167,20 кв.м
26-12-030211-2090,20.1 кв.м
26-12-030211-2088,26.7 кв.м
26-12-030211-2092,20.1 кв.м
26-12-030211-2087,32.7 кв.м
26-12-030211-2091,20 кв.м
26-12-030211-2170,16 кв.м
26-12-030211-2169,16 кв.м
26-12-030211-2173,8.7 кв.м
26-12-030211-2168,19.1 кв.м
26-12-030211-2174,16.9 кв.м
26-12-030211-2175,16.9 кв.м
26-12-030211-2172,8.9 кв.м
26-12-030211-2179,22.2 кв.м
26-12-030211-2176,20.3 кв.м
26-12-030211-2171,18.5 кв.м
26-12-030211-2180,15.1 кв.м
26-12-030211-2165,16.9 кв.м
26-12-030211-2181,19.6 кв.м
26-12-030211-2188,22.7 кв.м
26-12-030211-2185,7.8 кв.м
26-12-030211-2182,20.2 кв.м
26-12-030211-2183,20.2 кв.м
26-12-030211-2177,21.1 кв.м
26-12-030211-2178,21.3 кв.м
26-12-030211-2195,19.4 кв.м
26-12-030211-2196,68.9 кв.м
26-12-030211-2184,13.8 кв.м
26-12-030211-2186,32.2 кв.м
26-12-030211-2192,18 кв.м
26-12-030211-2189,22.6 кв.м
26-12-030211-2193,18 кв.м
26-12-030211-2187,36 кв.м
26-12-030211-2191,21.6 кв.м
26-12-030211-2201,86.3 кв.м
26-12-030211-2197,4.3 кв.м
26-12-030211-2194,34.4 кв.м
26-12-030211-2190,22.8 кв.м
26-12-030211-2202,87.1 кв.м
26-12-030211-2211,16 кв.м
26-12-030211-2205,20 кв.м
26-12-030211-2198,4.7 кв.м
26-12-030211-2199,136.3 кв.м
26-12-030211-2209,20 кв.м
26-12-030211-2207,20 кв.м
26-12-030211-2206,20.1 кв.м
26-12-030211-2200,163.6 кв.м
26-12-030211-2204,26.7 кв.м
26-12-030211-2208,20.1 кв.м
26-12-030211-2203,88.7 кв.м
26-12-030211-2210,19.1 кв.м
26-12-030211-2149,23.7 кв.м
26-12-030211-2214,138 кв.м
26-12-030211-2213,24.5 кв.м
26-12-030211-2217,86 кв.м
26-12-030211-2216,179.1 кв.м
26-12-030215-1375,35.7 кв.м
26-12-030211-2215,134 кв.м
26-12-030215-1376,48.7 кв.м
26-12-030215-1384,35.6 кв.м
26-12-030215-376,6204.7 кв.м
26-12-030211-2212,16 кв.м
26-12-030211-2218,176.1 кв.м
26-12-030215-1374,47.9 кв.м
26-12-030215-1392,48.3 кв.м
26-12-030215-1373,56 кв.м
26-12-030215-1385,48.7 кв.м
26-12-030215-1391,56.5 кв.м
26-12-030215-1382,56 кв.м
26-12-030215-1411,58.2 кв.м
26-12-030215-1383,48.4 кв.м
26-12-030215-1393,36 кв.м
26-12-030215-1413,37.8 кв.м
26-12-030215-1404,50.6 кв.м
26-12-030215-1403,39.1 кв.м
26-12-030215-1394,48.6 кв.м
26-12-030215-1414,50 кв.м
26-12-030215-1412,51.1 кв.м
26-12-030215-1441,58.8 кв.м
26-12-030215-1402,50.9 кв.м
26-12-030215-1401,48.7 кв.м
26-12-030215-1432,51.1 кв.м
26-12-030215-1423,37.8 кв.м
26-12-030215-1431,58.9 кв.м
26-12-030215-1424,49.6 кв.м
26-12-030215-1421,58.9 кв.м
26-12-030215-1422,51.3 кв.м
26-12-030215-1444,49.9 кв.м
26-12-030215-1434,50.1 кв.м
26-12-030215-1433,38.5 кв.м
26-12-030215-1442,51.3 кв.м
26-12-030215-1451,58.3 кв.м
26-12-030215-1454,50.1 кв.м
26-12-030215-1453,38.5 кв.м
26-12-030215-1452,51.3 кв.м
26-12-030215-1443,38.4 кв.м
26-12-030215-1377,49.5 кв.м
26-12-030215-1388,63.3 кв.м
26-12-030215-1379,64 кв.м
26-12-030215-1380,35.1 кв.м
26-12-030215-1398,44.9 кв.м
26-12-030215-1381,65.8 кв.м
26-12-030215-1390,65.7 кв.м
26-12-030215-1399,48.5 кв.м
26-12-030215-1407,67.4 кв.м
26-12-030215-1378,49.5 кв.м
26-12-030215-1396,49.9 кв.м
26-12-030215-1400,77.1 кв.м
26-12-030215-1386,64.9 кв.м
26-12-030215-1389,35 кв.м
26-12-030215-1387,49.6 кв.м
26-12-030215-1395,64.8 кв.м
26-12-030215-1397,63.7 кв.м
26-12-030215-1415,66.7 кв.м
26-12-030215-1416,51.3 кв.м
26-12-030215-1409,50.9 кв.м
26-12-030215-1405,66.6 кв.м
26-12-030215-1406,50.4 кв.м
26-12-030215-1408,35.9 кв.м
26-12-030215-1417,67.8 кв.м
26-12-030215-1418,35.9 кв.м
26-12-030215-1437,67.5 кв.м
26-12-030215-1435,66.7 кв.м
26-12-030215-1426,51 кв.м
26-12-030215-1428,35.7 кв.м
26-12-030215-1430,78.9 кв.м
26-12-030215-1420,78.6 кв.м
26-12-030215-1436,55.4 кв.м
26-12-030215-1419,51 кв.м
26-12-030215-1425,66.5 кв.м
26-12-030215-1427,67.5 кв.м
26-12-030215-1429,51.1 кв.м
26-12-030215-1439,51 кв.м
26-12-030215-1438,35.7 кв.м
26-12-030215-1410,79.2 кв.м
26-12-030215-3698,78.1 кв.м
26-12-030215-1478,51.2 кв.м
26-12-030215-1459,50.4 кв.м
26-12-030215-3001,44.1 кв.м
26-12-030215-1476,90.4 кв.м
26-12-030215-3702,143.7 кв.м
26-12-030215-3704,47.7 кв.м
26-12-030215-3697,46.2 кв.м
26-12-030215-1456,50.6 кв.м
26-12-030215-1448,51 кв.м
26-12-030215-1440,88 кв.м
26-12-030215-1449,79 кв.м
26-12-030215-3695,86.8 кв.м
26-12-030215-1450,75.8 кв.м
26-12-030215-1446,51 кв.м
26-12-030215-3696,47.7 кв.м
26-12-030215-1447,35.5 кв.м
26-12-030215-1457,66.9 кв.м
26-12-030215-1477,89.6 кв.м
26-12-030215-1474,104.1 кв.м
26-12-030215-1460,79.1 кв.м
26-12-030215-3694,40.2 кв.м
26-12-030215-1458,35.7 кв.м
26-12-030215-1445,66.4 кв.м
26-12-030215-1473,51.8 кв.м
26-12-030215-385,2852.1 кв.м
26-12-030215-1464,39.9 кв.м
26-12-030215-1463,48.5 кв.м
26-12-030215-1505,47.9 кв.м
26-12-030215-1468,54.5 кв.м
26-12-030215-1470,69.7 кв.м
26-12-030215-1472,89.9 кв.м
26-12-030215-1623,44.6 кв.м
26-12-030215-1465,89.5 кв.м
26-12-030215-1455,66.2 кв.м
26-12-030215-1502,67.9 кв.м
26-12-030215-1471,68 кв.м
26-12-030215-1466,90.2 кв.м
26-12-030215-1475,48.2 кв.м
26-12-030215-1467,51.9 кв.м
26-12-030215-1469,48.1 кв.м
26-12-030215-1503,91.9 кв.м
26-12-030215-1622,105.9 кв.м
26-12-030215-1494,50.6 кв.м
26-12-030215-1504,51 кв.м
26-12-030215-1488,51.9 кв.м
26-12-030215-1499,92.5 кв.м
26-12-030215-1495,53.4 кв.м
26-12-030215-1500,45.7 кв.м
26-12-030215-1501,69 кв.м
26-12-030215-1484,48.5 кв.м
26-12-030215-1496,44.3 кв.м
26-12-030215-1485,39 кв.м
26-12-030215-1492,89.3 кв.м
26-12-030215-1493,90.8 кв.м
26-12-030215-1487,84.2 кв.м
26-12-030215-1497,47.3 кв.м
26-12-030215-1491,46.9 кв.м
26-12-030215-1498,86.3 кв.м
26-12-030215-1482,45.2 кв.м
26-12-030215-1489,54.8 кв.м
26-12-030215-1486,89.9 кв.м
26-12-030215-1490,48.2 кв.м
26-12-030215-1483,54.9 кв.м
26-12-030215-1480,89.7 кв.м
26-12-030215-1481,91.1 кв.м
26-12-030215-1479,46.9 кв.м
26-12-030215-3703,711.7 кв.м
26-12-030215-3701,84.4 кв.м
26-12-030215-3707,53.4 кв.м
26-12-030215-2688,106.2 кв.м
26-12-030215-1616,355.3 кв.м
26-12-030215-3706,64.7 кв.м
26-12-030215-3705,130.3 кв.м
26-12-030215-3700,90.9 кв.м
26-12-030215-1508,98.2 кв.м
26-12-030215-3708,170.7 кв.м
26-12-030215-391,6416.8 кв.м
26-12-030215-3635,37.2 кв.м
26-12-030215-3699,194.4 кв.м
26-12-030215-2689,71.6 кв.м
26-12-030215-1509,47.1 кв.м
26-12-030215-1513,33.2 кв.м
26-12-030215-1519,46.4 кв.м
26-12-030215-1520,98.3 кв.м
26-12-030215-1515,98.5 кв.м
26-12-030215-1510,33.3 кв.м
26-12-030215-1551,97.9 кв.м
26-12-030215-1511,98.9 кв.м
26-12-030215-1514,46.6 кв.м
26-12-030215-4286,150 кв.м
26-12-030215-1516,98.3 кв.м
26-12-030215-1521,99 кв.м
26-12-030215-1524,46.8 кв.м
26-12-030215-1517,47.5 кв.м
26-12-030215-1522,47.4 кв.м
26-12-030215-1523,34 кв.м
26-12-030215-3626,52.6 кв.м
26-12-030215-1512,47.8 кв.м
26-12-030215-1525,96.8 кв.м
26-12-030215-1518,33.7 кв.м
26-12-030215-1530,94.7 кв.м
26-12-030215-1540,98.3 кв.м
26-12-030215-1527,34.5 кв.м
26-12-030215-1537,48.1 кв.м
26-12-030215-1536,102.5 кв.м
26-12-030215-1546,99.2 кв.м
26-12-030215-1531,46.3 кв.м
26-12-030215-1532,99.5 кв.м
26-12-030215-1533,47.7 кв.м
26-12-030215-1538,34.3 кв.м
26-12-030215-1529,98.6 кв.м
26-12-030215-1526,46.1 кв.м
26-12-030215-1528,47.2 кв.м
26-12-030215-1544,47.7 кв.м
26-12-030215-1542,46.8 кв.м
26-12-030215-1549,47.4 кв.м
26-12-030215-1539,47.6 кв.м
26-12-030215-1545,98.9 кв.м
26-12-030215-1543,99.1 кв.м
26-12-030215-1541,50.2 кв.м
26-12-030215-1547,48.1 кв.м
26-12-030215-1548,34.4 кв.м
26-12-030215-1550,98 кв.м
26-12-030215-1557,83.5 кв.м
26-12-030215-1570,90.5 кв.м
26-12-030215-1563,42.2 кв.м
26-12-030215-1565,90.5 кв.м
26-12-030215-1574,42.5 кв.м
26-12-030215-1556,90.6 кв.м
26-12-030215-1561,78.2 кв.м
26-12-030215-1555,41.1 кв.м
26-12-030215-1569,135.9 кв.м
26-12-030215-1575,125.2 кв.м
26-12-030215-1562,34.4 кв.м
26-12-030215-1576,90.5 кв.м
26-12-030215-1567,89.5 кв.м
26-12-030215-1590,90.4 кв.м
26-12-030215-1560,89.6 кв.м
26-12-030215-1558,136.2 кв.м
26-12-030215-1564,135.9 кв.м
26-12-030215-1578,90.2 кв.м
26-12-030215-1571,46.5 кв.м
26-12-030215-1568,77.8 кв.м
26-12-030215-1554,33.4 кв.м
26-12-030215-1577,32.6 кв.м
26-12-030215-1572,89.8 кв.м
26-12-030215-1559,90.5 кв.м
26-12-030215-1566,44.9 кв.м
26-12-030215-1583,89.4 кв.м
26-12-030215-1587,43 кв.м
26-12-030215-1586,45.5 кв.м
26-12-030215-1585,78.9 кв.м
26-12-030215-1582,135.9 кв.м
26-12-030215-1592,34.7 кв.м
26-12-030215-1581,42.9 кв.м
26-12-030215-1591,79.3 кв.м
26-12-030215-1589,90.5 кв.м
26-12-030215-1601,91 кв.м
26-12-030215-1584,90.2 кв.м
26-12-030215-1588,135.6 кв.м
26-12-030215-4144,164.3 кв.м
26-12-030215-1598,35.3 кв.м
26-12-030215-1599,43.1 кв.м
26-12-030215-1606,135.9 кв.м
26-12-030215-1596,90.3 кв.м
26-12-030215-1593,43 кв.м
26-12-030215-1600,135.9 кв.м
26-12-030215-1595,91 кв.м
26-12-030215-1608,90.3 кв.м
26-12-030215-1597,79.4 кв.м
26-12-030215-1607,91 кв.м
26-12-030215-1605,43 кв.м
26-12-030215-1594,134.9 кв.м
26-12-030215-1612,90.3 кв.м
26-12-030215-1610,34.6 кв.м
26-12-030215-1609,79 кв.м
26-12-030215-1604,35.3 кв.м
26-12-030215-1613,42.9 кв.м
26-12-030215-1138,54.5 кв.м
26-12-030215-353,1584.3 кв.м
26-12-030215-1155,54.4 кв.м
26-12-030215-1579,78.9 кв.м
26-12-030215-1611,135.9 кв.м
26-12-030215-1580,34.4 кв.м
26-12-030215-1140,44.2 кв.м
26-12-030215-1147,55.1 кв.м
26-12-030215-1149,43.9 кв.м
26-12-030215-1139,40 кв.м
26-12-030215-3559,211.6 кв.м
26-12-030215-1164,45.5 кв.м
26-12-030215-1150,42.2 кв.м
26-12-030215-3002,89 кв.м
26-12-030215-1142,43.4 кв.м
26-12-030211-2245,7340 кв.м
26-12-030215-1141,42.9 кв.м
26-12-030215-1154,39.6 кв.м
26-12-030211-2248,"97,7 кв.м"
26-12-030215-1165,43.4 кв.м
26-12-030215-1143,44.5 кв.м
26-12-030215-1148,40.3 кв.м
26-12-030215-1163,41.3 кв.м
26-12-030211-2246,"126,2 кв.м"
26-12-030211-2247,"59,3 кв.м"
26-12-030211-2259,"87,3 кв.м"
26-12-030211-2256,132 кв.м
26-12-030211-2254,"76,5 кв.м"
26-12-030215-1137,52.3 кв.м
26-12-030215-1162,54.4 кв.м
26-12-030211-2257,"60,8 кв.м"
26-12-030211-2249,"69,3 кв.м"
26-12-030215-1136,40.2 кв.м
26-12-030215-1151,44 кв.м
26-12-030215-1153,41.7 кв.м
26-12-030215-1146,46.1 кв.м
26-12-030215-1145,39.9 кв.м
26-12-030215-1167,54.3 кв.м
26-12-030215-1152,44.7 кв.м
26-12-030215-1144,53.7 кв.м
26-12-030215-1159,43.5 кв.м
26-12-030215-1158,52.3 кв.м
26-12-030215-1166,43.4 кв.м
26-12-030215-1169,38.7 кв.м
26-12-030215-1170,42.1 кв.м
26-12-030215-1160,45.7 кв.м
26-12-030215-1168,42 кв.м
26-12-030215-1161,41.5 кв.м
26-12-030215-4085,37.8 кв.м
26-12-030215-3711,68.3 кв.м
26-12-030215-3064,37.4 кв.м
26-12-030215-1506,94 кв.м
26-12-030215-4076,38.2 кв.м
26-12-030215-4084,32.6 кв.м
26-12-030215-3062,76.1 кв.м
26-12-030215-4078,67.9 кв.м
26-12-030215-3716,76.9 кв.м
26-12-030215-3713,87.5 кв.м
26-12-030215-3069,76.5 кв.м
26-12-030215-3033,88.1 кв.м
26-12-030215-389,94 кв.м
26-12-030215-4073,32.3 кв.м
26-12-030215-3070,85.7 кв.м
26-12-030215-4081,75.7 кв.м
26-12-030215-4082,68.2 кв.м
26-12-030215-3714,38.2 кв.м
26-12-030215-3073,85.8 кв.м
26-12-030215-3717,87 кв.м
26-12-030215-3068,32.5 кв.м
26-12-030215-3060,32.3 кв.м
26-12-030215-3071,68.3 кв.м
26-12-030215-3074,69.5 кв.м
26-12-030215-3710,75.9 кв.м
26-12-030215-3715,48 кв.м
26-12-030215-3072,38 кв.м
26-12-030215-3065,48.2 кв.м
26-12-030215-3721,37.5 кв.м
26-12-030215-3063,37.8 кв.м
26-12-030215-3720,31.6 кв.м
26-12-030215-4083,67.5 кв.м
26-12-030215-4074,76 кв.м
26-12-030215-4193,98.9 кв.м
26-12-030215-3066,76.5 кв.м
26-12-030215-4077,68.4 кв.м
26-12-030215-3719,85.2 кв.м
26-12-030215-4079,75.8 кв.м
26-12-030215-1099,59.2 кв.м
26-12-030215-4075,134.1 кв.м
26-12-030215-3067,32.5 кв.м
26-12-030215-3061,85.8 кв.м
26-12-030215-337,1869.8 кв.м
26-12-030215-3712,38.1 кв.м
26-12-030215-3718,305.7 кв.м
26-12-030215-1098,34 кв.м
26-12-030215-4080,44.1 кв.м
26-12-030215-4072,85.9 кв.м
26-12-030215-1087,60.2 кв.м
26-12-030215-1092,33.9 кв.м
26-12-030215-1093,60.3 кв.м
26-12-030215-1091,48.3 кв.м
26-12-030215-1085,49.1 кв.м
26-12-030215-1086,33.9 кв.м
26-12-030215-1079,48.5 кв.м
26-12-030215-1097,48.4 кв.м
26-12-030215-1095,33.4 кв.м
26-12-030215-1081,60.1 кв.м
26-12-030215-1080,33.7 кв.м
26-12-030215-1075,34.1 кв.м
26-12-030215-1088,59.7 кв.м
26-12-030215-1094,58.6 кв.м
26-12-030215-1089,33 кв.м
26-12-030215-1083,32.9 кв.м
26-12-030215-1073,49.7 кв.м
26-12-030215-1076,59 кв.м
26-12-030215-1082,60.8 кв.м
26-12-030215-1074,48.1 кв.м
26-12-030215-4208,49.4 кв.м
26-12-030215-1090,53.1 кв.м
26-12-030215-1072,32.7 кв.м
26-12-030215-1078,49.3 кв.м
26-12-030215-1071,60.6 кв.м
26-12-030215-1070,32.9 кв.м
26-12-030816-618,122.2 кв.м
26-12-030215-1077,60.9 кв.м
26-12-030215-1084,48.8 кв.м
26-12-030816-604,80.1 кв.м
26-12-030816-634,50.4 кв.м
26-12-030816-500,6250.2 кв.м
26-12-030816-657,23.5 кв.м
26-12-030816-616,125.4 кв.м
26-12-030816-548,79.7 кв.м
26-12-030816-554,68.5 кв.м
26-12-030816-659,23.2 кв.м
26-12-030816-608,49.8 кв.м
26-12-030816-617,45.2 кв.м
26-12-030816-605,8.5 кв.м
26-12-030816-622,72.8 кв.м
26-12-030816-632,15 кв.м
26-12-030816-656,72.8 кв.м
26-12-030816-487,68.6 кв.м
26-12-030816-647,50 кв.м
26-12-030816-673,8.4 кв.м
26-12-030816-609,49.1 кв.м
26-12-030816-613,126.6 кв.м
26-12-030816-606,43.7 кв.м
26-12-030816-547,49.5 кв.м
26-12-030816-644,44.1 кв.м
26-12-030816-668,72.3 кв.м
26-12-030816-646,80.2 кв.м
26-12-030816-541,69.9 кв.м
26-12-030816-639,14.2 кв.м
26-12-030816-637,51.6 кв.м
26-12-030816-626,29.9 кв.м
26-12-030816-665,126.3 кв.м
26-12-030816-641,49.4 кв.м
26-12-030816-649,70.5 кв.м
26-12-030816-620,80.3 кв.м
26-12-030816-640,14.2 кв.м
26-12-030816-654,49.6 кв.м
26-12-030816-664,126 кв.м
26-12-030816-610,73.2 кв.м
26-12-030816-642,49 кв.м
26-12-030816-669,79.9 кв.м
26-12-030816-648,70.2 кв.м
26-12-030816-645,71.9 кв.м
26-12-030816-523,123.8 кв.м
26-12-030816-621,80.1 кв.м
26-12-030816-655,49.6 кв.м
26-12-030816-532,43.3 кв.м
26-12-030816-628,49.4 кв.м
26-12-030816-627,30.4 кв.м
26-12-030816-607,50.2 кв.м
26-12-030816-612,128 кв.м
26-12-030816-662,43.4 кв.м
26-12-030816-660,124.4 кв.м
26-12-030816-653,126.6 кв.м
26-12-030816-520,125.4 кв.м
26-12-030816-635,112.5 кв.м
26-12-030816-666,48.9 кв.м
26-12-030816-624,68.5 кв.м
26-12-030816-623,49.5 кв.м
26-12-030816-615,49.3 кв.м
26-12-030816-516,79.4 кв.м
26-12-030816-652,70.5 кв.м
26-12-030816-650,136.1 кв.м
26-12-030816-603,82.2 кв.м
26-12-030816-658,110.4 кв.м
26-12-030816-385,47.4 кв.м
26-12-030816-390,45.6 кв.м
26-12-030816-501,115.1 кв.м
26-12-030816-672,70.7 кв.м
26-12-030816-651,50.1 кв.м
26-12-030816-611,49 кв.м
26-12-030816-667,80.9 кв.м
26-12-030816-614,48.9 кв.м
26-12-030816-619,71.2 кв.м
26-12-030816-388,102.3 кв.м
26-12-030816-372,45.3 кв.м
26-12-030816-389,102.2 кв.м
26-12-030816-386,74 кв.м
26-12-030816-391,73.9 кв.м
26-12-030816-383,129.5 кв.м
26-12-030816-382,74 кв.м
26-12-030816-381,45.5 кв.м
26-12-030816-387,130.2 кв.м
26-12-030816-380,76.5 кв.м
26-12-030816-472,30.3 кв.м
26-12-030816-378,47.3 кв.м
26-12-030816-456,19.7 кв.м
26-12-030816-375,52.4 кв.м
26-12-030816-423,45.5 кв.м
26-12-030816-379,82.4 кв.м
26-12-030816-373,73.3 кв.м
26-12-030816-376,81 кв.м
26-12-030816-377,76.7 кв.м
26-12-030816-374,129.5 кв.м
26-12-030816-454,19.7 кв.м
26-12-030816-453,25.2 кв.м
26-12-030816-462,29.4 кв.м
26-12-030816-393,47.1 кв.м
26-12-030816-392,76.6 кв.м
26-12-030816-384,52.5 кв.м
26-12-030816-396,81.5 кв.м
26-12-030816-455,19.7 кв.м
26-12-030816-450,19.1 кв.м
26-12-030816-413,129.5 кв.м
26-12-030816-467,19.1 кв.м
26-12-030816-459,19.1 кв.м
26-12-030816-399,52.3 кв.м
26-12-030816-425,73.4 кв.м
26-12-030816-424,129.4 кв.м
26-12-030816-400,47.3 кв.м
26-12-030816-422,45.5 кв.м
26-12-030816-440,25.1 кв.м
26-12-030816-452,14.7 кв.м
26-12-030816-451,14.7 кв.м
26-12-030816-418,80.9 кв.м
26-12-030816-421,47.5 кв.м
26-12-030816-460,24.5 кв.м
26-12-030816-438,27.5 кв.м
26-12-030816-419,52.4 кв.м
26-12-030816-398,75.4 кв.м
26-12-030816-401,122 кв.м
26-12-030816-420,75.9 кв.м
26-12-030816-395,52.6 кв.м
26-12-030816-439,22.9 кв.м
26-12-030816-458,15.3 кв.м
26-12-030816-397,129.1 кв.м
26-12-030816-437,15.1 кв.м
26-12-030816-402,122.6 кв.м
26-12-030816-457,8.9 кв.м
26-12-030816-442,4.9 кв.м
26-12-030816-443,15.2 кв.м
26-12-030816-394,81.1 кв.м
26-12-030816-461,16.1 кв.м
26-12-030816-414,47.8 кв.м
26-12-030816-465,8.9 кв.м
26-12-030816-415,76.6 кв.м
26-12-030816-416,81.5 кв.м
26-12-030816-436,129.6 кв.м
26-12-030816-403,122.3 кв.м
26-12-030816-430,52.5 кв.м
26-12-030816-405,76.5 кв.м
26-12-030816-406,81.6 кв.м
26-12-030816-466,25.9 кв.м
26-12-030816-690,4.7 кв.м
26-12-030816-697,"143,2 кв.м"
26-12-030816-464,11.6 кв.м
26-12-030816-404,47.4 кв.м
26-12-030816-407,52.6 кв.м
26-12-030816-427,22.1 кв.м
26-12-030816-463,11.6 кв.м
26-12-030816-409,121.2 кв.м
26-12-030816-408,129.6 кв.м
26-12-030816-426,107.5 кв.м
26-12-030816-428,35.1 кв.м
26-12-030816-433,42.3 кв.м
26-12-030816-417,124.9 кв.м
26-12-030816-629,29.8 кв.м
26-12-030816-411,51.9 кв.м
26-12-030816-429,35.4 кв.м
26-12-030816-410,83.3 кв.м
26-12-030816-412,129.8 кв.м
26-12-030816-431,28.9 кв.м
26-12-030816-432,38.2 кв.м
26-12-030816-477,41.1 кв.м
26-12-030816-434,44.4 кв.м
26-12-030816-435,35.8 кв.м
26-12-030816-661,8.4 кв.м
26-12-030816-474,22.5 кв.м
26-12-030816-449,34.8 кв.м
26-12-030816-631,58 кв.м
26-12-030816-630,32.5 кв.м
26-12-030816-473,22.2 кв.м
26-12-030816-643,9.1 кв.м
26-12-030816-691,5.5 кв.м
26-12-030816-663,37 кв.м
26-12-030816-444,4.8 кв.м
26-12-030816-441,5.6 кв.м
26-12-030816-638,21.7 кв.м
26-12-030816-633,14.9 кв.м
26-12-030816-488,38.6 кв.м
26-12-030816-352,87.6 кв.м
26-12-030816-226,5335.6 кв.м
26-12-030816-351,53.6 кв.м
26-12-030816-349,84.2 кв.м
26-12-030816-350,49.7 кв.м
26-12-030816-347,42.5 кв.м
26-12-030816-336,49.7 кв.м
26-12-030816-337,144.6 кв.м
26-12-030816-348,53.3 кв.м
26-12-030816-317,95.5 кв.м
26-12-030816-325,49.1 кв.м
26-12-030816-316,197.6 кв.м
26-12-030816-326,51.6 кв.м
26-12-030816-327,86.4 кв.м
26-12-030816-345,47.1 кв.м
26-12-030816-354,57.6 кв.м
26-12-030816-356,30.2 кв.м
26-12-030816-359,32.8 кв.м
26-12-030816-357,39.4 кв.м
26-12-030816-676,14.4 кв.м
26-12-030816-358,45.9 кв.м
26-12-030816-315,151.6 кв.м
26-12-030816-343,30.1 кв.м
26-12-030816-342,61.8 кв.м
26-12-030816-334,46.2 кв.м
26-12-030816-595,5.7 кв.м
26-12-030816-346,33.5 кв.м
26-12-030816-341,57.8 кв.м
26-12-030816-335,33.1 кв.м
26-12-030816-314,86.1 кв.м
26-12-030816-322,39.3 кв.м
26-12-030816-355,62.1 кв.м
26-12-030816-311,96.6 кв.м
26-12-030816-593,11.5 кв.м
26-12-030816-344,39.6 кв.м
26-12-030816-332,30.2 кв.м
26-12-030816-312,85.2 кв.м
26-12-030816-313,94.9 кв.м
26-12-030816-324,33.9 кв.м
26-12-030816-333,40.1 кв.м
26-12-030816-331,128.7 кв.м
26-12-030816-310,132.9 кв.м
26-12-030816-320,127.5 кв.м
26-12-030816-330,165.4 кв.м
26-12-030816-321,30.4 кв.м
26-12-030816-353,84.1 кв.м
26-12-030816-323,48.8 кв.м
26-12-030816-339,48.9 кв.м
26-12-030816-309,123.4 кв.м
26-12-030816-329,47.6 кв.м
26-12-030816-340,84.4 кв.м
26-12-030816-338,53.1 кв.м
26-12-030816-318,53.6 кв.м
26-12-030816-251,58.8 кв.м
26-12-030816-328,47.3 кв.м
26-12-030816-255,80 кв.м
26-12-030816-249,36.4 кв.м
26-12-030816-319,46.7 кв.м
26-12-030816-246,80.4 кв.м
26-12-030816-254,35.8 кв.м
26-12-030816-248,37.9 кв.м
26-12-030816-250,57.3 кв.м
26-12-030816-247,35.7 кв.м
26-12-030816-306,104.3 кв.м
26-12-030816-307,136.8 кв.м
26-12-030816-258,37.7 кв.м
26-12-030816-259,35.9 кв.м
26-12-030816-693,156.6 кв.м
26-12-030816-265,119.1 кв.м
26-12-030816-253,37.7 кв.м
26-12-030816-256,80.2 кв.м
26-12-030816-289,63.9 кв.м
26-12-030816-262,104.9 кв.м
26-12-030816-279,62.8 кв.м
26-12-030816-252,35.7 кв.м
26-12-030816-263,110.2 кв.м
26-12-030816-257,35.6 кв.м
26-12-030816-277,83 кв.м
26-12-030816-264,100.1 кв.м
26-12-030816-288,108.3 кв.м
26-12-030816-294,83.7 кв.м
26-12-030816-269,126.5 кв.м
26-12-030816-293,71.9 кв.м
26-12-030816-286,172 кв.м
26-12-030816-305,104.8 кв.м
26-12-030816-296,64.1 кв.м
26-12-030816-287,69.6 кв.м
26-12-030816-291,103.7 кв.м
26-12-030816-260,58.5 кв.м
26-12-030816-303,101 кв.м
26-12-030816-276,70.8 кв.м
26-12-030816-268,408.3 кв.м
26-12-030816-297,100.8 кв.м
26-12-030816-278,106.5 кв.м
26-12-030816-304,70.1 кв.м
26-12-030816-271,149.6 кв.м
26-12-030816-295,107 кв.м
26-12-030816-272,101.3 кв.м
26-12-030816-281,103 кв.м
26-12-030816-298,70.4 кв.м
26-12-030816-282,70.6 кв.м
26-12-030816-270,255.9 кв.м
26-12-030816-302,42.2 кв.м
26-12-030816-301,44.3 кв.м
26-12-030816-290,41.9 кв.м
26-12-030816-285,58.2 кв.м
26-12-030816-292,84 кв.м
26-12-030816-280,48.3 кв.м
26-12-030816-300,52 кв.м
26-12-030816-284,53.5 кв.м
26-12-030816-476,101.5 кв.м
26-12-030816-299,85.7 кв.м
26-12-030816-283,82.5 кв.м
26-12-030816-594,299.9 кв.м
26-12-030816-274,166.8 кв.м
26-12-030816-273,42.5 кв.м
26-12-030816-687,12.4 кв.м
26-12-030816-589,3.7 кв.м
26-12-030816-674,21.5 кв.м
26-12-030816-495,27.8 кв.м
26-12-030816-275,84.5 кв.м
26-12-030816-470,55.7 кв.м
26-12-030816-498,121.5 кв.м
26-12-030816-491,61.4 кв.м
26-12-030816-678,20.6 кв.м
26-12-030816-695,16.9 кв.м
26-12-030816-266,48.3 кв.м
26-12-030816-496,227.2 кв.м
26-12-030816-677,4.2 кв.м
26-12-030816-596,10.8 кв.м
26-12-030816-679,47.9 кв.м
26-12-030816-689,6.9 кв.м
26-12-030816-694,11.6 кв.м
26-12-030816-675,15.2 кв.м
26-12-030816-499,111.5 кв.м
26-12-030816-489,129.8 кв.м
26-12-030816-490,128.2 кв.м
26-12-030216-494,55.9 кв.м
26-12-030816-469,47 кв.м
26-12-030216-475,44.8 кв.м
26-12-030216-155,2967.7 кв.м
26-12-030816-494,125.3 кв.м
26-12-030216-473,38.9 кв.м
26-12-030216-448,37 кв.м
26-12-030216-458,38.4 кв.м
26-12-030216-595,13.3 кв.м
26-12-030216-437,39 кв.м
26-12-030216-449,38.2 кв.м
26-12-030216-594,84.6 кв.м
26-12-030216-472,36.6 кв.м
26-12-030216-436,36.4 кв.м
26-12-030216-457,36.8 кв.м
26-12-030816-497,122.2 кв.м
26-12-030216-460,59.1 кв.м
26-12-030216-421,37.4 кв.м
26-12-030216-452,59.2 кв.м
26-12-030216-474,42.1 кв.м
26-12-030216-462,30 кв.м
26-12-030216-420,36.6 кв.м
26-12-030216-432,59.9 кв.м
26-12-030216-438,59 кв.м
26-12-030216-423,59.5 кв.м
26-12-030216-450,42.1 кв.м
26-12-030216-422,41.4 кв.м
26-12-030216-439,42.4 кв.м
26-12-030216-468,58.4 кв.м
26-12-030216-424,60.2 кв.м
26-12-030216-447,30 кв.м
26-12-030216-459,41.4 кв.м
26-12-030216-461,59.4 кв.м
26-12-030216-425,29.8 кв.м
26-12-030216-469,29.5 кв.м
26-12-030216-471,60 кв.м
26-12-030216-433,30 кв.м
26-12-030216-470,29.3 кв.м
26-12-030216-446,59.8 кв.м
26-12-030216-453,42.8 кв.м
26-12-030216-429,49.6 кв.м
26-12-030216-477,42.8 кв.м
26-12-030216-465,42.4 кв.м
26-12-030216-434,29.4 кв.м
26-12-030216-464,59 кв.м
26-12-030216-441,43.1 кв.м
26-12-030216-445,29.4 кв.м
26-12-030216-444,59.8 кв.м
26-12-030216-426,29.3 кв.м
26-12-030216-466,41.5 кв.м
26-12-030216-435,60 кв.м
26-12-030216-451,60.3 кв.м
26-12-030216-463,29.4 кв.м
26-12-030216-476,60 кв.м
26-12-030216-427,59.6 кв.м
26-12-030216-454,36.2 кв.м
26-12-030216-479,36.6 кв.м
26-12-030216-456,69 кв.м
26-12-030216-478,38 кв.м
26-12-030216-442,39.1 кв.м
26-12-030216-455,38.5 кв.м
26-12-030216-430,39 кв.м
26-12-030216-596,106.9 кв.м
26-12-030216-443,37.1 кв.м
26-12-030216-467,36.1 кв.м
26-12-030216-440,60.4 кв.м
26-12-022313-406,34.4 кв.м
26-12-022313-419,35.1 кв.м
26-12-030216-431,36.2 кв.м
26-12-022313-105,3498.5 кв.м
26-12-030216-428,60.3 кв.м
26-12-022313-403,62.3 кв.м
26-12-022313-379,35.3 кв.м
26-12-022313-402,59.6 кв.м
26-12-022313-416,58.7 кв.м
26-12-022313-405,59.7 кв.м
26-12-022313-376,64.3 кв.м
26-12-022313-417,62.5 кв.м
26-12-022313-420,62.2 кв.м
26-12-022313-388,61.4 кв.м
26-12-022313-392,36.8 кв.м
26-12-022313-389,62.5 кв.м
26-12-022313-430,62.8 кв.м
26-12-022313-378,62 кв.м
26-12-022313-375,61.5 кв.м
26-12-022313-391,59.7 кв.м
26-12-022313-418,51.1 кв.м
26-12-022313-432,59.6 кв.м
26-12-022313-424,34.5 кв.м
26-12-022313-404,51.7 кв.м
26-12-022313-433,34.9 кв.м
26-12-022313-429,59.8 кв.м
26-12-022313-390,50.6 кв.м
26-12-022313-383,34.5 кв.м
26-12-022313-423,52.2 кв.м
26-12-022313-407,51.8 кв.м
26-12-022313-377,50.8 кв.м
26-12-022313-421,66.9 кв.м
26-12-022313-393,52.1 кв.м
26-12-022313-394,34.1 кв.м
26-12-022313-408,32.3 кв.м
26-12-022313-422,69.3 кв.м
26-12-022313-370,51.6 кв.м
26-12-022313-431,50.1 кв.м
26-12-022313-434,51.7 кв.м
26-12-022313-594,52.5 кв.м
26-12-022313-396,32.6 кв.м
26-12-022313-367,31.6 кв.м
26-12-022313-411,51.4 кв.м
26-12-022313-410,32.7 кв.м
26-12-022313-427,62.3 кв.м
26-12-022313-395,50.3 кв.м
26-12-022313-380,50.6 кв.м
26-12-022313-397,51.1 кв.м
26-12-011212-334,"273,1 кв.м"
26-12-011202-411,40 кв.м
26-12-022313-382,51.2 кв.м
26-12-022313-409,50.9 кв.м
26-12-011707-5021,"117,1 кв.м"
26-12-022313-426,54.6 кв.м
26-12-022313-381,34.5 кв.м
26-12-022313-413,59.8 кв.м
26-12-022313-369,32 кв.м
26-12-022313-415,58.9 кв.м
26-12-011212-464,"95,2 кв.м"
26-12-022313-428,58.6 кв.м
26-12-011707-460,"2034,3 кв.м"
26-12-011712-713,"83,5 кв.м"
26-12-011202-301,"590,7 кв.м"
26-12-011202-402,"127,4 кв.м"
26-12-011712-715,"71,7 кв.м"
26-12-022313-425,35.3 кв.м
26-12-011712-727,"87,7 кв.м"
26-12-022313-414,61.7 кв.м
26-12-022313-399,61.5 кв.м
26-12-022313-368,49.9 кв.м
26-12-022313-398,34.4 кв.м
26-12-022313-384,35.1 кв.м
26-12-022313-372,63 кв.м
26-12-022313-401,58 кв.м
26-12-022313-412,37.3 кв.м
26-12-022313-371,37 кв.м
26-12-022313-385,61.4 кв.м
26-12-022313-400,61.5 кв.м
26-12-022313-386,61.4 кв.м
26-12-022313-374,58.9 кв.м
26-12-022313-373,61.5 кв.м
26-12-030736-236,32.7 кв.м
26-12-030736-237,39.5 кв.м
26-12-011712-856,"52,1 кв.м"
26-12-022313-387,57.8 кв.м
26-12-030725-536,71.3 кв.м
26-12-030725-532,139.6 кв.м
26-12-013703-220,61.5 кв.м
26-12-030736-171,65.4 кв.м
26-12-030725-537,20.3 кв.м
26-12-030101-1746,64.9 кв.м
26-12-011712-847,"68,5 кв.м"
26-12-011712-842,68 кв.м
26-12-011712-843,"72,6 кв.м"
26-12-011712-849,"71,5 кв.м"
26-12-011712-848,"34,9 кв.м"
26-12-011712-828,69 кв.м
26-12-011712-845,49 кв.м
26-12-011712-837,"73,3 кв.м"
26-12-011712-793,"125,2 кв.м"
26-12-011712-188,"3188,3 кв.м"
26-12-011712-712,"96,7 кв.м"
26-12-011712-846,"62,7 кв.м"
26-12-011712-803,72.8 кв.м
26-12-030101-1747,87.1 кв.м
26-12-011712-809,35.5 кв.м
26-12-011712-804,34.8 кв.м
26-12-011712-805,46.2 кв.м
26-12-011712-844,35.5 кв.м
26-12-011712-832,69 кв.м
26-12-030101-1729,215.1 кв.м
26-12-011712-824,35.2 кв.м
26-12-011712-840,49.1 кв.м
26-12-030101-1719,299 кв.м
26-12-030101-1728,241.5 кв.м
26-12-011712-582,71.6 кв.м
26-12-030101-1737,76.8 кв.м
26-12-030101-1754,128.2 кв.м
26-12-030101-1766,223 кв.м
26-12-011712-827,62.9 кв.м
26-12-030101-1738,241.8 кв.м
26-12-030101-1720,119.4 кв.м
26-12-030101-1753,206.5 кв.м
26-12-030101-1755,96.5 кв.м
26-12-030101-1778,120.4 кв.м
26-12-030101-1780,96.8 кв.м
26-12-030101-1730,267.7 кв.м
26-12-011712-565,74.3 кв.м
26-12-011712-580,70.5 кв.м
26-12-030101-1779,215.6 кв.м
26-12-011712-564,38.4 кв.м
26-12-011712-567,72.2 кв.м
26-12-030715-493,480.9 кв.м
26-12-011712-672,35.5 кв.м
26-12-011712-594,36.5 кв.м
26-12-011712-613,35.5 кв.м
26-12-011712-598,35.7 кв.м
26-12-011712-612,83.2 кв.м
26-12-011712-698,37 кв.м
26-12-011712-643,38 кв.м
26-12-011712-699,68.9 кв.м
26-12-011712-702,38 кв.м
26-12-011712-655,68.4 кв.м
26-12-011712-666,36 кв.м
26-12-011712-654,36.6 кв.м
26-12-011712-701,75.8 кв.м
26-12-011712-639,36.5 кв.м
26-12-011712-628,36.1 кв.м
26-12-011712-686,77.9 кв.м
26-12-011712-667,38.4 кв.м
26-12-011712-684,74.2 кв.м
26-12-011712-642,71.3 кв.м
26-12-011712-640,66.4 кв.м
26-12-011712-625,68.7 кв.м
26-12-011712-657,70.7 кв.м
26-12-011712-665,72.4 кв.м
26-12-011712-683,38.6 кв.м
26-12-011712-627,78.8 кв.м
26-12-011712-610,69.1 кв.м
26-12-011712-559,85.8 кв.м
26-12-011712-687,35.9 кв.м
26-12-011712-624,36.5 кв.м
26-12-011712-574,69.3 кв.м
26-12-011712-669,77 кв.м
26-12-011712-626,73.1 кв.м
26-12-011712-578,54.5 кв.м
26-12-011712-596,69 кв.м
26-12-011712-566,69.3 кв.м
26-12-011712-623,54.2 кв.м
26-12-011712-622,55.2 кв.м
26-12-011712-607,55.2 кв.м
26-12-011712-593,74.1 кв.м
26-12-011712-641,69.6 кв.м
26-12-011712-577,54.8 кв.м
26-12-011712-634,76.4 кв.м
26-12-011712-563,57.2 кв.м
26-12-011712-562,56.2 кв.м
26-12-011712-681,54.5 кв.м
26-12-011712-592,56.7 кв.м
26-12-011712-605,69.2 кв.м
26-12-011712-575,69 кв.м
26-12-011712-581,69.3 кв.м
26-12-011712-591,54.8 кв.м
26-12-011712-552,"36,2 кв.м"
26-12-011712-638,54 кв.м
26-12-011712-619,68.9 кв.м
26-12-011712-637,54.8 кв.м
26-12-011712-682,53.8 кв.м
26-12-011712-685,68.1 кв.м
26-12-011712-660,68.7 кв.м
26-12-011712-560,73.6 кв.м
26-12-011712-649,68.3 кв.м
26-12-011712-652,56.9 кв.м
26-12-011712-617,76 кв.м
26-12-011712-661,54 кв.м
26-12-011712-653,53.9 кв.м
26-12-011712-678,67.4 кв.м
26-12-011712-696,56.5 кв.м
26-12-011712-656,68.4 кв.м
26-12-011712-576,35.8 кв.м
26-12-011712-572,36.4 кв.м
26-12-011712-700,73.2 кв.м
26-12-011712-561,38.4 кв.м
26-12-011712-697,53.8 кв.м
26-12-011712-573,76.2 кв.м
26-12-011712-558,71.4 кв.м
26-12-011712-645,37.5 кв.м
26-12-011712-651,36.3 кв.м
26-12-011712-555,32.3 кв.м
26-12-011712-635,72.8 кв.м
26-12-011712-647,35.8 кв.м
26-12-011712-648,73.5 кв.м
26-12-011712-650,68.3 кв.м
26-12-011712-632,36.5 кв.м
26-12-011712-553,36.2 кв.м
26-12-011712-680,35.9 кв.м
26-12-011712-676,36.2 кв.м
26-12-011712-659,67.6 кв.м
26-12-011712-679,72.8 кв.м
26-12-011712-694,69 кв.м
26-12-011712-691,36.1 кв.м
26-12-011712-695,36.2 кв.м
26-12-011712-664,70 кв.м
26-12-011712-644,35.9 кв.м
26-12-011712-670,35.9 кв.м
26-12-011712-677,75.1 кв.м
26-12-011712-646,35.5 кв.м
26-12-011712-688,41.4 кв.м
26-12-011712-690,41 кв.м
26-12-011712-671,37.5 кв.м
26-12-011712-551,35.2 кв.м
26-12-011712-689,43.1 кв.м
26-12-011712-421,36 кв.м
26-12-011712-412,70.3 кв.м
26-12-011712-409,70.7 кв.м
26-12-011712-419,70.2 кв.м
26-12-011712-411,68.5 кв.м
26-12-011712-410,35.5 кв.м
26-12-011712-413,35.9 кв.м
26-12-011712-414,36.2 кв.м
26-12-011712-422,69 кв.м
26-12-011712-418,69 кв.м
26-12-011712-416,72.2 кв.м
26-12-011712-423,70.8 кв.м
26-12-011712-420,36 кв.м
26-12-011712-415,71.6 кв.м
26-12-011712-430,71.8 кв.м
26-12-011712-424,35.7 кв.м
26-12-011712-425,36.6 кв.м
26-12-011712-431,71.7 кв.м
26-12-011712-408,35.9 кв.м
26-12-011712-434,69 кв.м
26-12-011712-433,36.9 кв.м
26-12-011712-427,71.1 кв.м
26-12-011712-426,68.9 кв.м
26-12-011712-432,35.7 кв.м
26-12-011712-429,36.3 кв.м
26-12-011712-428,35.4 кв.м
26-12-011712-435,71.4 кв.м
26-12-011712-449,53.7 кв.м
26-12-011712-440,71.1 кв.м
26-12-011712-443,68.5 кв.м
26-12-011712-439,35.6 кв.м
26-12-011712-437,36.4 кв.м
26-12-011712-436,35.8 кв.м
26-12-011712-441,36.3 кв.м
26-12-011712-438,69.1 кв.м
26-12-011712-447,70.8 кв.м
26-12-011712-448,54.6 кв.м
26-12-011712-445,52.8 кв.м
26-12-011712-446,69.2 кв.м
26-12-011712-444,53.9 кв.м
26-12-011712-452,53.8 кв.м
26-12-011712-442,67.6 кв.м
26-12-011712-477,"70,8 кв.м"
26-12-011712-450,73.3 кв.м
26-12-011712-458,68.9 кв.м
26-12-011712-456,53.6 кв.м
26-12-011712-451,54.1 кв.м
26-12-011712-461,68.7 кв.м
26-12-011712-454,67.9 кв.м
26-12-011712-550,54 кв.м
26-12-011712-457,71.6 кв.м
26-12-011712-549,68.3 кв.м
26-12-011712-480,"68,7 кв.м"
26-12-011712-487,"53,9 кв.м"
26-12-011712-460,54.6 кв.м
26-12-011712-708,"67,8 кв.м"
26-12-011712-459,54.1 кв.м
26-12-011712-455,53.1 кв.м
26-12-011712-465,68.1 кв.м
26-12-011712-463,54.2 кв.м
26-12-011712-471,53.2 кв.м
26-12-011712-709,67.2 кв.м
26-12-011712-462,69 кв.м
26-12-011712-467,54.3 кв.м
26-12-011712-464,68.5 кв.м
26-12-011712-466,54.4 кв.м
26-12-011712-476,68.5 кв.м
26-12-011712-475,53.6 кв.м
26-12-011712-469,68.7 кв.м
26-12-011712-473,69.1 кв.м
26-12-011712-501,"68,4 кв.м"
26-12-011712-481,75.3 кв.м
26-12-011712-472,68.2 кв.м
26-12-011712-468,69 кв.м
26-12-011712-474,53.7 кв.м
26-12-011712-470,53.6 кв.м
26-12-011712-502,"52,8 кв.м"
26-12-011712-492,69.1 кв.м
26-12-011712-490,53.1 кв.м
26-12-011712-485,67.4 кв.м
26-12-011712-478,53.3 кв.м
26-12-011712-489,69.3 кв.м
26-12-011712-486,53 кв.м
26-12-011712-482,50.6 кв.м
26-12-011712-523,"38,6 кв.м"
26-12-011712-494,53.2 кв.м
26-12-011712-483,54 кв.м
26-12-011712-488,72.8 кв.м
26-12-011712-500,66.8 кв.м
26-12-011712-491,53.8 кв.м
26-12-011712-503,54.3 кв.м
26-12-011712-496,70.4 кв.м
26-12-011712-495,53.6 кв.м
26-12-011712-493,69.4 кв.м
26-12-011712-499,54 кв.м
26-12-011712-509,68.3 кв.м
26-12-011712-507,53.4 кв.м
26-12-011712-504,68.8 кв.м
26-12-011712-531,"35,8 кв.м"
26-12-011712-508,68.8 кв.м
26-12-011712-506,53.4 кв.м
26-12-011712-535,"71,3 кв.м"
26-12-011712-532,"70,5 кв.м"
26-12-011712-510,53.7 кв.м
26-12-011712-520,69.6 кв.м
26-12-011712-505,68.4 кв.м
26-12-011712-511,53.8 кв.м
26-12-011712-530,36 кв.м
26-12-011712-514,34.9 кв.м
26-12-011712-525,68.8 кв.м
26-12-011712-515,34.9 кв.м
26-12-011712-524,69.6 кв.м
26-12-011712-516,69.9 кв.м
26-12-011712-518,37.5 кв.м
26-12-011712-529,68.3 кв.м
26-12-011712-522,36 кв.м
26-12-011712-134,"10347,6 кв.м"
26-12-011712-544,"35,9 кв.м"
26-12-011712-546,"70,8 кв.м"
26-12-011712-519,35.1 кв.м
26-12-011712-528,69.6 кв.м
26-12-011728-113,412 кв.м
26-12-011201-560,"12729,1 кв.м"
26-12-011712-513,70.8 кв.м
26-12-011712-547,"17,5 кв.м"
26-12-011728-130,210 кв.м
26-12-011728-131,202 кв.м
26-12-011201-750,"8,5 кв.м"
26-12-011201-639,"77,8 кв.м"
26-12-011712-517,71.4 кв.м
26-12-011712-548,1081.4 кв.м
26-12-011712-527,35.1 кв.м
26-12-011712-512,68.8 кв.м
26-12-011712-534,36.4 кв.м
26-12-011712-526,36.2 кв.м
26-12-011712-521,68.8 кв.м
26-12-011712-543,67.3 кв.м
26-12-011201-783,"8,1 кв.м"
26-12-011201-669,"75,1 кв.м"
26-12-011712-533,68.8 кв.м
26-12-011712-542,71.1 кв.м
26-12-011712-537,36.4 кв.м
26-12-011712-406,35.8 кв.м
26-12-011712-407,35.4 кв.м
26-12-011712-540,36.3 кв.м
26-12-011712-536,68.4 кв.м
26-12-011712-539,68.6 кв.м
26-12-011712-545,35.7 кв.м
26-12-011712-541,35.6 кв.м
26-12-011712-538,70.7 кв.м
26-12-011201-563,"16,9 кв.м"
26-12-011201-707,"48,8 кв.м"
26-12-011211-166,"55,1 кв.м"
26-12-011712-354,51.1 кв.м
26-12-011712-347,59.4 кв.м
26-12-011712-388,57.7 кв.м
26-12-011721-84,45.4 кв.м
26-12-011712-351,59.3 кв.м
26-12-011712-350,52.4 кв.м
26-12-011712-372,58.1 кв.м
26-12-011712-359,59.5 кв.м
26-12-011712-358,51.5 кв.м
26-12-011712-363,59.3 кв.м
26-12-011712-348,47.2 кв.м
26-12-011712-361,45.9 кв.м
26-12-011712-380,58.5 кв.м
26-12-011712-151,1476.6 кв.м
26-12-011712-362,46.4 кв.м
26-12-011712-357,46.7 кв.м
26-12-011712-352,47.1 кв.м
26-12-011712-355,59.7 кв.м
26-12-011712-356,47.3 кв.м
26-12-011712-360,47.5 кв.м
26-12-011712-365,46.2 кв.м
26-12-011712-353,46.3 кв.м
26-12-011712-346,46.5 кв.м
26-12-011712-349,46.3 кв.м
26-12-011712-373,63.8 кв.м
26-12-011712-390,"57,8 кв.м"
26-12-011712-404,63 кв.м
26-12-011712-368,61.1 кв.м
26-12-011712-364,47.2 кв.м
26-12-011712-370,62.7 кв.м
26-12-011712-394,61.1 кв.м
26-12-011712-375,63.7 кв.м
26-12-011712-378,62.2 кв.м
26-12-011712-387,62.2 кв.м
26-12-011712-383,65 кв.м
26-12-011712-405,62.4 кв.м
26-12-011712-403,58.7 кв.м
26-12-011712-379,63.9 кв.м
26-12-011712-392,63 кв.м
26-12-011712-377,60.1 кв.м
26-12-022225-110,45.4 кв.м
26-12-022232-133,61.3 кв.м
26-12-022232-90,205.7 кв.м
26-12-011712-393,64.9 кв.м
26-12-011712-398,65.5 кв.м
26-12-011712-366,58.4 кв.м
26-12-011712-400,44.6 кв.м
26-12-022232-134,50.9 кв.м
26-12-022232-132,58.6 кв.м
26-12-022225-95,393.7 кв.м
26-12-022232-135,36.1 кв.м
26-12-022305-63,55.5 кв.м
26-12-022225-106,23.9 кв.м
26-12-022225-100,24.5 кв.м
26-12-022225-111,52.9 кв.м
26-12-022403-1179,48.4 кв.м
26-12-022403-1457,30.5 кв.м
26-12-022305-60,37.7 кв.м
26-12-022305-55,77.2 кв.м
26-12-022305-53,76 кв.м
26-12-022225-108,28.6 кв.м
26-12-022225-112,22.1 кв.м
26-12-022225-115,38.3 кв.м
26-12-022225-105,26.8 кв.м
26-12-022305-51,48 кв.м
26-12-022305-50,67.1 кв.м
26-12-022305-62,38.5 кв.м
26-12-022225-109,29.5 кв.м
26-12-022305-68,47.4 кв.м
26-12-022305-57,66.1 кв.м
26-12-022403-1188,38.1 кв.м
26-12-022403-1224,55.9 кв.м
26-12-022403-1184,35.7 кв.м
26-12-022305-113,775.6 кв.м
26-12-022314-61,251.7 кв.м
26-12-022305-69,38.7 кв.м
26-12-022403-1122,104.9 кв.м
26-12-022305-65,58.2 кв.м
26-12-022403-1091,79.3 кв.м
26-12-022305-73,60.6 кв.м
26-12-022305-75,45 кв.м
26-12-022305-71,47.9 кв.м
26-12-022305-64,48.2 кв.м
26-12-022305-72,37.9 кв.м
26-12-022305-131,71.5 кв.м
26-12-022305-136,25.2 кв.м
26-12-022305-67,31.1 кв.м
26-12-022305-66,38.8 кв.м
26-12-022305-132,56.8 кв.м
26-12-022305-74,51.1 кв.м
26-12-022305-104,29.4 кв.м
26-12-022305-70,24.5 кв.м
26-12-022305-138,61.4 кв.м
26-12-022305-44,62.7 кв.м
26-12-022305-135,76.2 кв.м
26-12-022305-147,31.2 кв.м
26-12-022305-140,33.9 кв.м
26-12-022305-45,46.1 кв.м
26-12-022305-41,22.1 кв.м
26-12-022305-42,21.6 кв.м
26-12-022305-154,419.5 кв.м
26-12-022314-444,31.6 кв.м
26-12-022314-445,88.3 кв.м
26-12-022314-446,49.8 кв.м
26-12-022305-43,38.3 кв.м
26-12-022314-136,44.8 кв.м
26-12-022314-439,34.4 кв.м
26-12-022314-475,25.3 кв.м
26-12-022314-447,51.1 кв.м
26-12-022314-449,59.9 кв.м
26-12-022314-44,624.4 кв.м
26-12-022304-158,18.2 кв.м
26-12-022304-125,33.2 кв.м
26-12-022314-440,22.8 кв.м
26-12-022403-1468,19.4 кв.м
26-12-022403-1462,27.8 кв.м
26-12-022314-438,23.1 кв.м
26-12-022304-135,35.6 кв.м
26-12-022403-1305,41.7 кв.м
26-12-022314-437,57.3 кв.м
26-12-022304-126,22.9 кв.м
26-12-022304-127,24.7 кв.м
26-12-022304-132,40.2 кв.м
26-12-022304-160,16.9 кв.м
26-12-022403-1264,45.6 кв.м
26-12-022304-133,32.6 кв.м
26-12-022304-159,51.3 кв.м
26-12-022314-123,78.4 кв.м
26-12-022304-138,37.1 кв.м
26-12-022304-131,67.9 кв.м
26-12-022314-133,33.2 кв.м
26-12-022304-136,42.1 кв.м
26-12-022314-43,2097.5 кв.м
26-12-022314-121,29.3 кв.м
26-12-022314-107,40.7 кв.м
26-12-022314-120,32.3 кв.м
26-12-022314-126,31.1 кв.м
26-12-022314-137,21.8 кв.м
26-12-022314-109,44 кв.м
26-12-022314-122,44.5 кв.м
26-12-022314-127,44.9 кв.м
26-12-022314-566,41.9 кв.м
26-12-022314-106,30.5 кв.м
26-12-022314-105,32.7 кв.м
26-12-022314-160,28.5 кв.м
26-12-022314-110,71.6 кв.м
26-12-022314-108,12.8 кв.м
26-12-022314-118,56.2 кв.м
26-12-022314-128,50.9 кв.м
26-12-022314-112,48.9 кв.м
26-12-022314-139,18 кв.м
26-12-022314-117,78.7 кв.м
26-12-022314-114,63.1 кв.м
26-12-022314-124,30.5 кв.м
26-12-022314-115,37.2 кв.м
26-12-022314-125,50.6 кв.м
26-12-022314-526,33.2 кв.м
26-12-022314-116,34.7 кв.м
26-12-022403-1472,86.4 кв.м
26-12-022405-294,93.4 кв.м
26-12-022314-134,45.1 кв.м
26-12-022314-103,35.9 кв.м
26-12-022405-297,58.1 кв.м
26-12-022314-130,161.5 кв.м
26-12-022405-163,2069.7 кв.м
26-12-022403-1127,39.3 кв.м
26-12-022405-289,59.6 кв.м
26-12-022314-553,92.9 кв.м
26-12-022405-298,130.3 кв.м
26-12-022405-278,46.1 кв.м
26-12-022405-292,61.7 кв.м
26-12-022405-286,122.5 кв.м
26-12-022405-285,59.3 кв.м
26-12-022405-287,154.6 кв.м
26-12-022405-290,131.4 кв.м
26-12-022405-283,132.3 кв.м
26-12-022405-293,31.1 кв.м
26-12-022405-281,135.5 кв.м
26-12-022405-277,55.5 кв.м
26-12-022405-282,60 кв.м
26-12-022405-295,79.7 кв.м
26-12-022405-296,158.5 кв.м
26-12-022405-279,59.8 кв.м
26-12-022313-364,67.7 кв.м
26-12-022304-79,218 кв.м
26-12-022405-291,70.8 кв.м
26-12-022403-1106,50.6 кв.м
26-12-022405-288,120.5 кв.м
26-12-022405-284,59 кв.м
26-12-022403-1172,72.8 кв.м
26-12-022405-611,539.9 кв.м
26-12-022405-280,114.1 кв.м
26-12-022313-361,66.4 кв.м
26-12-022405-539,276.4 кв.м
26-12-022405-540,265.1 кв.м
26-12-022405-542,103.7 кв.м
26-12-022405-204,1093.9 кв.м
26-12-022403-1109,29.7 кв.м
26-12-022313-98,191 кв.м
26-12-022304-86,55.6 кв.м
26-12-022313-363,20.6 кв.м
26-12-022304-85,55.4 кв.м
26-12-022304-96,50.5 кв.м
26-12-022304-88,57.6 кв.м
26-12-022405-541,170.4 кв.м
26-12-022304-94,50.9 кв.м
26-12-022304-119,73.3 кв.м
26-12-022304-95,57.1 кв.м
26-12-022313-365,90.4 кв.м
26-12-022304-101,51.5 кв.м
26-12-022304-103,57.7 кв.м
26-12-022304-57,2650 кв.м
26-12-022304-104,49.6 кв.м
26-12-022313-358,83 кв.м
26-12-022304-102,57.3 кв.м
26-12-022304-89,76.7 кв.м
26-12-022304-84,48.7 кв.м
26-12-022304-110,93.8 кв.м
26-12-022304-115,50.6 кв.м
26-12-022304-91,72.6 кв.м
26-12-022304-92,52.5 кв.м
26-12-022304-93,47.5 кв.м
26-12-022304-116,76.4 кв.м
26-12-022304-106,54.4 кв.м
26-12-022304-90,42.5 кв.м
26-12-022304-108,42.6 кв.м
26-12-022304-107,78.2 кв.м
26-12-022304-118,53.2 кв.м
26-12-022304-111,75.2 кв.м
26-12-022304-97,80.1 кв.м
26-12-022304-105,74.4 кв.м
26-12-022304-99,39.4 кв.м
26-12-022304-98,55.3 кв.м
26-12-022304-117,42.3 кв.м
26-12-022304-112,81 кв.м
26-12-022304-120,79.6 кв.м
26-12-022304-114,40.1 кв.м
26-12-022304-109,51.2 кв.м
26-12-022304-100,49.9 кв.м
26-12-022304-123,50.3 кв.м
26-12-022403-1249,31.3 кв.м
26-12-022304-122,38.4 кв.м
26-12-022304-121,52.3 кв.м
26-12-022304-152,52.5 кв.м
26-12-022403-1139,24.5 кв.м
26-12-022313-85,249.7 кв.м
26-12-022313-653,26.2 кв.м
26-12-022313-448,64.4 кв.м
26-12-022313-341,25.6 кв.м
26-12-022403-1435,89.9 кв.м
26-12-022313-344,51.3 кв.м
26-12-022313-638,72.4 кв.м
26-12-022313-643,63.2 кв.м
26-12-000000-6891,17.3 кв.м
26-12-022313-631,121.4 кв.м
26-12-022304-113,51.6 кв.м
26-12-022313-337,21 кв.м
26-12-022313-340,110.2 кв.м
26-12-022313-343,44.4 кв.м
26-12-022403-1108,44 кв.м
26-12-022403-1446,79.2 кв.м
26-12-022403-1306,74.9 кв.м
26-12-022403-1105,76.8 кв.м
26-12-022403-1149,100.6 кв.м
26-12-022403-1140,112.3 кв.м
26-12-022318-785,62.5 кв.м
26-12-022403-1016,2284.5 кв.м
26-12-022403-1261,78.1 кв.м
26-12-022403-1236,39.4 кв.м
26-12-022403-1094,98.7 кв.м
26-12-022318-783,36 кв.м
26-12-022403-1170,60.2 кв.м
26-12-022403-1332,63.9 кв.м
26-12-022403-1088,62.6 кв.м
26-12-022318-786,80.6 кв.м
26-12-022403-1434,593 кв.м
26-12-022403-1189,418.4 кв.м
26-12-022239-264,"28,4 кв.м"
26-12-022216-124,150.8 кв.м
26-12-022212-133,"89,2 кв.м"
26-12-022403-1241,36.6 кв.м
26-12-022318-784,86.1 кв.м
26-12-022312-321,17.3 кв.м
26-12-022403-1451,60.1 кв.м
26-12-022312-318,35.6 кв.м
26-12-022312-330,65.7 кв.м
26-12-022239-185,52.3 кв.м
26-12-022403-1209,35.9 кв.м
26-12-022216-139,33.6 кв.м
26-12-022216-142,18.8 кв.м
26-12-022216-145,85.5 кв.м
26-12-022312-322,36.9 кв.м
26-12-022318-787,72 кв.м
26-02-104207-296,149.2 кв.м
26-12-022216-141,49.2 кв.м
26-12-022216-146,48.9 кв.м
26-12-022216-147,45.4 кв.м
26-12-022212-40,36.1 кв.м
26-12-022216-140,30.8 кв.м
26-12-022242-198,"32,9 кв.м"
26-12-022216-144,68.8 кв.м
26-12-022232-169,98.9 кв.м
26-12-022239-181,37.3 кв.м
26-12-022240-98,31.1 кв.м
26-12-022240-109,23.2 кв.м
26-12-022240-108,65.3 кв.м
26-12-022240-63,72.4 кв.м
26-12-022239-183,18.1 кв.м
26-12-022240-97,25.6 кв.м
26-12-022240-77,142.7 кв.м
26-12-022240-110,84.2 кв.м
26-12-022242-147,43.6 кв.м
26-12-022240-111,24.3 кв.м
26-12-022242-148,60 кв.м
26-12-022240-107,15.9 кв.м
26-12-022242-140,29.7 кв.м
26-12-022240-112,64.9 кв.м
26-12-022242-146,58.2 кв.м
26-12-022242-143,57.3 кв.м
26-12-022242-142,40.4 кв.м
26-12-022240-106,15.1 кв.м
26-12-022242-144,22.8 кв.м
26-12-022238-165,44 кв.м
26-12-022242-141,38.9 кв.м
26-12-022242-149,33.4 кв.м
26-12-022238-169,52 кв.м
26-12-022242-120,46.4 кв.м
26-12-022238-164,27.6 кв.м
26-12-022238-163,15.2 кв.м
26-12-022238-166,19.1 кв.м
26-12-022242-145,35.2 кв.м
26-12-022242-167,39.1 кв.м
26-12-022242-121,42.7 кв.м
26-12-022238-180,16.6 кв.м
26-12-022242-139,47.9 кв.м
26-12-022238-406,226.1 кв.м
26-12-022238-407,52 кв.м
26-12-022238-171,57.5 кв.м
26-12-022238-353,33.6 кв.м
26-12-022238-362,107.2 кв.м
26-12-022238-357,398.6 кв.м
26-12-022238-177,34.8 кв.м
26-12-022238-179,26.1 кв.м
26-12-022238-182,53.5 кв.м
26-12-022238-363,38.2 кв.м
26-12-022238-167,30.7 кв.м
26-12-022238-170,21.1 кв.м
26-12-022238-387,22.7 кв.м
26-12-022238-186,25.6 кв.м
26-12-022238-168,14.2 кв.м
26-12-022238-280,34.9 кв.м
26-12-022238-172,28.9 кв.м
26-12-022238-181,21.4 кв.м
26-12-022238-185,34.2 кв.м
26-12-022238-183,79.4 кв.м
26-12-022238-175,19.3 кв.м
26-12-022238-271,12.2 кв.м
26-12-022238-386,37.4 кв.м
26-12-022238-273,31.6 кв.м
26-12-022238-176,20.5 кв.м
26-12-022238-272,23.2 кв.м
26-12-022238-173,44.2 кв.м
26-12-022238-184,18 кв.м
26-12-022238-269,40.2 кв.м
26-12-022238-109,255.3 кв.м
26-12-022238-178,54.5 кв.м
26-12-022238-274,47.2 кв.м
26-12-022238-284,38.4 кв.м
26-12-022238-174,28.1 кв.м
26-12-022238-275,52.4 кв.м
26-12-022238-277,21.7 кв.м
26-12-022238-382,35.7 кв.м
26-12-022238-316,19.7 кв.м
26-12-022238-276,61.7 кв.м
26-12-022238-270,44 кв.м
26-12-022238-282,10.8 кв.м
26-12-022238-278,20.7 кв.м
26-12-022238-130,301.4 кв.м
26-12-022238-317,32.6 кв.м
26-12-022238-230,22.8 кв.м
26-12-022238-318,24.8 кв.м
26-12-022238-268,27 кв.м
26-12-022238-279,22.7 кв.м
26-12-022238-320,61.6 кв.м
26-12-022238-319,35.8 кв.м
26-12-022238-283,15.7 кв.м
26-12-022238-465,49.6 кв.м
26-12-022238-281,43 кв.м
26-12-022238-228,47.2 кв.м
26-12-022238-223,18.3 кв.м
26-12-022238-100,822.3 кв.м
26-12-022238-227,49.4 кв.м
26-12-022238-234,23.4 кв.м
26-12-022238-215,16.8 кв.м
26-12-022238-225,40.4 кв.м
26-12-022238-226,42 кв.м
26-12-022238-219,22.9 кв.м
26-12-022238-222,21.4 кв.м
26-12-022238-210,18 кв.м
26-12-022238-221,16.5 кв.м
26-12-022238-207,17.5 кв.м
26-12-022238-218,19.9 кв.м
26-12-022238-231,34.4 кв.м
26-12-022238-229,24.1 кв.м
26-12-022238-211,36.1 кв.м
26-12-022238-236,52.5 кв.м
26-12-022238-233,59 кв.м
26-12-022238-216,9.6 кв.м
26-33-150209-279,28.4 кв.м
26-12-022238-214,70.5 кв.м
26-12-022233-105,29.8 кв.м
26-12-022233-99,38.6 кв.м
26-12-022233-100,28.2 кв.м
26-12-022233-106,40.3 кв.м
26-12-022233-113,39.8 кв.м
26-12-022305-144,263.1 кв.м
26-12-022232-157,26.6 кв.м
26-12-022233-107,27.2 кв.м
26-12-022233-98,40.1 кв.м
26-12-022233-104,27.4 кв.м
26-12-022233-118,52.9 кв.м
26-12-022233-110,25.8 кв.м
26-12-022233-111,52.1 кв.м
26-12-022233-116,39.6 кв.м
26-12-022233-120,29.4 кв.м
26-12-022238-235,13.6 кв.м
26-12-022233-117,28.9 кв.м
26-12-022233-115,40.4 кв.м
26-12-022233-112,39.7 кв.м
26-12-022233-114,26.7 кв.м
26-12-022233-119,38.5 кв.м
26-12-022233-121,39.8 кв.м
26-12-022233-103,39.8 кв.м
26-12-022233-102,40.9 кв.м
26-12-022242-189,82.9 кв.м
26-12-021509-574,44.5 кв.м
26-12-022233-108,40.8 кв.м
26-12-022233-109,39.9 кв.м
26-12-022233-101,38.7 кв.м
26-12-022232-156,49.3 кв.м
26-12-021302-1528,49.2 кв.м
26-12-021302-1277,38.7 кв.м
26-12-022232-101,68 кв.м
26-12-021302-1527,68.6 кв.м
26-12-022232-159,25.7 кв.м
26-12-021302-1054,146.4 кв.м
26-12-022242-136,25.5 кв.м
26-12-022232-158,28.4 кв.м
26-12-022242-132,43.2 кв.м
26-12-022242-186,118.8 кв.м
26-12-022242-128,26.6 кв.м
26-12-021302-1276,24.6 кв.м
26-12-022242-129,34.8 кв.м
26-12-022242-130,29.2 кв.м
26-12-021302-1279,52.6 кв.м
26-12-022242-187,56.6 кв.м
26-12-022242-188,101.4 кв.м
26-12-021302-1278,37.4 кв.м
26-12-022242-76,178.1 кв.м
26-12-022242-137,58.1 кв.м
26-12-022313-54,174.8 кв.м
26-12-022242-135,41.8 кв.м
26-12-022242-138,80.5 кв.м
26-12-022313-156,60.1 кв.м
26-12-022242-131,45.2 кв.м
26-12-022242-133,63 кв.м
26-12-022242-127,37.6 кв.м
26-12-022313-157,47.5 кв.м
26-12-022240-128,38.2 кв.м
26-12-022313-627,30.5 кв.м
26-12-022242-126,69.1 кв.м
26-12-022313-154,41.9 кв.м
26-12-022242-134,46.9 кв.м
26-12-022313-155,108.1 кв.м
26-12-022240-94,35.7 кв.м
26-12-022312-433,64.2 кв.м
26-12-022240-62,175.6 кв.м
26-12-022240-95,57.4 кв.м
26-12-022240-99,62.5 кв.м
26-12-022240-100,61.9 кв.м
26-12-022241-149,114.7 кв.м
26-12-022240-96,52.8 кв.м
26-12-022240-72,124.4 кв.м
26-12-022241-171,35.8 кв.м
26-12-021513-283,41.2 кв.м
26-12-021513-193,44.6 кв.м
26-12-021513-121,886.9 кв.м
26-12-022241-173,61.3 кв.м
26-12-021513-285,41.6 кв.м
26-12-022241-172,48.9 кв.м
26-12-022241-147,50.8 кв.м
26-12-021513-181,57.6 кв.м
26-12-021513-284,62.9 кв.м
26-12-021513-180,65.1 кв.м
26-12-021513-184,78.6 кв.м
26-12-021513-297,61.8 кв.м
26-12-021513-189,63 кв.м
26-12-021513-185,44.9 кв.м
26-12-021513-286,66.5 кв.м
26-12-022242-158,41.9 кв.м
26-12-021513-183,76 кв.м
26-12-022242-160,28.1 кв.м
26-12-022242-159,31.8 кв.м
26-12-022242-163,31 кв.м
26-12-022242-157,44.1 кв.м
26-12-021513-192,102.4 кв.м
26-12-022242-162,38.8 кв.м
26-12-021513-287,40.8 кв.м
26-12-021513-188,44 кв.м
26-12-022242-153,41.9 кв.м
26-12-021512-246,42 кв.м
26-12-021513-178,39.8 кв.м
26-12-021518-322,41.1 кв.м
26-12-021518-323,18.5 кв.м
26-12-021518-285,45.1 кв.м
26-12-022242-194,20.9 кв.м
26-12-021518-319,15.3 кв.м
26-12-021518-321,29.1 кв.м
26-12-021518-320,23.2 кв.м
26-12-022241-119,65.9 кв.м
26-12-021518-318,48.4 кв.м
26-12-021518-148,248.9 кв.м
26-12-022241-187,65.9 кв.м
26-12-022242-193,44.2 кв.м
26-12-021518-281,15.3 кв.м
26-12-021512-195,42.1 кв.м
26-12-022241-185,34.6 кв.м
26-12-021512-108,42.1 кв.м
26-12-022230-141,86.1 кв.м
26-12-021518-481,59.5 кв.м
26-12-021512-262,41.9 кв.м
26-12-021512-224,54 кв.м
26-12-022230-157,22.8 кв.м
26-12-022241-68,165.5 кв.м
26-12-022241-67,153.9 кв.м
26-12-021512-267,44 кв.м
26-12-022230-156,30.6 кв.м
26-12-022241-97,40.5 кв.м
26-12-022242-87,111.8 кв.м
26-12-022241-145,41.6 кв.м
26-12-021518-480,55.4 кв.м
26-12-022241-167,42.9 кв.м
26-12-022241-117,26.6 кв.м
26-12-022241-66,146.7 кв.м
26-12-022242-199,"42,9 кв.м"
26-12-022242-152,111.8 кв.м
26-12-022241-114,31.9 кв.м
26-12-022242-151,32.8 кв.м
26-12-022242-182,20.9 кв.м
26-12-022241-138,44.8 кв.м
26-12-022241-118,17.4 кв.м
26-12-022242-150,47.8 кв.м
26-12-022242-168,96.3 кв.м
26-12-022241-190,64.4 кв.м
26-12-022241-132,54.9 кв.м
26-12-022242-170,20 кв.м
26-12-022241-140,28.9 кв.м
26-12-022241-139,50.4 кв.м
26-12-000000-2291,54.4 кв.м
26-12-022241-99,25.3 кв.м
26-12-022242-169,20 кв.м
26-12-022241-62,179.7 кв.м
26-12-000000-2292,39.9 кв.м
26-12-022241-101,16.3 кв.м
26-12-022241-98,54.9 кв.м
26-12-022241-83,54.9 кв.м
26-12-022242-183,45.2 кв.м
26-12-022241-191,62.2 кв.м
26-12-022241-100,16.7 кв.м
26-12-022241-109,32.1 кв.м
26-12-022242-172,30.2 кв.м
26-12-022242-181,40 кв.м
26-12-022241-103,51 кв.м
26-12-022241-102,49.6 кв.м
26-12-022241-113,34.4 кв.м
26-12-022242-65,189.9 кв.м
26-12-022242-111,21.3 кв.м
26-12-022242-110,17.2 кв.м
26-12-022241-104,46.1 кв.м
26-12-022242-180,28.5 кв.м
26-12-022242-112,16.1 кв.м
26-12-022242-114,37.7 кв.м
26-12-022241-111,18.5 кв.м
26-12-022241-169,86.6 кв.м
26-12-022242-116,36.5 кв.м
26-12-022241-170,48.3 кв.м
26-12-022242-115,36.4 кв.м
26-12-022241-106,53.1 кв.м
26-12-022241-63,180.3 кв.м
26-12-022241-69,299.1 кв.м
26-12-022241-135,71.8 кв.м
26-12-022241-136,28.7 кв.м
26-12-022241-112,43.4 кв.м
26-12-022241-108,51.2 кв.м
26-12-022242-113,34.7 кв.м
26-12-022241-137,23.7 кв.м
26-12-022241-131,34 кв.м
26-12-022242-109,27.2 кв.м
26-12-022242-107,26.8 кв.м
26-12-022241-107,34.7 кв.м
26-12-022241-127,51.2 кв.м
26-12-022241-168,32 кв.м
26-12-022241-105,42.9 кв.м
26-12-022241-188,30.5 кв.м
26-12-022241-110,42 кв.м
26-12-022242-105,21.2 кв.м
26-12-022241-155,21.8 кв.м
26-12-022242-104,51.6 кв.м
26-12-022242-106,43.4 кв.м
26-12-021518-565,58.6 кв.м
26-12-022242-58,281.5 кв.м
26-12-022239-254,132.4 кв.м
26-12-022239-158,44.7 кв.м
26-12-021518-415,46 кв.м
26-12-022233-94,38.9 кв.м
26-12-021518-324,49 кв.м
26-12-022242-108,18.9 кв.м
26-12-021518-476,354.2 кв.м
26-12-022239-118,48.5 кв.м
26-12-022242-185,48.3 кв.м
26-12-021518-376,46.9 кв.м
26-12-021518-461,256.9 кв.м
26-12-022239-116,39.2 кв.м
26-12-021518-147,227.4 кв.м
26-12-022233-92,49.3 кв.м
26-12-021518-477,38.2 кв.м
26-12-022233-93,49.6 кв.м
26-12-021518-378,32.7 кв.м
26-12-021518-388,32 кв.м
26-12-021518-386,41 кв.м
26-12-021518-385,60.4 кв.м
26-12-021518-377,33.8 кв.м
26-12-021518-360,27.4 кв.м
26-12-022233-142,53.2 кв.м
26-12-021518-341,28.4 кв.м
26-12-021518-208,297.3 кв.м
26-12-021518-362,27.5 кв.м
26-12-022233-95,54.7 кв.м
26-12-021518-363,34.4 кв.м
26-12-021518-340,29.3 кв.м
26-12-021518-342,24.2 кв.м
26-12-022233-135,30.7 кв.м
26-12-021518-511,32.7 кв.м
26-12-021518-359,21 кв.м
26-12-021518-364,43.2 кв.м
26-12-022232-162,49.7 кв.м
26-12-022233-141,52.6 кв.м
26-12-022233-97,47.2 кв.м
26-12-022233-96,40 кв.м
26-12-022233-140,209 кв.м
26-12-022233-143,53.5 кв.м
26-12-022233-138,17.8 кв.м
26-12-022233-66,76.4 кв.м
26-12-021518-530,14.5 кв.м
26-12-022233-139,47.3 кв.м
26-12-022233-90,37.2 кв.м
26-12-022233-137,20 кв.м
26-12-022233-136,28.1 кв.м
26-12-021518-537,53.3 кв.м
26-12-021518-527,45.3 кв.м
26-12-021518-513,25.3 кв.м
26-12-022233-89,54.7 кв.м
26-12-021518-534,40.2 кв.м
26-12-021518-384,41.7 кв.м
26-12-021518-536,46.8 кв.м
26-12-021518-533,8.9 кв.м
26-12-021518-361,34.9 кв.м
26-12-021518-535,52.3 кв.м
26-12-021518-394,18.1 кв.м
26-12-021518-528,18.6 кв.м
26-12-021518-529,12.9 кв.м
26-12-021518-395,59.8 кв.м
26-12-021518-416,89.5 кв.м
26-12-021518-556,29.6 кв.м
26-12-021518-558,59.8 кв.м
26-12-021518-518,17.5 кв.м
26-12-021518-237,117.5 кв.м
26-12-021518-532,22.5 кв.м
26-12-021518-531,22.4 кв.м
26-12-021518-392,20.8 кв.м
26-12-021518-354,16.9 кв.м
26-12-021518-353,32.8 кв.м
26-12-021518-403,38.7 кв.м
26-12-022240-104,71.9 кв.м
26-12-022232-176,"21,1 кв.м"
26-12-021518-355,35.7 кв.м
26-12-022240-119,42.8 кв.м
26-12-022240-76,142.7 кв.м
26-12-021518-352,32.1 кв.м
26-12-022240-102,14.7 кв.м
26-12-022240-103,21.7 кв.м
26-12-021518-366,39.5 кв.м
26-12-022240-105,70.8 кв.м
26-12-022240-118,31.6 кв.м
26-12-021518-370,38.6 кв.м
26-12-021518-372,28.8 кв.м
26-12-021518-365,37.5 кв.м
26-12-021518-371,88.9 кв.м
26-12-022240-101,20.5 кв.м
26-12-021518-368,27.9 кв.м
26-12-021518-369,25.6 кв.м
26-12-021518-245,117.2 кв.м
26-12-022232-153,96.5 кв.м
26-12-021518-347,43 кв.м
26-12-022232-136,51.5 кв.м
26-12-022232-145,58.1 кв.м
26-12-022232-128,41.2 кв.м
26-12-021518-373,63.9 кв.м
26-12-021518-222,37.1 кв.м
26-12-022232-91,375 кв.м
26-12-022232-147,22.8 кв.м
26-12-022232-89,257.5 кв.м
26-12-022239-171,39.4 кв.м
26-12-022232-150,21.8 кв.м
26-12-022232-151,60.7 кв.м
26-12-022232-144,35 кв.м
26-12-022239-106,291.7 кв.м
26-12-022239-168,34 кв.м
26-12-022239-201,38.7 кв.м
26-12-022239-189,50.4 кв.м
26-12-022239-195,22.8 кв.м
26-12-022239-89,146.9 кв.м
26-12-022239-169,90.7 кв.м
26-12-022239-192,63.2 кв.м
26-12-022232-149,18.8 кв.м
26-12-022239-191,36.7 кв.м
26-12-022239-188,42.9 кв.м
26-12-022239-170,59.5 кв.м
26-12-022239-144,31 кв.м
26-12-022239-194,31.4 кв.м
26-12-022239-200,32.1 кв.м
26-12-022239-198,39.5 кв.м
26-12-022239-199,30 кв.м
26-12-022239-197,30.6 кв.м
26-12-022239-149,32.8 кв.м
26-12-022239-196,27.5 кв.м
26-12-022239-143,23.6 кв.м
26-12-022239-161,59 кв.м
26-12-022239-193,17.3 кв.м
26-12-022239-147,30 кв.м
26-12-022239-148,61.6 кв.м
26-12-022239-248,22.7 кв.м
26-12-022239-165,45.6 кв.м
26-12-022239-150,56.7 кв.м
26-12-022239-146,23.3 кв.м
26-12-022239-145,49.8 кв.м
26-12-022239-73,127.7 кв.м
26-12-022239-83,290.2 кв.м
26-12-022239-164,18.5 кв.м
26-12-022239-160,103.8 кв.м
26-12-022239-152,26.2 кв.м
26-12-022239-162,25.3 кв.м
26-12-022239-151,32.9 кв.м
26-12-022239-163,38 кв.м
26-12-021518-375,42.2 кв.м
26-12-022239-166,41.9 кв.м
26-12-022239-167,60.4 кв.м
26-12-021518-242,103.6 кв.м
26-12-021518-345,50.3 кв.м
26-12-021518-374,93.3 кв.м
26-12-022239-257,90.1 кв.м
26-12-022312-160,44.6 кв.м
26-12-022312-159,42.7 кв.м
26-12-022313-512,43.5 кв.м
26-12-022313-513,55.5 кв.м
26-12-022312-192,44.9 кв.м
26-12-022313-506,41.6 кв.м
26-12-022312-92,680.1 кв.м
26-12-022313-511,43.2 кв.м
26-12-022313-518,68.6 кв.м
26-12-022313-510,56.5 кв.м
26-12-022312-174,44.5 кв.м
26-12-022312-180,45.9 кв.м
26-12-022312-178,39.9 кв.м
26-12-022312-171,30.4 кв.м
26-12-022312-163,55.2 кв.м
26-12-022313-499,56.8 кв.м
26-12-022313-495,44.1 кв.м
26-12-022312-364,56.6 кв.м
26-12-022312-189,43.2 кв.м
26-12-022312-164,41.5 кв.м
26-12-022313-507,30.9 кв.м
26-12-022313-486,29.5 кв.м
26-12-022312-541,41.1 кв.м
26-12-022313-498,44.2 кв.м
26-12-022313-509,44.5 кв.м
26-12-022312-537,67.2 кв.м
26-12-022312-169,44.5 кв.м
26-12-022313-500,44.2 кв.м
26-12-022312-179,55.2 кв.м
26-12-022313-520,56 кв.м
26-12-022312-186,40.7 кв.м
26-12-022313-504,40.7 кв.м
26-12-022312-176,57.2 кв.м
26-12-022312-539,30.9 кв.м
26-12-022313-517,42.9 кв.м
26-12-022313-489,56.1 кв.м
26-12-022312-202,68.8 кв.м
26-12-022313-508,33 кв.м
26-12-022313-503,55.7 кв.м
26-12-022312-197,40.3 кв.м
26-12-022312-538,56.6 кв.м
26-12-022313-496,31.4 кв.м
26-12-022312-201,32.1 кв.м
26-12-022313-502,54.8 кв.м
26-12-022312-200,28 кв.м
26-12-022312-209,42 кв.м
26-12-022313-494,42.7 кв.м
26-12-022312-204,57.6 кв.м
26-12-022313-521,58.3 кв.м
26-12-022313-490,32.1 кв.м
26-12-022312-536,41.1 кв.м
26-12-022312-208,57.9 кв.м
26-12-022312-528,123.6 кв.м
26-12-022312-207,57.5 кв.м
26-12-022313-299,26.5 кв.м
26-12-022313-519,57.9 кв.м
26-12-022312-365,31.3 кв.м
26-12-022312-194,56.1 кв.м
26-12-022403-1507,155.1 кв.м
26-12-022312-540,67.5 кв.м
26-12-022312-548,123.6 кв.м
26-12-022313-661,20.1 кв.м
26-12-022313-662,14.8 кв.м
26-12-022312-152,42.7 кв.м
26-12-022313-69,404.5 кв.м
26-12-022312-153,44.7 кв.м
26-12-022313-301,51.8 кв.м
26-12-022312-154,36.9 кв.м
26-12-022313-656,17.9 кв.м
26-12-022313-302,36.2 кв.м
26-12-022312-151,36.6 кв.м
26-12-022313-300,18.1 кв.м
26-12-022313-296,25.1 кв.м
26-12-022312-139,53.6 кв.м
26-12-022312-135,36 кв.м
26-12-022312-145,31.4 кв.м
26-12-022312-144,30.5 кв.м
26-12-022313-309,50.2 кв.м
26-12-022312-147,36.2 кв.м
26-12-022312-149,43.2 кв.м
26-12-022313-464,733.3 кв.м
26-12-022313-310,50 кв.м
26-12-022312-65,531.1 кв.м
26-12-022312-143,53.1 кв.м
26-12-022312-148,42.4 кв.м
26-12-022313-312,48.8 кв.м
26-12-022313-313,77.5 кв.м
26-12-022313-308,50 кв.м
26-12-022313-618,50.5 кв.м
26-12-022313-318,50.4 кв.м
26-12-022313-620,64.2 кв.м
26-12-022313-315,49.5 кв.м
26-12-030216-161,59.6 кв.м
26-12-022313-621,51.3 кв.м
26-12-022313-167,53.9 кв.м
26-12-022313-305,29.5 кв.м
26-12-022313-615,47.4 кв.м
26-12-022313-71,215.4 кв.м
26-12-022313-306,44.9 кв.м
26-12-022313-55,560.6 кв.м
26-12-022313-307,42.5 кв.м
26-12-022313-168,53.5 кв.м
26-12-022313-164,50.9 кв.м
26-12-022313-161,35.4 кв.м
26-12-022313-165,60.4 кв.м
26-12-022313-163,66 кв.м
26-12-022313-166,49.8 кв.м
26-12-022313-158,50.1 кв.м
26-12-021609-198,77.1 кв.м
26-12-021609-204,54.2 кв.м
26-12-022313-303,52 кв.м
26-12-021609-196,46.1 кв.м
26-12-022313-169,62.6 кв.м
26-12-022313-439,1509 кв.м
26-12-021609-197,100.3 кв.м
26-12-021609-132,2976.6 кв.м
26-12-022313-160,25.6 кв.м
26-12-021609-201,54.4 кв.м
26-12-021609-203,36.8 кв.м
26-12-021609-200,36.2 кв.м
26-12-022313-162,27.2 кв.м
26-12-021609-190,37 кв.м
26-12-021609-199,45.4 кв.м
26-12-021609-191,54.6 кв.м
26-12-021609-194,55.7 кв.м
26-12-021609-192,55.7 кв.м
26-12-021609-176,58.4 кв.м
26-12-021609-193,45.5 кв.м
26-12-021609-183,41.7 кв.м
26-12-021609-180,42.6 кв.м
26-12-021609-189,45.6 кв.м
26-12-021609-202,52.3 кв.м
26-12-021609-195,55.1 кв.м
26-12-021609-186,31.8 кв.м
26-12-021609-174,117.5 кв.м
26-12-021609-188,56 кв.м
26-12-021609-166,71.2 кв.м
26-12-021609-168,66.8 кв.м
26-12-021609-177,56.2 кв.м
26-12-021609-185,62.8 кв.м
26-12-021609-169,38.9 кв.м
26-12-021609-184,61 кв.м
26-12-021609-187,59.7 кв.м
26-12-021609-181,65.2 кв.м
26-12-021609-172,64.5 кв.м
26-12-021609-154,68.2 кв.м
26-12-021609-178,65.4 кв.м
26-12-021609-167,66.7 кв.м
26-12-021609-171,115.2 кв.м
26-12-021609-170,64.8 кв.м
26-12-021609-161,69.2 кв.м
26-12-021609-165,66.3 кв.м
26-12-021609-164,70.2 кв.м
26-12-021609-220,65.8 кв.м
26-12-021609-156,66 кв.м
26-12-021609-162,66.2 кв.м
26-12-021609-158,68.9 кв.м
26-12-022313-120,49.7 кв.м
26-12-021609-159,66.5 кв.м
26-12-021609-163,50.7 кв.м
26-12-022313-141,51.2 кв.м
26-12-021609-210,166.9 кв.м
26-12-022314-583,24.3 кв.м
26-12-022313-129,49.8 кв.м
26-12-021609-155,52.4 кв.м
26-12-022313-131,51.3 кв.м
26-12-022313-118,48.4 кв.м
26-12-022313-119,64.5 кв.м
26-12-022313-122,51 кв.м
26-12-022313-132,48 кв.м
26-12-021609-160,50.3 кв.м
26-12-022313-470,107.4 кв.м
26-12-021609-219,66.2 кв.м
26-12-022313-133,48.4 кв.м
26-12-022313-130,65.7 кв.м
26-12-022313-125,45.4 кв.м
26-12-022313-142,65.2 кв.м
26-12-022313-124,49.2 кв.м
26-12-022313-123,65.3 кв.м
26-12-022313-134,51 кв.м
26-12-022313-135,66.4 кв.м
26-12-022313-136,49.5 кв.м
26-12-022313-144,48.1 кв.м
26-12-022313-143,50.5 кв.м
26-12-022313-121,48.1 кв.м
26-12-022313-147,66.9 кв.м
26-12-022313-145,48.7 кв.м
26-12-022313-146,51.2 кв.м
26-12-022313-128,48.6 кв.м
26-12-022313-138,51.2 кв.м
26-12-022313-150,50.5 кв.м
26-12-022313-148,50 кв.м
26-12-022313-171,64.3 кв.м
26-12-022313-137,47.3 кв.м
26-12-022313-126,50.4 кв.м
26-12-022313-153,215.1 кв.м
26-12-022313-127,64.4 кв.м
26-12-022313-111,56.2 кв.м
26-12-022313-172,64.3 кв.м
26-12-022313-637,76.1 кв.м
26-12-022313-140,48.8 кв.м
26-12-022313-149,47 кв.м
26-12-022313-110,59.2 кв.м
26-12-022313-528,13.6 кв.м
26-12-022313-109,57.1 кв.м
26-12-022313-51,599.3 кв.м
26-12-022313-152,47.5 кв.м
26-12-022313-579,74.4 кв.м
26-12-022313-289,64.9 кв.м
26-12-022313-553,46.6 кв.м
26-12-022313-573,187.3 кв.м
26-12-022313-544,24.1 кв.м
26-12-022313-641,17.1 кв.м
26-12-022313-116,57.7 кв.м
26-12-022313-114,58.1 кв.м
26-12-022313-285,79.1 кв.м
26-12-022313-117,55.7 кв.м
26-12-022313-112,58.6 кв.м
26-12-022313-284,33.4 кв.м
26-12-022313-275,65 кв.м
26-12-022313-287,48.8 кв.м
26-12-022313-262,97.7 кв.м
26-12-022313-113,56.8 кв.м
26-12-022313-272,64.7 кв.м
26-12-022313-273,49.3 кв.м
26-12-022313-288,97.6 кв.м
26-12-022313-115,56.8 кв.м
26-12-022313-286,63.4 кв.м
26-12-022313-270,32.8 кв.м
26-12-022313-236,100 кв.м
26-12-022313-274,96 кв.м
26-12-022313-260,48.9 кв.м
26-12-022313-257,33.5 кв.м
26-12-022313-256,83.5 кв.м
26-12-022313-261,64.5 кв.м
26-12-022313-271,83.7 кв.м
26-12-022313-235,43.1 кв.м
26-12-022313-283,34.1 кв.м
26-12-022313-248,98 кв.м
26-12-022313-246,64.7 кв.м
26-12-022313-259,64.5 кв.м
26-12-022313-233,80 кв.м
26-12-022313-238,64.4 кв.м
26-12-022313-249,64.9 кв.м
26-12-022313-220,66.9 кв.м
26-12-022313-221,67.6 кв.м
26-12-022313-247,49 кв.м
26-12-022313-219,79.4 кв.м
26-12-022313-222,101.5 кв.м
26-12-022313-237,65.8 кв.м
26-12-022313-234,63.8 кв.м
26-12-022313-211,64 кв.м
26-12-022313-232,34.9 кв.м
26-12-022313-218,33.4 кв.м
26-12-022313-224,50.9 кв.м
26-12-022313-198,63.9 кв.м
26-12-022313-208,78.7 кв.м
26-12-022313-197,98.3 кв.м
26-12-022313-210,101.6 кв.м
26-12-022313-207,33.1 кв.м
26-12-022313-196,49.7 кв.м
26-12-022313-194,77.5 кв.м
26-12-022313-193,33.9 кв.м
26-12-022313-205,63.9 кв.м
26-12-022313-209,49.9 кв.м
26-12-022313-195,63.7 кв.м
26-12-022313-185,100.7 кв.м
26-12-022313-183,63.6 кв.м
26-12-022313-186,64.8 кв.м
26-12-022313-182,83.2 кв.м
26-12-022313-292,67.9 кв.м
26-12-022313-269,63.5 кв.м
26-12-022313-282,63.8 кв.м
26-12-022313-281,78.5 кв.м
26-12-022313-278,61.8 кв.м
26-12-022313-279,48.6 кв.м
26-12-022313-184,49.7 кв.м
26-12-022313-266,49.1 кв.м
26-12-022313-265,61.4 кв.м
26-12-022313-277,83.6 кв.м
26-12-022313-244,77 кв.м
26-12-022313-280,51.6 кв.м
26-12-022313-181,34.6 кв.м
26-12-022313-264,92.2 кв.м
26-12-022313-258,64 кв.м
26-12-022313-251,66.2 кв.м
26-12-022313-242,50.9 кв.м
26-12-022313-268,78.2 кв.м
26-12-022313-255,48.1 кв.м
26-12-022313-267,48.8 кв.м
26-12-022313-263,66.4 кв.м
26-12-022313-245,63.4 кв.м
26-12-022313-291,77 кв.м
26-12-022313-250,97.6 кв.м
26-12-022313-215,49.1 кв.м
26-12-022313-226,67.4 кв.м
26-12-022313-253,50.2 кв.м
26-12-022313-200,66.2 кв.м
26-12-022313-243,49.6 кв.м
26-12-022313-240,83.9 кв.м
26-12-022313-252,61.7 кв.м
26-12-022313-231,63.3 кв.м
26-12-022313-241,62 кв.м
26-12-022313-229,48.6 кв.м
26-12-022313-239,66.9 кв.м
26-12-022313-217,66.1 кв.м
26-12-022313-228,48.7 кв.м
26-12-022313-227,83.9 кв.м
26-12-022313-230,76.2 кв.м
26-12-022313-225,64.6 кв.м
26-12-022313-214,47.7 кв.м
26-12-022313-212,67.1 кв.м
26-12-022313-216,81.1 кв.м
26-12-022313-223,87.9 кв.м
26-12-022313-201,63.7 кв.м
26-12-022313-213,62.9 кв.м
26-12-022313-190,77.5 кв.м
26-12-022313-179,76.7 кв.м
26-12-022313-199,83.9 кв.м
26-12-022313-202,47.1 кв.м
26-12-022313-187,70.7 кв.м
26-12-022313-290,84 кв.м
26-12-022313-174,69.9 кв.м
26-12-022313-206,82.4 кв.м
26-12-022313-204,67.2 кв.м
26-12-022313-542,63.4 кв.м
26-12-022313-189,48.7 кв.м
26-12-022313-178,48.3 кв.м
26-12-022313-188,62.1 кв.м
26-12-022313-192,53.3 кв.м
26-12-022313-180,63.8 кв.м
26-12-022313-176,65.9 кв.м
26-12-022313-177,47.2 кв.м
26-12-021513-322,"103,7 кв.м"
26-12-022313-175,84 кв.м
26-12-022319-243,34.9 кв.м
26-12-022319-270,21 кв.м
26-12-022319-249,33.3 кв.м
26-12-022319-155,296.4 кв.м
26-12-021518-832,"67,5 кв.м"
26-12-021518-501,40.1 кв.м
26-12-022313-655,35.4 кв.м
26-12-022313-549,219.8 кв.м
26-12-022313-654,81 кв.м
26-12-022319-272,21.2 кв.м
26-12-022319-246,39.2 кв.м
26-12-021513-325,"21,3 кв.м"
26-12-022319-244,26.8 кв.м
26-12-022319-271,25.1 кв.м
26-12-022319-245,41.2 кв.м
26-12-022313-203,51.2 кв.м
26-12-022319-254,84.1 кв.м
26-12-021518-507,25.4 кв.м
26-12-022319-257,39.8 кв.м
26-12-021513-292,23.2 кв.м
26-12-021518-506,31.5 кв.м
26-12-021518-500,35 кв.м
26-12-022319-256,43.3 кв.м
26-12-022319-301,39.2 кв.м
26-12-021518-398,431 кв.м
26-12-021518-539,143 кв.м
26-12-021518-508,41.8 кв.м
26-12-021513-294,27.5 кв.м
26-12-021518-499,30.4 кв.м
26-12-022240-173,"38,6 кв.м"
26-12-022240-395,"14,3 кв.м"
26-12-021518-399,25.4 кв.м
26-12-021518-483,37.9 кв.м
26-12-021518-502,26.7 кв.м
26-12-022240-393,"35,1 кв.м"
26-12-021518-547,16.7 кв.м
26-12-021518-546,48.9 кв.м
26-12-021513-177,62.6 кв.м
26-12-021518-544,51.6 кв.м
26-12-021518-484,44 кв.м
26-12-021513-209,24.4 кв.м
26-12-022240-398,"22,1 кв.м"
26-12-021513-131,92.2 кв.м
26-12-021513-221,17.6 кв.м
26-12-021513-222,25.1 кв.м
26-12-021513-208,20.2 кв.м
26-12-021513-118,120.5 кв.м
26-12-021513-220,72.3 кв.м
26-12-021518-482,24.8 кв.м
26-12-021518-541,101.2 кв.м
26-12-021513-211,42.8 кв.м
26-12-021513-205,29.9 кв.м
26-12-022240-152,51.2 кв.м
26-12-022240-151,30.5 кв.м
26-12-021513-175,13.9 кв.м
26-12-022240-145,49.3 кв.м
26-12-022240-113,33.1 кв.м
26-12-021513-210,26.1 кв.м
26-12-022240-123,19.9 кв.м
26-12-022240-137,117.1 кв.м
26-12-021518-582,"22,4 кв.м"
26-12-021518-587,"48,4 кв.м"
26-12-022240-140,24.2 кв.м
26-12-021518-574,32.9 кв.м
26-12-022240-135,56.6 кв.м
26-12-021518-583,"17,7 кв.м"
26-12-022241-184,26.4 кв.м
26-12-022240-141,41.1 кв.м
26-12-022240-144,43.6 кв.м
26-12-022240-130,24.3 кв.м
26-12-022240-154,40.8 кв.м
26-12-022240-136,59.8 кв.м
26-12-022240-134,47 кв.м
26-12-021518-496,36.8 кв.м
26-12-022240-143,44.9 кв.м
26-12-021518-494,51.7 кв.м
26-12-022240-81,181.2 кв.м
26-12-021518-562,111.1 кв.м
26-12-021518-495,29.2 кв.м
26-12-021518-493,23.2 кв.м
26-12-022240-117,49.1 кв.м
26-12-022241-186,41.6 кв.м
26-12-022240-115,32.1 кв.м
26-12-022240-133,59.8 кв.м
26-12-022240-116,33.9 кв.м
26-12-022240-114,66.1 кв.м
26-12-022241-157,186.8 кв.м
26-12-021518-492,36.1 кв.м
26-12-022241-161,33 кв.м
26-12-022240-142,41.7 кв.м
26-12-022240-121,32.8 кв.м
26-12-022241-154,18.3 кв.м
26-12-022241-164,21.3 кв.м
26-12-022241-160,46.1 кв.м
26-12-022240-157,26.8 кв.м
26-12-022241-148,45.6 кв.м
26-12-022241-163,16.9 кв.м
26-12-022240-125,51.6 кв.м
26-12-022241-95,76.1 кв.м
26-12-022241-152,62.9 кв.м
26-12-022240-126,21.9 кв.м
26-12-022240-156,49.5 кв.м
26-12-022240-84,73.1 кв.м
26-12-022241-151,35 кв.м
26-12-022240-155,36.5 кв.м
26-12-022239-238,34 кв.м
26-12-022239-233,50.8 кв.м
26-12-022240-124,73.5 кв.м
26-12-022240-158,30.3 кв.м
26-12-022239-239,78.7 кв.м
26-12-022239-235,31.7 кв.м
26-12-022239-236,16.1 кв.м
26-12-022240-122,40.3 кв.м
26-12-022239-231,167 кв.м
26-12-022239-243,90.7 кв.м
26-12-022239-237,39.2 кв.м
26-12-022239-241,51.8 кв.м
26-12-021302-1491,35 кв.м
26-12-021302-1490,47.8 кв.м
26-12-022239-112,127.6 кв.м
26-12-022239-251,36 кв.м
26-12-022239-234,46.3 кв.м
26-12-021302-1073,112 кв.м
26-12-021302-1515,28.1 кв.м
26-12-022239-252,36.1 кв.м
26-12-022239-258,111.7 кв.м
26-12-022239-220,92.3 кв.м
26-12-021302-1517,48 кв.м
26-12-022239-228,49.4 кв.м
26-12-022239-227,121.5 кв.м
26-12-022239-178,45.9 кв.м
26-12-022239-177,23.5 кв.м
26-12-022239-91,222.1 кв.м
26-12-022239-175,52.7 кв.м
26-12-021518-151,164.2 кв.м
26-12-022239-174,20.9 кв.м
26-12-022239-179,25 кв.м
26-12-022239-176,14.5 кв.м
26-12-022239-173,23.4 кв.м
26-12-022239-172,66.4 кв.м
26-12-021803-689,61.4 кв.м
26-12-021803-804,31.5 кв.м
26-12-021803-688,36.4 кв.м
26-12-021803-687,29.3 кв.м
26-12-021803-806,39.6 кв.м
26-12-021803-674,39.3 кв.м
26-12-021803-673,49 кв.м
26-12-022232-122,52 кв.м
26-12-022227-41,35.4 кв.м
26-12-021803-690,40.5 кв.м
26-12-021803-452,133.4 кв.м
26-12-021803-453,153.3 кв.м
26-12-021803-672,45.1 кв.м
26-12-021803-677,36.1 кв.м
26-12-021803-676,59.1 кв.м
26-12-021803-680,33.8 кв.м
26-12-021803-675,29 кв.м
26-12-022232-75,106.4 кв.м
26-12-021803-691,39.4 кв.м
26-12-021803-692,24.7 кв.м
26-12-022226-51,27.8 кв.м
26-12-021803-679,30.5 кв.м
26-12-022232-123,54.4 кв.м
26-12-021803-678,27.6 кв.м
26-12-022226-40,166.2 кв.м
26-12-022232-154,63.7 кв.м
26-12-022226-55,36.4 кв.м
26-12-022226-56,29.9 кв.м
26-12-022226-54,23.9 кв.м
26-12-022232-155,51.7 кв.м
26-12-022232-161,16.5 кв.м
26-12-021803-670,36.2 кв.м
26-12-022226-52,26.4 кв.м
26-12-022232-148,71.1 кв.м
26-12-022232-160,81.4 кв.м
26-12-021803-764,76.4 кв.м
26-12-022232-100,115.4 кв.м
26-12-022239-80,83.9 кв.м
26-12-021803-538,130 кв.м
26-12-022227-44,58.4 кв.м
26-12-021803-671,18.5 кв.м
26-12-022239-154,43.1 кв.м
26-12-022239-107,162.6 кв.м
26-12-022239-204,14.8 кв.м
26-12-022239-153,44.7 кв.м
26-12-022238-325,30.8 кв.м
26-12-022239-253,52.4 кв.м
26-12-022239-156,34 кв.м
26-12-022238-155,58.6 кв.м
26-12-022238-323,27.1 кв.м
26-12-022238-131,167.3 кв.м
26-12-022238-322,42.5 кв.м
26-12-022225-104,29 кв.м
26-12-022238-331,28.5 кв.м
26-12-022212-128,22.5 кв.м
26-12-022238-346,50.6 кв.м
26-12-022238-324,37.9 кв.м
26-12-022238-332,42.7 кв.м
26-12-022239-202,37.9 кв.м
26-12-022238-335,31.5 кв.м
26-12-022238-336,27.3 кв.м
26-12-022238-150,160.8 кв.м
26-12-022238-345,94.1 кв.м
26-12-022238-334,57.8 кв.м
26-12-022305-156,26.3 кв.м
26-12-022238-339,25 кв.м
26-12-022238-342,21.2 кв.м
26-12-022238-330,43.8 кв.м
26-12-022238-341,36.6 кв.м
26-12-022238-329,27.1 кв.м
26-12-022238-343,35.9 кв.м
26-12-022211-83,104.8 кв.м
26-12-022238-340,36.8 кв.м
26-12-022211-107,65.8 кв.м
26-12-022305-158,31.3 кв.м
26-12-022238-327,33.5 кв.м
26-12-022238-328,31.4 кв.м
26-12-022238-326,29.6 кв.м
26-12-022305-150,40.2 кв.м
26-12-022305-106,99.8 кв.м
26-12-022211-103,98.1 кв.м
26-12-022305-146,73.2 кв.м
26-12-022305-109,41.4 кв.м
26-12-022304-80,65.9 кв.м
26-12-022305-35,668.1 кв.м
26-12-022304-83,48.4 кв.м
26-12-022304-81,19.7 кв.м
26-12-022238-161,26.5 кв.м
26-12-022305-145,55 кв.м
26-12-022304-56,147.9 кв.м
26-12-000000-7634,36.7 кв.м
26-12-022238-75,181.7 кв.м
26-12-022238-162,41.3 кв.м
26-12-022238-347,61.7 кв.м
26-12-022304-82,14 кв.м
26-12-022238-159,111.7 кв.м
26-12-022238-157,54.3 кв.м
26-12-022231-240,40.5 кв.м
26-12-022304-73,107.2 кв.м
26-12-022238-348,29.4 кв.м
26-12-022403-1325,46.7 кв.м
26-12-022403-1247,37.7 кв.м
26-12-022403-1211,35.8 кв.м
26-12-022403-1490,53.8 кв.м
26-12-022237-122,40.4 кв.м
26-12-022231-245,62.5 кв.м
26-12-022403-1494,22.3 кв.м
26-12-022237-120,45.8 кв.м
26-12-022237-83,678.6 кв.м
26-12-022237-127,38.1 кв.м
26-12-022403-1315,36.6 кв.м
26-12-022237-121,39.1 кв.м
26-12-022237-92,557.8 кв.м
26-12-022237-194,45.3 кв.м
26-12-022237-165,36.7 кв.м
26-12-022237-191,39.1 кв.м
26-12-022237-126,55.5 кв.м
26-12-022237-175,29.5 кв.м
26-12-022237-129,40.7 кв.м
26-12-022237-177,53.5 кв.м
26-12-022403-1196,21.9 кв.м
26-12-022403-1177,42 кв.м
26-12-022308-812,30.2 кв.м
26-12-022237-182,29.1 кв.м
26-12-022237-181,19.3 кв.м
26-12-022237-169,26.9 кв.м
26-12-022237-180,41.7 кв.м
26-12-022237-156,72.1 кв.м
26-12-022403-1128,126.7 кв.м
26-12-022237-173,50.6 кв.м
26-12-022403-1308,37 кв.м
26-12-022238-187,19.4 кв.м
26-12-022237-172,44.1 кв.м
26-12-022238-376,10.6 кв.м
26-12-022237-174,28.7 кв.м
26-12-022237-183,19.5 кв.м
26-12-022238-192,35.5 кв.м
26-12-022237-167,43.8 кв.м
26-12-022237-170,29.1 кв.м
26-12-022238-189,24.5 кв.м
26-12-022403-1099,29.3 кв.м
26-12-022308-797,36.1 кв.м
26-12-022237-157,41.4 кв.м
26-12-022238-188,31.4 кв.м
26-12-022238-190,36.3 кв.м
26-12-022238-193,52.1 кв.м
26-12-022238-195,35.3 кв.м
26-12-022403-1226,60.5 кв.м
26-12-022403-1181,25.4 кв.м
26-12-022225-33,136.5 кв.м
26-12-022403-1135,50.1 кв.м
26-12-022225-91,38.3 кв.м
26-12-022238-199,70.6 кв.м
26-12-022238-197,47 кв.м
26-12-022238-89,92.6 кв.м
26-12-022238-198,92.6 кв.м
26-12-022238-196,60 кв.м
26-12-022238-201,70.8 кв.м
26-12-022403-1316,50.6 кв.м
26-12-022238-202,71.2 кв.м
26-12-022238-252,46.2 кв.м
26-12-022238-90,353.9 кв.м
26-12-022238-200,71.4 кв.м
26-12-022238-256,29.6 кв.м
26-12-022403-1317,43 кв.м
26-12-022238-203,71.8 кв.м
26-12-022238-240,31.1 кв.м
26-12-022404-551,46 кв.м
26-12-022404-550,81.5 кв.м
26-12-022231-259,26.2 кв.м
26-12-022404-549,41.5 кв.м
26-12-022238-257,23.4 кв.м
26-12-021420-43,128.4 кв.м
26-12-022404-548,39.6 кв.м
26-12-022238-418,33.3 кв.м
26-12-022238-237,24.1 кв.м
26-12-022403-1218,40.1 кв.м
26-12-022238-462,26.9 кв.м
26-12-022403-1240,22.3 кв.м
26-12-022238-241,31.6 кв.м
26-12-022238-242,27.7 кв.м
26-12-022231-261,13.3 кв.м
26-12-022238-249,44.4 кв.м
26-12-022231-168,572.8 кв.м
26-12-022238-239,18.3 кв.м
26-12-022019-187,40.9 кв.м
26-12-022238-250,42 кв.м
26-12-022238-421,33.8 кв.м
26-12-022238-238,32.1 кв.м
26-12-022238-92,106 кв.м
26-12-022238-251,24.6 кв.м
26-12-022238-461,27.7 кв.м
26-12-022238-254,18.9 кв.м
26-12-021407-589,"322,8 кв.м"
26-12-022238-124,168.9 кв.м
26-12-022238-424,135.7 кв.м
26-12-022403-1150,18.9 кв.м
26-12-022238-312,39.2 кв.м
26-12-021420-47,50.5 кв.м
26-12-021407-521,39.1 кв.м
26-12-022019-189,47.8 кв.м
26-12-021407-528,49.3 кв.м
26-12-022238-204,106 кв.м
26-12-022403-1100,42.6 кв.м
26-12-022238-313,48.2 кв.м
26-12-021420-46,30.7 кв.м
26-12-021407-523,39.6 кв.м
26-12-021420-48,47.3 кв.м
26-12-022238-315,34.1 кв.м
26-12-022019-114,172.8 кв.м
26-12-021407-557,29 кв.м
26-12-021407-522,39 кв.м
26-12-021407-530,50.8 кв.м
26-12-022238-314,47.4 кв.м
26-12-021416-257,71.7 кв.м
26-12-021416-260,69.3 кв.м
26-12-022019-197,17.4 кв.м
26-12-022238-311,73.9 кв.м
26-12-021416-245,395.4 кв.м
26-12-021407-558,35.2 кв.м
26-12-021416-258,69.7 кв.м
26-12-021416-255,36.8 кв.м
26-12-021301-137,57 кв.м
26-12-021416-259,70.8 кв.м
26-12-021301-144,40.2 кв.м
26-12-021508-198,347.7 кв.м
26-12-021301-145,55.2 кв.м
26-12-021301-140,74.3 кв.м
26-12-021301-136,42 кв.м
26-12-021301-153,39.7 кв.м
26-12-021416-256,77.1 кв.м
26-12-021301-147,71.6 кв.м
26-12-021301-139,72.9 кв.м
26-12-021301-94,1301 кв.м
26-12-021301-146,48.3 кв.м
26-12-021301-138,48.3 кв.м
26-12-021301-149,48 кв.м
26-12-021301-148,74.7 кв.м
26-12-021301-155,72.1 кв.м
26-12-021301-151,51.3 кв.м
26-12-021301-152,48.8 кв.м
26-12-021301-142,47.7 кв.м
26-12-021301-154,57.8 кв.м
26-12-021301-141,48.1 кв.м
26-12-021301-143,52.6 кв.м
26-12-021301-150,48.1 кв.м
26-12-021301-159,70.3 кв.м
26-12-021301-178,61.3 кв.м
26-12-021301-176,47.2 кв.м
26-12-021301-177,39.2 кв.м
26-12-021301-109,714.5 кв.м
26-12-021301-158,41.4 кв.м
26-12-021301-173,76.1 кв.м
26-12-021301-165,74.8 кв.м
26-12-021301-156,50.9 кв.м
26-12-021301-181,73.7 кв.м
26-12-021301-169,55 кв.м
26-12-021301-157,53.2 кв.м
26-12-021301-180,65.2 кв.м
26-12-021301-162,40.7 кв.м
26-12-021301-175,61.1 кв.м
26-12-021301-161,55.6 кв.м
26-12-021301-170,40.6 кв.м
26-12-021301-182,42.4 кв.м
26-12-021301-168,48.7 кв.м
26-12-021301-160,45.9 кв.м
26-12-021301-172,74.5 кв.м
26-12-021301-179,49.1 кв.м
26-12-021301-163,49.1 кв.м
26-12-021301-171,50.6 кв.м
26-12-021301-174,41.3 кв.м
26-12-021301-183,61.2 кв.м
26-12-021429-188,49.4 кв.м
26-12-021429-190,55.8 кв.м
26-12-021429-191,48.4 кв.м
26-12-021301-164,79.4 кв.м
26-12-021301-167,59.1 кв.м
26-12-021429-196,49.8 кв.м
26-12-021301-122,116 кв.м
26-12-021429-194,51.7 кв.м
26-12-021301-166,38.3 кв.м
26-12-021429-156,1125.8 кв.м
26-12-021429-192,49.5 кв.м
26-12-021429-189,65.2 кв.м
26-12-021429-200,49.9 кв.м
26-12-021429-193,65.2 кв.м
26-12-021429-195,47.9 кв.м
26-12-021429-197,65.8 кв.м
26-12-021429-199,47.8 кв.м
26-12-020716-579,106.4 кв.м
26-12-021429-203,47.8 кв.м
26-12-020801-698,92 кв.м
26-12-021429-205,66.3 кв.м
26-12-021429-198,58.5 кв.м
26-12-021429-201,65.8 кв.м
26-12-021429-202,52.2 кв.м
26-12-020801-1223,14.8 кв.м
26-12-021429-204,49.3 кв.м
26-12-021429-207,48.4 кв.м
26-12-020801-1221,45.6 кв.м
26-12-020801-1226,27.8 кв.м
26-12-020801-1260,62.3 кв.м
26-12-021429-206,56.6 кв.м
26-12-020801-665,82.3 кв.м
26-12-020716-589,66.9 кв.м
26-12-020801-1261,32.4 кв.м
26-12-020801-1222,21.9 кв.м
26-12-020801-667,97.4 кв.м
26-12-020718-101,38.2 кв.м
26-12-020718-71,3132.3 кв.м
26-12-020716-570,17.7 кв.м
26-12-020718-115,38.9 кв.м
26-12-020801-1227,69.6 кв.м
26-12-020718-98,58 кв.м
26-12-020801-699,62.3 кв.м
26-12-020718-116,49.7 кв.м
26-12-020718-102,29.9 кв.м
26-12-020718-144,30.3 кв.м
26-12-020718-129,38.8 кв.м
26-12-020718-103,49.7 кв.м
26-12-020718-111,58.3 кв.м
26-12-020718-117,30.5 кв.м
26-12-020718-138,58.1 кв.м
26-12-020718-125,58.1 кв.м
26-12-020718-131,30.5 кв.м
26-12-020718-143,49.1 кв.м
26-12-020718-158,30.3 кв.м
26-12-020718-113,29.8 кв.м
26-12-020718-130,49.4 кв.м
26-12-020718-99,44.7 кв.м
26-12-020718-142,39.2 кв.м
26-12-020718-100,30.3 кв.м
26-12-020718-153,44.5 кв.м
26-12-020718-156,39.2 кв.м
26-12-020718-154,29.3 кв.м
26-12-020718-152,59 кв.м
26-12-020718-157,49.9 кв.м
26-12-020718-126,45.3 кв.м
26-12-020718-96,61.3 кв.м
26-12-020718-114,62.9 кв.м
26-12-020718-141,62 кв.м
26-12-020718-122,61.9 кв.м
26-12-020718-112,44.8 кв.м
26-12-020718-140,29.9 кв.м
26-12-020718-127,30 кв.м
26-12-020718-139,45 кв.м
26-12-020718-128,62.6 кв.м
26-12-020718-95,61.2 кв.м
26-12-020718-155,62.2 кв.м
26-12-020718-136,29.8 кв.м
26-12-020718-92,44.4 кв.м
26-12-020718-110,44.5 кв.м
26-12-020718-97,30.6 кв.м
26-12-020718-135,62.7 кв.м
26-12-020718-137,44 кв.м
26-12-020718-124,44.2 кв.м
26-12-020718-123,30.2 кв.м
26-12-020718-108,61.7 кв.м
26-12-020718-109,30.2 кв.м
26-12-020718-151,45 кв.м
26-12-020718-149,60.7 кв.м
26-12-020718-150,30.1 кв.м
26-12-020718-106,50.2 кв.м
26-12-020718-91,39.4 кв.м
26-12-020718-90,48.6 кв.м
26-12-020718-118,59.6 кв.м
26-12-020718-93,58.2 кв.м
26-12-020718-107,40 кв.м
26-12-020718-94,29.7 кв.м
26-12-020718-120,49.8 кв.м
26-12-020718-104,59.1 кв.м
26-12-020718-132,58.4 кв.м
26-12-020718-133,30.5 кв.м
26-12-020718-105,30 кв.м
26-12-020718-159,39.8 кв.м
26-12-020718-119,30.1 кв.м
26-12-020718-148,50 кв.м
26-12-020718-66,171.5 кв.м
26-12-020718-146,57.1 кв.м
26-12-020718-121,40 кв.м
26-12-020718-145,39.8 кв.м
26-12-020725-86,75.1 кв.м
26-12-020718-134,50.2 кв.м
26-12-020716-562,42.5 кв.м
26-12-020716-569,56.5 кв.м
26-12-020716-585,50 кв.м
26-12-020718-147,30.2 кв.м
26-12-020725-53,1132.8 кв.м
26-12-020725-85,83.5 кв.м
26-12-020720-199,59 кв.м
26-12-020716-568,66.2 кв.м
26-12-020718-167,80.3 кв.м
26-12-020725-51,270.3 кв.м
26-12-020725-90,93.3 кв.м
26-12-020718-188,36.6 кв.м
26-12-021423-82,"90,6 кв.м"
26-12-020718-189,40.8 кв.м
26-12-020725-91,79.5 кв.м
26-12-020725-87,62 кв.м
26-12-020725-88,72.3 кв.м
26-12-020718-207,17 кв.м
26-12-020725-83,59.7 кв.м
26-12-020725-131,30.7 кв.м
26-12-020725-89,59.4 кв.м
26-12-020725-80,36.7 кв.м
26-12-020725-123,31 кв.м
26-12-020725-84,83.9 кв.м
26-12-020725-114,71.5 кв.м
26-12-020725-75,29.9 кв.м
26-12-020725-122,29.7 кв.м
26-12-020725-121,36.5 кв.м
26-12-020725-102,36.8 кв.м
26-12-020725-129,37.8 кв.м
26-12-020725-101,30.5 кв.м
26-12-000000-5280,24.2 кв.м
26-12-000000-5319,20.4 кв.м
26-12-020725-106,36.9 кв.м
26-12-020725-103,69.9 кв.м
26-12-021302-713,5292.3 кв.м
26-12-020725-108,30 кв.м
26-12-020725-120,37.7 кв.м
26-12-020725-104,30.2 кв.м
26-12-020725-105,29.4 кв.м
26-12-020725-107,36.8 кв.м
26-12-021302-1186,33 кв.м
26-12-021302-1155,35.6 кв.м
26-12-021302-1180,31.2 кв.м
26-12-021302-1166,32.9 кв.м
26-12-021302-1182,42.8 кв.м
26-12-020718-190,11.2 кв.м
26-12-021302-1152,46.4 кв.м
26-12-021302-1160,32.2 кв.м
26-12-000000-5327,30.2 кв.м
26-12-000000-5279,11.5 кв.м
26-12-021302-1194,31.6 кв.м
26-12-021302-1412,27.8 кв.м
26-12-021302-1176,39.9 кв.м
26-12-021302-1183,48 кв.м
26-12-020718-196,28.6 кв.м
26-12-020718-181,29.1 кв.м
26-12-021302-1199,31.5 кв.м
26-12-021302-1433,19.4 кв.м
26-12-000000-5286,12.5 кв.м
26-12-021302-1203,46.3 кв.м
26-12-021302-1201,33.4 кв.м
26-12-000000-5309,15.2 кв.м
26-12-021302-1150,35 кв.м
26-12-021302-1187,34.9 кв.м
26-12-000000-5321,11.5 кв.м
26-12-020718-195,17.6 кв.м
26-12-021302-1200,45 кв.м
26-12-020718-206,"12,2 кв.м"
26-12-000000-5320,29.5 кв.м
26-12-021302-1148,41.2 кв.м
26-12-021302-1158,25.7 кв.м
26-12-021302-1211,86.9 кв.м
26-12-021302-1156,16.4 кв.м
26-12-021302-1171,32.1 кв.м
26-12-021302-1147,46.5 кв.м
26-12-020718-180,20 кв.м
26-12-021302-1153,44 кв.м
26-12-021302-1173,12 кв.м
26-12-021302-1151,42.5 кв.м
26-12-000000-5273,17.4 кв.м
26-12-021302-1181,28.5 кв.м
26-12-021302-1167,26.1 кв.м
26-12-000000-5269,13.1 кв.м
26-12-021302-1143,37.8 кв.м
26-12-021302-1162,33.6 кв.м
26-12-000000-5291,17.8 кв.м
26-12-021302-1168,32 кв.м
26-12-000000-5313,17.9 кв.м
26-12-021302-1170,19.9 кв.м
26-12-000000-5318,12 кв.м
26-12-000000-5300,20.2 кв.м
26-12-000000-5288,10.2 кв.м
26-12-021302-1164,22.5 кв.м
26-12-021302-1163,22.3 кв.м
26-12-000000-5325,16.9 кв.м
26-12-000000-5294,15.3 кв.м
26-12-021302-1178,32.3 кв.м
26-12-000000-5290,18 кв.м
26-12-020718-187,23.5 кв.м
26-12-000000-5275,17.5 кв.м
26-12-000000-5283,11.4 кв.м
26-12-000000-5299,12.6 кв.м
26-12-020718-191,17.8 кв.м
26-12-021302-1196,20.7 кв.м
26-12-000000-5298,15.3 кв.м
26-12-021302-1457,17.4 кв.м
26-12-021302-1195,12.6 кв.м
26-12-000000-5312,31.3 кв.м
26-12-021302-1420,11.4 кв.м
26-12-020718-163,33.4 кв.м
26-12-021302-1209,12.4 кв.м
26-12-000000-5308,18 кв.м
26-12-021302-1206,18.6 кв.м
26-12-000000-5281,11.5 кв.м
26-12-000000-5276,13.4 кв.м
26-12-020718-162,15.3 кв.м
26-12-000000-5296,23.1 кв.м
26-12-021302-1205,25.2 кв.м
26-12-020718-199,11.4 кв.м
26-12-021302-1210,12.6 кв.м
26-12-021302-1169,12.6 кв.м
26-12-021302-1208,32.3 кв.м
26-12-021302-1207,17.9 кв.м
26-12-020718-193,33.9 кв.м
26-12-000000-5305,17.4 кв.м
26-12-000000-5271,19.5 кв.м
26-12-020718-198,17.6 кв.м
26-12-020718-160,12 кв.м
26-12-021302-1890,"17,8 кв.м"
26-12-021302-1145,31.5 кв.м
26-12-020718-161,33.4 кв.м
26-12-000000-5278,17.4 кв.м
26-12-021302-1458,11.7 кв.м
26-12-021302-1212,11.8 кв.м
26-12-000000-5323,19.5 кв.м
26-12-021302-1165,12.4 кв.м
26-12-021302-1174,36 кв.м
26-12-000000-5302,17.9 кв.м
26-12-000000-5307,13.3 кв.м
26-12-020718-200,12.2 кв.м
26-12-000000-5306,11.4 кв.м
26-12-000000-5282,18.6 кв.м
26-12-021302-1191,17.4 кв.м
26-12-021302-1214,16.4 кв.м
26-12-000000-5316,18.3 кв.м
26-12-020718-186,11.6 кв.м
26-12-020718-185,13.2 кв.м
26-12-021302-1216,20.1 кв.м
26-12-000000-5287,11.9 кв.м
26-12-000000-5272,11 кв.м
26-12-021302-1197,28.1 кв.м
26-12-020718-197,18.8 кв.м
26-12-021302-1185,33 кв.м
26-12-000000-5322,31.6 кв.м
26-12-000000-5301,31.2 кв.м
26-12-000000-5289,17.9 кв.м
26-12-000000-5270,14.6 кв.м
26-12-000000-5310,17.1 кв.м
26-12-000000-5293,12.1 кв.м
26-12-000000-5314,12.6 кв.м
26-12-000000-5295,12.6 кв.м
26-12-000000-5317,17.9 кв.м
26-12-000000-5303,11.5 кв.м
26-12-021302-1188,23.6 кв.м
26-12-020718-205,12.1 кв.м
26-12-021302-1204,11.4 кв.м
26-12-021302-1430,11.9 кв.м
26-12-020718-182,13 кв.м
26-12-021302-1159,33.4 кв.м
26-12-021302-1434,19.4 кв.м
26-12-000000-5284,11.7 кв.м
26-12-000000-5274,17.4 кв.м
26-12-000000-5268,18 кв.м
26-12-000000-5277,12 кв.м
26-12-000000-5292,19.4 кв.м
26-12-021302-1455,30.3 кв.м
26-12-020718-184,9.8 кв.м
26-12-020718-201,18 кв.м
26-12-020718-174,10.8 кв.м
26-12-021302-1432,11.2 кв.м
26-12-020718-202,18.1 кв.м
26-12-000000-5326,12.9 кв.м
26-12-000000-5311,17.2 кв.м
26-12-021302-1213,18.8 кв.м
26-12-020718-192,12.9 кв.м
26-12-021302-1172,47.9 кв.м
26-12-020718-183,17.1 кв.м
26-12-021302-1431,14.4 кв.м
26-12-020718-175,10.3 кв.м
26-12-021302-1215,12.5 кв.м
26-12-021302-1177,17.4 кв.м
26-12-021302-1161,15.6 кв.м
26-12-021302-1149,25.4 кв.м
26-12-020718-203,11.8 кв.м
26-12-020717-25,39.9 кв.м
26-12-000000-5315,11.7 кв.м
26-12-020717-16,4435.6 кв.м
26-12-021302-1559,34.9 кв.м
26-12-020717-42,39.6 кв.м
26-12-020717-43,31.7 кв.м
26-12-020717-22,25.9 кв.м
26-12-020717-62,26 кв.м
26-12-020717-44,30.4 кв.м
26-12-020717-24,29.7 кв.м
26-12-020717-64,17.1 кв.м
26-12-020717-75,25.2 кв.м
26-12-020717-45,40.5 кв.м
26-12-020717-65,57.9 кв.м
26-12-020717-82,30.4 кв.м
26-12-020717-46,30.4 кв.м
26-12-020717-48,46.8 кв.м
26-12-020717-101,28.1 кв.м
26-12-020717-100,49.7 кв.м
26-12-020717-63,33.5 кв.м
26-12-020717-99,25.2 кв.м
26-12-020717-102,41.3 кв.м
26-12-020717-83,42 кв.м
26-12-020717-29,48.4 кв.м
26-12-020717-76,50.2 кв.м
26-12-020717-27,31.3 кв.м
26-12-020717-26,30.3 кв.м
26-12-020717-66,30.3 кв.м
26-12-020717-67,43.9 кв.м
26-12-020717-68,28.8 кв.м
26-12-020717-47,43.9 кв.м
26-12-020717-85,44.7 кв.м
26-12-020717-104,44.2 кв.м
26-12-020717-105,30.2 кв.м
26-12-020717-84,31.2 кв.м
26-12-020717-86,29.5 кв.м
26-12-020717-103,30.8 кв.м
26-12-020717-30,42.4 кв.м
26-12-020717-28,29.6 кв.м
26-12-020717-50,28.3 кв.м
26-12-020717-87,46 кв.м
26-12-020717-31,29.6 кв.м
26-12-020717-69,33.6 кв.м
26-12-020717-32,30.5 кв.м
26-12-020717-71,29.8 кв.м
26-12-020717-51,26.4 кв.м
26-12-020717-70,43.1 кв.м
26-12-020717-49,46.7 кв.м
26-12-020717-98,44.3 кв.м
26-12-020717-52,27.7 кв.м
26-12-020717-88,30.6 кв.м
26-12-020717-34,45.9 кв.м
26-12-020717-106,30 кв.м
26-12-020717-108,43.2 кв.м
26-12-020717-107,29.4 кв.м
26-12-020717-74,28.3 кв.м
26-12-020717-72,29.4 кв.м
26-12-020717-53,29.3 кв.м
26-12-020717-33,43 кв.м
26-12-020717-54,28.2 кв.м
26-12-020717-89,45.2 кв.м
26-12-020717-73,30.4 кв.м
26-12-020717-109,43.7 кв.м
26-12-020717-92,28.4 кв.м
26-12-020717-110,43.3 кв.м
26-12-020717-55,46.7 кв.м
26-12-020717-91,30.5 кв.м
26-12-020717-57,30.8 кв.м
26-12-020717-37,31 кв.м
26-12-020717-56,32.8 кв.м
26-12-020717-295,44.1 кв.м
26-12-020717-111,28.2 кв.м
26-12-020717-119,40.1 кв.м
26-12-020717-35,33.1 кв.м
26-12-020717-120,30.9 кв.м
26-12-020717-114,31.2 кв.м
26-12-020717-112,33.5 кв.м
26-12-020717-93,31.7 кв.м
26-12-020717-40,34.7 кв.м
26-12-020717-41,26.2 кв.м
26-12-020717-39,16.6 кв.м
26-12-020717-94,45.5 кв.м
26-12-020717-38,41.2 кв.м
26-12-020717-81,29.7 кв.м
26-12-020717-113,44.5 кв.м
26-12-020717-80,26.7 кв.м
26-12-020717-90,46.9 кв.м
26-12-020717-60,33.6 кв.м
26-12-020717-286,49 кв.м
26-12-020717-58,43 кв.м
26-12-020717-78,16.6 кв.м
26-12-020717-17,9132.3 кв.м
26-12-020717-59,17.2 кв.м
26-12-020717-122,70.5 кв.м
26-12-020717-121,30 кв.м
26-12-020717-79,34.4 кв.м
26-12-020717-118,39.3 кв.м
26-12-020717-61,26.9 кв.м
26-12-020717-77,59.1 кв.м
26-12-020717-23,28.2 кв.м
26-12-020717-133,67.4 кв.м
26-12-020717-152,35.8 кв.м
26-12-020717-95,42.1 кв.м
26-12-020717-153,67.8 кв.м
26-12-020717-198,69.4 кв.м
26-12-020717-150,70.2 кв.м
26-12-020717-116,30.8 кв.м
26-12-020717-97,40.4 кв.м
26-12-020717-167,36.2 кв.м
26-12-020717-117,33.7 кв.м
26-12-020717-169,71.6 кв.м
26-12-020717-199,35.2 кв.м
26-12-020717-168,35.7 кв.м
26-12-020717-184,35.7 кв.м
26-12-020717-215,36.1 кв.м
26-12-020717-246,71.6 кв.м
26-12-020717-201,68.8 кв.м
26-12-020717-166,70.1 кв.м
26-12-020717-217,67.5 кв.м
26-12-020717-214,72 кв.м
26-12-020717-182,70.3 кв.м
26-12-020717-183,36.1 кв.м
26-12-020717-242,36.6 кв.м
26-12-020717-230,69.9 кв.м
26-12-020717-123,35.4 кв.м
26-12-020717-233,67.9 кв.м
26-12-020717-185,71.3 кв.м
26-12-020717-232,36 кв.м
26-12-020717-200,36 кв.м
26-12-020717-216,35.7 кв.м
26-12-020717-151,35.7 кв.м
26-12-020717-247,35.4 кв.м
26-12-020717-231,36.5 кв.м
26-12-020717-278,35 кв.м
26-12-020717-262,70.6 кв.м
26-12-020717-132,35.2 кв.м
26-12-020717-243,71.1 кв.м
26-12-020717-164,54.6 кв.м
26-12-020717-146,69.8 кв.м
26-12-020717-115,42 кв.м
26-12-020717-263,35.5 кв.м
26-12-020717-129,55 кв.м
26-12-020717-279,70.4 кв.м
26-12-020717-128,46.1 кв.м
26-12-020717-178,69.6 кв.м
26-12-020717-149,68.3 кв.м
26-12-020717-148,54.4 кв.м
26-12-000000-5297,68.6 кв.м
26-12-020717-280,37.2 кв.м
26-12-020717-281,68.6 кв.м
26-12-020717-163,54.6 кв.м
26-12-020717-264,36 кв.м
26-12-020717-162,69.8 кв.м
26-12-020717-165,69.2 кв.м
26-12-020717-180,54.2 кв.м
26-12-020717-130,54.5 кв.м
26-12-020717-265,68 кв.м
26-12-020717-226,72.8 кв.м
26-12-020717-212,54.6 кв.м
26-12-020717-179,55.4 кв.м
26-12-020717-147,54.7 кв.м
26-12-020717-228,55.1 кв.м
26-12-020717-227,54.6 кв.м
26-12-020717-213,68.7 кв.м
26-12-020717-211,54.6 кв.м
26-12-020717-259,55.6 кв.м
26-12-020717-229,69 кв.м
26-12-020717-258,70.1 кв.м
26-12-020717-194,70 кв.м
26-12-020717-197,69.2 кв.м
26-12-020717-245,67.8 кв.м
26-12-020717-260,55.2 кв.м
26-12-020717-127,54.5 кв.м
26-12-020717-244,59.7 кв.м
26-12-020717-125,68.9 кв.м
26-12-020717-196,54.2 кв.м
26-12-020717-248,69.9 кв.м
26-12-020717-210,70.2 кв.м
26-12-020717-126,68.2 кв.м
26-12-020717-181,69.2 кв.м
26-12-020717-249,55.8 кв.м
26-12-020717-143,54.7 кв.м
26-12-020717-145,71.3 кв.м
26-12-020717-142,68.3 кв.м
26-12-020717-144,54.8 кв.м
26-12-020717-161,68.9 кв.м
26-12-020717-274,69.8 кв.м
26-12-020717-124,55 кв.м
26-12-020717-191,54.9 кв.м
26-12-020717-261,68.2 кв.м
26-12-020717-206,68.6 кв.м
26-12-020717-277,68.9 кв.м
26-12-020717-174,68.9 кв.м
26-12-020717-190,66.9 кв.м
26-12-020717-160,54.2 кв.м
26-12-020717-276,55 кв.м
26-12-020717-275,56.3 кв.м
26-12-020717-159,53.1 кв.м
26-12-020717-176,54.9 кв.м
26-12-020717-158,68.4 кв.м
26-12-020717-193,69 кв.м
26-12-020717-175,53.4 кв.м
26-12-020717-192,53.4 кв.м
26-12-020717-255,55.9 кв.м
26-12-020717-177,69 кв.м
26-12-020717-207,54.9 кв.м
26-12-020717-223,54.4 кв.м
26-12-020717-195,55.8 кв.м
26-12-020717-240,54.1 кв.м
26-12-020717-224,55.5 кв.м
26-12-020717-241,68.4 кв.м
26-12-020717-254,68.5 кв.м
26-12-020717-222,68.5 кв.м
26-12-020717-225,68.8 кв.м
26-12-020717-209,69.4 кв.м
26-12-020717-270,68.5 кв.м
26-12-020717-208,53.9 кв.м
26-12-020717-257,68.7 кв.м
26-12-020717-239,56.1 кв.м
26-12-020717-271,54.1 кв.м
26-12-020717-238,68 кв.м
26-12-020717-272,53.7 кв.м
26-12-020717-157,70.4 кв.м
26-12-020717-134,67.4 кв.м
26-12-020717-172,69.6 кв.м
26-12-020717-135,35.9 кв.м
26-12-020717-256,54.2 кв.м
26-12-020717-273,69.1 кв.м
26-12-020717-140,35.9 кв.м
26-12-020717-138,67.3 кв.м
26-12-020717-155,36 кв.м
26-12-020717-154,67.2 кв.м
26-12-020717-137,70.3 кв.м
26-12-020717-156,36.5 кв.м
26-12-020717-141,69.8 кв.м
26-12-020717-136,35.7 кв.м
26-12-020717-139,35.5 кв.м
26-12-020717-202,36.6 кв.м
26-12-020717-187,35.8 кв.м
26-12-020717-204,34.8 кв.м
26-12-020717-170,35.4 кв.м
26-12-020717-186,70.8 кв.м
26-12-020717-173,35.7 кв.м
26-12-020717-203,68.5 кв.м
26-12-020717-189,70.9 кв.м
26-12-020717-221,71.5 кв.м
26-12-020717-205,71.6 кв.м
26-12-020717-188,34.3 кв.м
26-12-020717-250,68.4 кв.м
26-12-020717-171,71.1 кв.м
26-12-020717-234,68.2 кв.м
26-12-020717-219,36.8 кв.м
26-12-020717-253,70.7 кв.м
26-12-020717-236,35.2 кв.м
26-12-020717-251,36.1 кв.м
26-12-020717-237,69.7 кв.м
26-12-020717-235,35.7 кв.м
26-12-020717-252,36.2 кв.м
26-12-020717-218,68.1 кв.м
26-12-020717-220,35.4 кв.м
26-12-021430-210,182.6 кв.м
26-12-020717-266,35 кв.м
26-12-020717-267,68.4 кв.м
26-12-000000-5285,31.2 кв.м
26-12-020717-269,71.1 кв.м
26-12-021430-275,120.1 кв.м
26-12-020725-94,44 кв.м
26-12-021430-288,65.7 кв.м
26-12-021430-289,44.3 кв.м
26-12-020717-268,37 кв.м
26-12-021430-295,116.9 кв.м
26-12-021430-307,38.8 кв.м
26-12-021430-313,"32,1 кв.м"
26-12-020725-95,48.2 кв.м
26-12-020720-154,48.3 кв.м
26-12-020725-56,342.7 кв.м
26-12-020725-65,219.1 кв.м
26-12-021430-276,40.9 кв.м
26-12-020725-92,185.3 кв.м
26-12-020725-93,45.3 кв.м
26-12-020725-48,214.2 кв.м
26-12-000000-4947,38.7 кв.м
26-12-020725-71,50.8 кв.м
26-12-020725-97,50.2 кв.м
26-12-020725-73,53.6 кв.м
26-12-020725-99,30 кв.м
26-12-020725-100,41.7 кв.м
26-12-020720-111,251 кв.м
26-12-020725-72,16.7 кв.м
26-12-020720-156,66.1 кв.м
26-12-020725-74,38.7 кв.м
26-12-020725-96,48.3 кв.м
26-12-020725-70,48.8 кв.м
26-12-020720-155,26.6 кв.м
26-12-020725-98,48.9 кв.м
26-12-020720-176,57.1 кв.м
26-12-020720-157,23.7 кв.м
26-12-021430-290,48.7 кв.м
26-12-020720-183,48.2 кв.м
26-12-021430-287,42 кв.м
26-12-020720-120,1195.1 кв.м
26-12-020720-181,56.3 кв.м
26-12-020720-185,56.2 кв.м
26-12-020720-166,59.4 кв.м
26-12-020720-159,53 кв.м
26-12-020720-177,56.7 кв.м
26-12-020720-178,47.1 кв.м
26-12-020720-163,59.6 кв.м
26-12-020720-182,50.2 кв.м
26-12-020720-158,33.3 кв.м
26-12-020720-161,49.9 кв.м
26-12-020720-162,59.3 кв.м
26-12-020720-175,48.9 кв.м
26-12-020720-180,57.1 кв.м
26-12-020720-172,327.6 кв.м
26-12-020720-179,48 кв.м
26-12-020720-164,51.1 кв.м
26-12-020720-170,59.8 кв.м
26-12-020720-169,50.3 кв.м
26-12-020720-167,60.1 кв.м
26-12-020720-171,60.1 кв.м
26-12-020720-168,51.9 кв.м
26-12-021410-512,51.8 кв.м
26-12-021513-160,151.2 кв.м
26-12-021513-257,57.9 кв.м
26-12-021508-102,224.1 кв.м
26-12-021508-155,34.7 кв.м
26-12-021508-175,117.3 кв.м
26-12-021513-256,37.7 кв.м
26-12-021508-156,48.5 кв.м
26-12-021508-158,77.2 кв.м
26-12-021503-156,57.7 кв.м
26-12-021508-201,224.1 кв.м
26-12-021513-259,33.9 кв.м
26-12-021508-157,43.2 кв.м
26-12-021503-157,61.2 кв.м
26-12-021508-219,45 кв.м
26-12-022402-70,72.6 кв.м
26-12-021503-48,97.9 кв.м
26-12-022402-78,71.6 кв.м
26-12-022402-97,73.8 кв.м
26-12-022402-98,73.7 кв.м
26-12-022402-104,73 кв.м
26-12-021513-258,21.7 кв.м
26-12-022402-140,73.7 кв.м
26-12-022402-56,1866.9 кв.м
26-12-022402-75,90.6 кв.м
26-12-022402-81,72.3 кв.м
26-12-022402-109,76.4 кв.м
26-12-022402-79,90.8 кв.м
26-12-022402-73,72 кв.м
26-12-022402-96,90 кв.м
26-12-022402-91,80.2 кв.м
26-12-022402-116,71.9 кв.м
26-12-022402-107,72 кв.м
26-12-022402-99,73.5 кв.м
26-12-022402-106,88.4 кв.м
26-12-022402-112,70.9 кв.м
26-12-022402-86,72.6 кв.м
26-12-022402-74,72.5 кв.м
26-12-022402-85,72.3 кв.м
26-12-022402-90,64.6 кв.м
26-12-030202-73,225.2 кв.м
26-12-022402-111,90.7 кв.м
26-12-030202-113,34.5 кв.м
26-12-022402-89,72 кв.м
26-12-022402-93,68.6 кв.м
26-12-030202-111,55.1 кв.м
26-12-030202-114,20.1 кв.м
26-12-030202-112,46.9 кв.м
26-12-030406-223,15.2 кв.м
26-12-030202-110,33.1 кв.м
26-12-030406-229,31.2 кв.м
26-12-030406-231,14.4 кв.м
26-12-030202-109,27.7 кв.м
26-12-030406-219,16.3 кв.м
26-12-030406-230,17.8 кв.м
26-12-030406-115,1902.2 кв.м
26-12-030406-241,31.9 кв.м
26-12-030406-158,17.6 кв.м
26-12-030406-237,32.5 кв.м
26-12-030406-233,17.5 кв.м
26-12-030406-240,16.1 кв.м
26-12-030406-236,28.6 кв.м
26-12-030406-239,36 кв.м
26-12-030406-246,15.5 кв.м
26-12-030406-235,19.6 кв.м
26-12-030406-238,21.4 кв.м
26-12-030406-247,19.4 кв.м
26-12-030406-243,16.2 кв.м
26-12-030406-242,16.9 кв.м
26-12-030406-244,16.4 кв.м
26-12-030406-250,18 кв.м
26-12-030406-245,16.2 кв.м
26-12-030406-251,14.6 кв.м
26-12-030406-261,28.6 кв.м
26-12-030406-248,16.9 кв.м
26-12-030406-262,19.5 кв.м
26-12-030406-255,15.6 кв.м
26-12-030406-263,16 кв.м
26-12-030406-252,16.6 кв.м
26-12-030406-249,13.4 кв.м
26-12-030406-265,31.8 кв.м
26-12-030406-254,11.4 кв.м
26-12-030406-224,48.3 кв.м
26-12-030406-253,17.8 кв.м
26-12-030406-273,32.1 кв.м
26-12-030406-282,44.2 кв.м
26-12-030406-256,34.6 кв.м
26-12-030406-271,18.9 кв.м
26-12-030406-274,30.2 кв.м
26-12-030406-534,18 кв.м
26-12-030406-215,21.1 кв.м
26-12-030406-275,17.8 кв.м
26-12-030406-260,48.5 кв.м
26-12-030406-269,14.3 кв.м
26-12-030406-507,15.3 кв.м
26-12-030406-277,15.7 кв.м
26-12-030406-227,15.5 кв.м
26-12-030406-226,18.6 кв.м
26-12-030406-279,15.8 кв.м
26-12-030406-539,15.8 кв.м
26-12-030406-228,15.4 кв.м
26-12-030406-159,13 кв.м
26-12-030406-225,35.1 кв.м
26-12-030406-258,12.2 кв.м
26-12-030406-268,12.9 кв.м
26-12-030406-232,14.1 кв.м
26-12-030406-508,15.2 кв.м
26-12-030406-278,9.4 кв.м
26-12-030406-259,15.7 кв.м
26-12-030406-257,18.7 кв.м
26-12-030406-264,14.8 кв.м
26-12-030406-118,3644.6 кв.м
26-12-030406-160,77.9 кв.м
26-12-030406-270,20.7 кв.м
26-12-030406-280,16.4 кв.м
26-12-030406-170,54.8 кв.м
26-12-030406-176,77.3 кв.м
26-12-022317-684,209.9 кв.м
26-12-030406-538,15.6 кв.м
26-12-030406-276,9.9 кв.м
26-12-030406-272,16.1 кв.м
26-12-030406-161,52.6 кв.м
26-12-030406-184,54.3 кв.м
26-12-030406-162,50.9 кв.м
26-12-030406-163,48.9 кв.м
26-12-030406-182,77.8 кв.м
26-12-030406-171,51.1 кв.м
26-12-030406-478,52.1 кв.м
26-12-030406-177,132 кв.м
26-12-030406-183,52 кв.м
26-12-030406-165,54.2 кв.м
26-12-030406-181,78.3 кв.м
26-12-030406-185,50.9 кв.м
26-12-030406-164,48 кв.м
26-12-030406-166,52.5 кв.м
26-12-030406-191,53.7 кв.м
26-12-030406-190,77.1 кв.м
26-12-030406-193,50.9 кв.м
26-12-030406-173,54.5 кв.м
26-12-030406-175,78.1 кв.м
26-12-030406-192,54.2 кв.м
26-12-030406-167,77.6 кв.м
26-12-030406-178,50.6 кв.м
26-12-030406-188,52.9 кв.м
26-12-030406-180,52.8 кв.м
26-12-030406-174,52.7 кв.м
26-12-030406-179,54.5 кв.м
26-12-030406-186,50.8 кв.м
26-12-030406-195,54.6 кв.м
26-12-030406-189,77.7 кв.м
26-12-030406-197,77.4 кв.м
26-12-030406-187,54.6 кв.м
26-12-030406-194,50.6 кв.м
26-12-030406-201,50.8 кв.м
26-12-030406-284,118.9 кв.м
26-12-030406-454,130.6 кв.м
26-12-030406-203,53.3 кв.м
26-12-030406-199,50.6 кв.м
26-12-030406-196,53.8 кв.м
26-12-030406-198,80.8 кв.м
26-12-030406-172,50.6 кв.м
26-12-030406-204,54.1 кв.м
26-12-030406-205,77.7 кв.м
26-12-030406-202,50.7 кв.м
26-12-030406-200,56.7 кв.м
26-12-030406-210,49.1 кв.м
26-12-022403-785,74.6 кв.м
26-12-022403-786,82.9 кв.м
26-12-022403-135,1953.8 кв.м
26-12-030406-285,13.1 кв.м
26-12-030406-459,114.8 кв.м
26-12-030406-479,12.6 кв.м
26-12-030406-207,116.8 кв.м
26-12-030406-457,116.7 кв.м
26-12-022404-473,84.7 кв.м
26-12-022403-794,74.6 кв.м
26-12-022403-797,42.7 кв.м
26-12-022403-793,81.6 кв.м
26-12-022403-795,73.1 кв.м
26-12-022403-803,94.8 кв.м
26-12-022403-805,74.8 кв.м
26-12-022403-788,48 кв.м
26-12-022404-474,73.8 кв.м
26-12-022403-808,72.5 кв.м
26-12-022403-796,61.5 кв.м
26-12-022403-790,71.2 кв.м
26-12-022403-806,61.2 кв.м
26-12-022403-812,90.5 кв.м
26-12-022404-482,84.7 кв.м
26-12-022403-807,72.3 кв.м
26-12-022403-153,85.8 кв.м
26-12-022403-789,86.2 кв.м
26-12-022403-798,69.6 кв.м
26-12-022403-810,73.4 кв.м
26-12-022404-496,27.2 кв.м
26-12-022403-802,71.9 кв.м
26-12-022403-799,71 кв.м
26-12-022403-811,72.9 кв.м
26-12-022403-800,63.2 кв.м
26-12-022403-787,78.5 кв.м
26-12-022318-719,58.4 кв.м
26-12-022403-809,85.6 кв.м
26-12-022403-792,72 кв.м
26-12-022403-791,42.8 кв.м
26-12-022318-500,35.6 кв.м
26-12-022318-489,35.8 кв.м
26-12-022318-495,58.2 кв.м
26-12-022318-191,1318.3 кв.м
26-12-022318-485,70 кв.м
26-12-022318-488,58 кв.м
26-12-022318-491,73 кв.м
26-12-022403-1495,283 кв.м
26-12-022318-360,58.7 кв.м
26-12-022318-502,71.6 кв.м
26-12-022318-493,36 кв.м
26-12-022318-499,72.4 кв.м
26-12-022318-484,73 кв.м
26-12-022318-490,54.2 кв.м
26-12-022318-494,35.3 кв.м
26-12-022318-656,35.1 кв.м
26-12-022318-496,73 кв.м
26-12-022318-718,35.7 кв.м
26-12-022318-492,72.4 кв.м
26-12-022318-487,55.1 кв.м
26-12-022318-505,54.4 кв.м
26-12-022318-504,74.2 кв.м
26-12-022318-497,39 кв.м
26-12-022318-498,53.7 кв.м
26-12-022318-202,294.7 кв.м
26-12-022318-679,61.4 кв.м
26-12-022318-694,36.1 кв.м
26-12-022318-503,35.7 кв.м
26-12-022308-685,55.3 кв.м
26-12-022308-714,36.8 кв.м
26-12-022318-388,58.9 кв.м
26-12-022403-1232,75.1 кв.м
26-12-022403-1208,74.6 кв.м
26-12-022403-1145,76.3 кв.м
26-12-022403-1313,35.9 кв.м
26-12-022308-182,7434.3 кв.м
26-12-022308-522,78.7 кв.м
26-12-022308-794,55 кв.м
26-12-022308-713,75.9 кв.м
26-12-022308-721,79.3 кв.м
26-12-022318-390,39.1 кв.м
26-12-022308-842,"55,2 кв.м"
26-12-022308-684,36.8 кв.м
26-12-022403-1164,37.3 кв.м
26-12-022403-1312,52.2 кв.м
26-12-022308-683,76.3 кв.м
26-12-022308-502,50.9 кв.м
26-12-022308-504,32.9 кв.м
26-12-022403-1173,74.8 кв.м
26-12-022403-1110,58.1 кв.м
26-12-022308-677,76.5 кв.м
26-12-022308-680,57.6 кв.м
26-12-022308-682,74.5 кв.м
26-12-022308-681,37 кв.м
26-12-022308-678,36.8 кв.м
26-12-022308-818,38.2 кв.м
26-12-022308-723,77.6 кв.м
26-12-022403-1093,37.5 кв.м
26-12-022403-1174,75.1 кв.м
26-12-022308-708,75.3 кв.м
26-12-022308-709,55.1 кв.м
26-12-022308-679,54.2 кв.м
26-12-022308-840,"54,2 кв.м"
26-12-022308-676,40.7 кв.м
26-12-022308-699,54.8 кв.м
26-12-022403-1293,55 кв.м
26-12-022308-671,54.6 кв.м
26-12-022403-1103,81.1 кв.м
26-12-022403-1165,82.2 кв.м
26-12-022308-705,49.4 кв.м
26-12-022308-675,82 кв.м
26-12-022403-1191,76.6 кв.м
26-12-022308-824,74.3 кв.м
26-12-022308-1103,"55,6 кв.м"
26-12-022308-720,47.3 кв.м
26-12-022403-1245,40 кв.м
26-12-022308-453,48.9 кв.м
26-12-022308-745,36.3 кв.м
26-12-022308-513,39.8 кв.м
26-12-022308-703,40 кв.м
26-12-022403-1335,36.5 кв.м
26-12-022308-495,67.9 кв.м
26-12-022308-672,39.7 кв.м
26-12-022403-1303,74.9 кв.м
26-12-022308-452,39.8 кв.м
26-12-022308-498,52.9 кв.м
26-12-022308-702,75.9 кв.м
26-12-022308-719,43.7 кв.м
26-12-022308-670,74.8 кв.м
26-12-022403-1104,74.9 кв.м
26-12-022308-700,56.3 кв.м
26-12-022308-674,47.9 кв.м
26-12-022308-698,60.9 кв.м
26-12-022403-1212,40.2 кв.м
26-12-022308-668,55.7 кв.м
26-12-022308-821,38.8 кв.м
26-12-022403-1233,42.5 кв.м
26-12-022308-697,41.1 кв.м
26-12-022308-695,31 кв.м
26-12-022308-664,31.5 кв.м
26-12-022403-1183,38.5 кв.м
26-12-022308-485,74.4 кв.м
26-12-022308-744,48.6 кв.м
26-12-022308-665,40.2 кв.м
26-12-022308-667,61.6 кв.м
26-12-022308-696,40.7 кв.м
26-12-022308-478,19.6 кв.м
26-12-022308-784,57.2 кв.м
26-12-022308-830,38.2 кв.м
26-12-022403-1238,36.5 кв.м
26-12-022308-692,57.6 кв.м
26-12-022308-774,37 кв.м
26-12-022403-1222,31.8 кв.м
26-12-022308-694,79.2 кв.м
26-12-022308-693,36.9 кв.м
26-12-022308-662,35.4 кв.м
26-12-022403-1204,76.7 кв.м
26-12-022308-844,"55,2 кв.м"
26-12-022308-663,80.4 кв.м
26-12-022403-1090,57.4 кв.м
26-12-022308-689,55.2 кв.м
26-12-022308-661,57 кв.м
26-12-022308-687,39.2 кв.м
26-12-022308-845,"180,4 кв.м"
26-12-022308-535,76.7 кв.м
26-12-022308-660,78.6 кв.м
26-12-022308-450,74.3 кв.м
26-12-022308-510,2.8 кв.м
26-12-022308-811,36.7 кв.м
26-12-022308-509,31.9 кв.м
26-12-022308-451,36.5 кв.м
26-12-022308-532,74.3 кв.м
26-12-022308-657,55.6 кв.м
26-12-022403-1230,36.8 кв.м
26-12-022308-688,55.3 кв.м
26-12-022308-801,36.7 кв.м
26-12-022308-785,56.5 кв.м
26-12-022403-1124,59.4 кв.м
26-12-022403-1180,39.3 кв.м
26-12-022308-655,73.7 кв.м
26-12-022308-786,309.7 кв.м
26-12-022308-805,26.4 кв.м
26-12-022318-372,57 кв.м
26-12-022318-144,125.9 кв.м
26-12-022318-698,25.9 кв.м
26-12-022308-469,970.2 кв.м
26-12-022318-700,38 кв.м
26-12-022318-371,39 кв.м
26-12-022308-815,74 кв.м
26-12-022318-543,62.3 кв.м
26-12-022308-835,69.3 кв.м
26-12-022308-454,20.3 кв.м
26-12-022318-370,27.8 кв.м
26-12-022403-1337,23.9 кв.м
26-12-022238-448,39.2 кв.м
26-12-022403-1340,55.4 кв.м
26-12-022308-554,112.3 кв.м
26-12-022403-1338,20.3 кв.м
26-12-022308-834,46.1 кв.м
26-12-022318-540,22.8 кв.м
26-12-022318-521,90.1 кв.м
26-12-022318-542,18.4 кв.м
26-12-022308-556,63.8 кв.м
26-12-022318-177,264.6 кв.м
26-12-022308-548,62.4 кв.м
26-12-022403-1341,47.4 кв.м
26-12-022308-555,32.9 кв.м
26-12-022318-686,54.8 кв.м
26-12-022308-648,49.2 кв.м
26-12-022318-536,31.8 кв.м
26-12-022318-401,44.1 кв.м
26-12-022318-539,41.4 кв.м
26-12-022308-639,61.8 кв.м
26-12-022318-507,33.7 кв.м
26-12-022318-541,36.2 кв.м
26-12-022308-638,28.7 кв.м
26-12-022308-650,32.2 кв.м
26-12-022308-200,177.2 кв.м
26-12-022308-649,21.9 кв.м
26-12-022318-537,25 кв.м
26-12-022308-640,31.1 кв.м
26-12-022403-1057,175.7 кв.м
26-12-022308-637,23.6 кв.м
26-12-022308-755,31.5 кв.м
26-12-022403-1114,41.7 кв.м
26-12-022308-833,466.5 кв.м
26-12-022318-509,27.8 кв.м
26-12-022308-569,26.4 кв.м
26-12-022318-508,25.4 кв.м
26-12-022308-564,36.7 кв.м
26-12-022308-566,30.6 кв.м
26-12-022308-636,63.9 кв.м
26-12-022308-570,78 кв.м
26-12-022308-562,33.4 кв.м
26-12-022308-651,106.2 кв.м
26-12-022308-565,23.4 кв.м
26-12-022308-787,25.5 кв.м
26-12-022308-455,52.9 кв.м
26-12-022308-458,40.5 кв.м
26-12-022308-561,47 кв.м
26-12-022308-430,52.5 кв.м
26-12-022308-567,30.8 кв.м
26-12-022308-790,74.3 кв.м
26-12-022403-1162,40.1 кв.м
26-12-022308-791,32.4 кв.м
26-12-022308-432,16.2 кв.м
26-12-022308-817,37.4 кв.м
26-12-022403-1167,46.4 кв.м
26-12-022403-1474,73.6 кв.м
26-12-022403-1011,116.6 кв.м
26-12-022308-752,37.7 кв.м
26-12-022403-1420,99.5 кв.м
26-12-022403-1201,42.2 кв.м
26-12-022403-1415,38.2 кв.м
26-12-022308-748,47.2 кв.м
26-12-022403-1163,28.4 кв.м
26-12-022403-1182,42.3 кв.м
26-12-022403-1136,47.7 кв.м
26-12-022403-1113,28.8 кв.м
26-12-022308-431,50 кв.м
26-12-022403-1126,38.2 кв.м
26-12-022308-804,38.7 кв.м
26-12-022403-1112,30.1 кв.м
26-12-022308-642,42.3 кв.м
26-12-022403-1154,17.8 кв.м
26-12-022403-1281,43.1 кв.м
26-12-022403-1280,25.7 кв.м
26-12-022403-1343,26.8 кв.м
26-12-022308-644,54.7 кв.м
26-12-022308-646,47.8 кв.м
26-12-022403-1131,54.5 кв.м
26-12-022308-641,42.1 кв.м
26-12-022403-1254,50 кв.м
26-12-022308-822,72 кв.м
26-12-022403-1414,42.2 кв.м
26-12-022403-1116,26.7 кв.м
26-12-022403-1430,60.5 кв.м
26-12-022403-1411,50 кв.м
26-12-022403-1412,41.2 кв.м
26-12-022308-792,54.7 кв.м
26-12-022403-1118,42.7 кв.м
26-12-022403-1248,15.8 кв.м
26-12-022308-819,56.7 кв.м
26-12-022403-1271,50.3 кв.м
26-12-022308-315,36.4 кв.м
26-12-022308-643,39 кв.м
26-12-022403-1405,80.1 кв.м
26-12-022403-1422,30.2 кв.м
26-12-022308-795,80.1 кв.м
26-12-022308-788,31.7 кв.м
26-12-022403-1431,55 кв.м
26-12-022308-463,64.5 кв.м
26-12-022403-1413,41.2 кв.м
26-12-022308-167,115 кв.м
26-12-022308-461,40.6 кв.м
26-12-022308-466,50.1 кв.м
26-12-022308-799,41.2 кв.м
26-12-022308-460,17.2 кв.м
26-12-022308-418,38.2 кв.м
26-12-022308-462,38.8 кв.м
26-12-022308-820,31.2 кв.м
26-12-022403-1242,36.8 кв.м
26-12-022403-1243,43.1 кв.м
26-12-022308-465,28 кв.м
26-12-022308-459,27.6 кв.м
26-12-022308-421,24.4 кв.м
26-12-022318-403,18.2 кв.м
26-12-022308-464,44.8 кв.м
26-12-022318-549,40.5 кв.м
26-12-022308-419,13.4 кв.м
26-12-022308-423,47.1 кв.м
26-12-022318-405,36.9 кв.м
26-12-022318-545,33.9 кв.м
26-12-022318-180,271.5 кв.м
26-12-022318-544,36.8 кв.м
26-12-022318-550,50.3 кв.м
26-12-022318-404,100 кв.м
26-12-022318-546,28.6 кв.м
26-12-022318-548,47 кв.м
26-12-022318-510,67.6 кв.м
26-12-022308-750,38.8 кв.м
26-12-022318-164,507.7 кв.м
26-12-022308-217,92.8 кв.м
26-12-022308-733,39.1 кв.м
26-12-022308-731,29.3 кв.м
26-12-022318-547,53 кв.м
26-12-022308-732,24.2 кв.м
26-12-022318-514,15.7 кв.м
26-12-022318-515,47.2 кв.м
26-12-022318-511,32 кв.м
26-12-022318-519,28.6 кв.м
26-12-022405-535,81.5 кв.м
26-12-022318-513,57 кв.м
26-12-022318-520,32 кв.м
26-12-022318-518,36.2 кв.м
26-12-022405-167,13248.9 кв.м
26-12-022318-517,26.3 кв.м
26-12-022405-533,49.6 кв.м
26-12-022405-538,61.9 кв.м
26-12-022318-512,25.5 кв.м
26-12-022405-531,81.9 кв.м
26-12-022405-537,49.2 кв.м
26-12-022405-532,48.8 кв.м
26-12-022405-536,48.6 кв.м
26-12-022405-527,81.7 кв.м
26-12-022405-520,48.5 кв.м
26-12-022405-530,62.2 кв.м
26-12-022405-529,51.3 кв.м
26-12-022318-516,22 кв.м
26-12-022405-513,48.4 кв.м
26-12-022405-534,62.5 кв.м
26-12-022405-516,48.2 кв.м
26-12-022403-1768,"65,1 кв.м"
26-12-022405-523,81.8 кв.м
26-12-022405-519,82 кв.м
26-12-022405-528,48.6 кв.м
26-12-022405-509,48.8 кв.м
26-12-022405-512,48.3 кв.м
26-12-022405-524,48.5 кв.м
26-12-022405-514,62 кв.м
26-12-022405-518,62.3 кв.м
26-12-022405-515,81.3 кв.м
26-12-022403-1329,48.3 кв.м
26-12-022405-507,61.9 кв.м
26-12-022405-499,47.3 кв.м
26-12-022405-521,49.5 кв.м
26-12-022405-517,50.3 кв.м
26-12-022405-522,61.6 кв.м
26-12-022405-505,61.5 кв.м
26-12-022405-497,47.9 кв.м
26-12-022405-511,82.3 кв.м
26-12-022405-498,66.8 кв.м
26-12-022405-510,61.6 кв.м
26-12-022405-501,61.9 кв.м
26-12-022405-525,49.1 кв.м
26-12-022405-503,60.9 кв.м
26-12-022405-502,47.9 кв.м
26-12-022405-485,60.9 кв.м
26-12-022405-496,61.9 кв.м
26-12-022405-488,74.6 кв.м
26-12-022405-489,47.2 кв.м
26-12-022405-490,61.3 кв.м
26-12-022405-495,47.3 кв.м
26-12-022405-504,47.4 кв.м
26-12-022405-500,61.6 кв.м
26-12-022405-491,62.3 кв.м
26-12-022405-480,77.9 кв.м
26-12-022405-494,65.8 кв.м
26-12-022405-486,62.3 кв.м
26-12-022405-478,47.9 кв.м
26-12-022405-473,67 кв.м
26-12-022405-481,51.8 кв.м
26-12-022405-482,63.1 кв.м
26-12-022405-492,62.3 кв.м
26-12-022405-472,51.7 кв.м
26-12-022405-493,47.3 кв.м
26-12-022405-477,48 кв.м
26-12-022405-487,48 кв.м
26-12-022405-479,61.9 кв.м
26-12-022405-476,62.1 кв.м
26-12-022405-483,66.2 кв.м
26-12-022405-484,47.1 кв.м
26-12-022405-474,49.9 кв.м
26-12-022405-466,62.1 кв.м
26-12-022405-464,47.7 кв.м
26-12-022405-475,61.8 кв.м
26-12-022405-469,48.3 кв.м
26-12-022405-463,66.4 кв.м
26-12-022403-1215,38.5 кв.м
26-12-022405-465,65.2 кв.м
26-12-022405-455,35.4 кв.м
26-12-022405-470,61.7 кв.м
26-12-022405-436,66.7 кв.м
26-12-022405-875,67.7 кв.м
26-12-022405-467,48 кв.м
26-12-022403-1143,70.8 кв.м
26-12-022403-1194,70.8 кв.м
26-12-022405-462,49.2 кв.м
26-12-022405-468,67.1 кв.м
26-12-022403-1175,70.6 кв.м
26-12-022403-977,66.6 кв.м
26-12-022405-438,36.9 кв.м
26-12-022403-1246,36.3 кв.м
26-12-022405-461,61.9 кв.м
26-12-022405-415,36.4 кв.м
26-12-022405-402,35.7 кв.м
26-12-022405-437,39.5 кв.м
26-12-022405-446,35 кв.м
26-12-022405-412,67.3 кв.м
26-12-022405-414,66.5 кв.м
26-12-022405-411,36 кв.м
26-12-022405-439,67.7 кв.м
26-12-022405-403,67.5 кв.м
26-12-022405-398,38.6 кв.м
26-12-022405-430,66.8 кв.м
26-12-022405-429,36.3 кв.м
26-12-022405-400,66.7 кв.м
26-12-022405-413,39.1 кв.м
26-12-022405-385,82.7 кв.м
26-12-022405-396,67.3 кв.м
26-12-022405-868,38.7 кв.м
26-12-022405-401,35.9 кв.м
26-12-022405-416,67.3 кв.м
26-12-022405-399,67.1 кв.м
26-12-022405-427,66.5 кв.м
26-12-022405-410,35.6 кв.м
26-12-022405-449,62 кв.м
26-12-022405-409,66.8 кв.м
26-12-022405-383,71.7 кв.м
26-12-022405-397,35.1 кв.м
26-12-022405-384,62.1 кв.м
26-12-022405-426,47.2 кв.м
26-12-022405-380,89.7 кв.м
26-12-022405-382,76.9 кв.м
26-12-022405-381,65.4 кв.м
26-12-022405-440,51.3 кв.м
26-12-022405-453,61.9 кв.м
26-12-022405-451,64.1 кв.м
26-12-022405-452,51.7 кв.м
26-12-022405-442,64.9 кв.м
26-12-022405-444,61.2 кв.м
26-12-022405-434,47.9 кв.м
26-12-022405-443,52.3 кв.м
26-12-022405-431,61.6 кв.м
26-12-022405-425,61.2 кв.м
26-12-022405-450,48.8 кв.м
26-12-022405-435,61.1 кв.м
26-12-022405-433,63.2 кв.м
26-12-022405-432,47.9 кв.м
26-12-022405-408,61.4 кв.м
26-12-022405-424,64.8 кв.м
26-12-022405-441,61.4 кв.м
26-12-022405-423,48.6 кв.м
26-12-022405-407,47.5 кв.м
26-12-022405-419,63.8 кв.м
26-12-022405-418,48.6 кв.м
26-12-022405-417,61.9 кв.м
26-12-022405-406,68.4 кв.м
26-12-022405-394,47.7 кв.м
26-12-022405-405,48.2 кв.м
26-12-022405-422,64.3 кв.м
26-12-022405-421,61.4 кв.м
26-12-022405-389,47.7 кв.м
26-12-022405-420,47.5 кв.м
26-12-022405-392,51.3 кв.м
26-12-022405-404,62.3 кв.м
26-12-022405-388,65.3 кв.м
26-12-022405-391,61.1 кв.м
26-12-022405-393,65 кв.м
26-12-022405-390,62.3 кв.м
26-12-022405-377,64.8 кв.м
26-12-022405-395,61.4 кв.м
26-12-022405-379,61.8 кв.м
26-12-022405-367,62.4 кв.м
26-12-022405-375,62.3 кв.м
26-12-022405-366,47.9 кв.м
26-12-022405-387,47.7 кв.м
26-12-022405-376,51.4 кв.м
26-12-022405-378,48 кв.м
26-12-022405-364,50.6 кв.м
26-12-022405-386,61.3 кв.м
26-12-022405-365,47.8 кв.м
26-12-022405-357,68.4 кв.м
26-12-022405-355,48.5 кв.м
26-12-022405-371,61.1 кв.м
26-12-022403-973,61.1 кв.м
26-12-022405-362,61.7 кв.м
26-12-022405-346,47.9 кв.м
26-12-022405-334,50.7 кв.м
26-12-022405-320,52.9 кв.м
26-12-022405-348,62.3 кв.м
26-12-022405-345,67.9 кв.м
26-12-022405-354,47.6 кв.м
26-12-022405-333,47.8 кв.м
26-12-022405-347,48.3 кв.м
26-12-022405-353,61.6 кв.м
26-12-022405-335,62.5 кв.м
26-12-022405-318,62.1 кв.м
26-12-022405-339,60.8 кв.м
26-12-022405-331,62.6 кв.м
26-12-022405-327,61.4 кв.м
26-12-022405-326,48.2 кв.м
26-12-022405-312,49.7 кв.м
26-12-022405-310,62.2 кв.м
26-12-022403-1479,47.8 кв.м
26-12-022405-309,47.3 кв.м
26-12-022405-319,62.3 кв.м
26-12-022405-370,61.4 кв.м
26-12-022405-325,47.5 кв.м
26-12-022405-317,47.3 кв.м
26-12-022405-369,47.5 кв.м
26-12-022405-372,61.9 кв.м
26-12-022405-301,47.3 кв.м
26-12-022405-311,62 кв.м
26-12-022405-361,61.4 кв.м
26-12-022405-302,61.6 кв.м
26-12-022405-368,48.2 кв.м
26-12-022405-304,53.1 кв.м
26-12-022405-341,62 кв.м
26-12-022405-343,47.2 кв.м
26-12-022405-303,62.8 кв.м
26-12-022405-337,47.1 кв.м
26-12-022405-359,48.6 кв.м
26-12-022405-344,60.9 кв.м
26-12-022405-351,46.8 кв.м
26-12-022405-338,61.4 кв.м
26-12-022405-340,62.3 кв.м
26-12-022405-350,47.9 кв.м
26-12-022405-342,48 кв.м
26-12-022405-328,47.3 кв.м
26-12-022405-360,47.4 кв.м
26-12-022405-336,48.1 кв.м
26-12-022405-358,62.3 кв.м
26-12-022405-349,62.1 кв.м
26-12-022405-352,61.6 кв.м
26-12-022405-329,52.2 кв.м
26-12-022405-306,60.2 кв.м
26-12-022405-1465,"399,6 кв.м"
26-12-022405-332,62.4 кв.м
26-12-022405-316,46.3 кв.м
26-12-022405-324,47.2 кв.м
26-12-022405-322,60.5 кв.м
26-12-022405-330,59.7 кв.м
26-12-022405-321,46.7 кв.м
26-12-022405-899,52.6 кв.м
26-12-022405-323,61.8 кв.м
26-12-022405-315,61.6 кв.м
26-12-022405-314,59.7 кв.м
26-12-022405-313,49 кв.м
26-12-022405-308,47.1 кв.м
26-12-022403-1155,75.5 кв.м
26-12-022405-305,46.7 кв.м
26-12-022405-307,62.2 кв.м
26-12-022405-898,95.7 кв.м
26-12-022405-872,59.3 кв.м
26-12-022405-874,61.8 кв.м
26-12-022405-877,1044.7 кв.м
26-12-022405-459,870.1 кв.м
26-12-022405-869,106.7 кв.м
26-12-022318-736,19.2 кв.м
26-12-022318-728,534.2 кв.м
26-12-022318-751,35.1 кв.м
26-12-022318-742,22.8 кв.м
26-12-022318-737,42.6 кв.м
26-12-022308-1099,17 кв.м
26-12-022318-746,30.5 кв.м
26-12-022318-745,27.3 кв.м
26-12-022318-739,23.6 кв.м
26-12-022308-1098,"17,6 кв.м"
26-12-022318-738,29.1 кв.м
26-12-022308-1106,17 кв.м
26-12-022318-740,35.1 кв.м
26-12-022318-733,32.5 кв.м
26-12-022308-1110,24 кв.м
26-12-022318-639,21.7 кв.м
26-12-022318-732,23.7 кв.м
26-12-022318-747,29.6 кв.м
26-12-022318-744,52.8 кв.м
26-12-022318-642,16.8 кв.м
26-12-022318-734,27.3 кв.м
26-12-022318-748,22.5 кв.м
26-12-022318-645,39.7 кв.м
26-12-022318-641,40.9 кв.м
26-12-022318-643,36.2 кв.м
26-12-022318-638,63.9 кв.м
26-12-022318-644,46.1 кв.м
26-12-022318-636,48.4 кв.м
26-12-022308-196,1635.4 кв.м
26-12-022308-596,129.6 кв.м
26-12-022318-637,40.5 кв.м
26-12-022308-598,59.3 кв.м
26-12-022318-640,55.7 кв.м
26-12-022308-597,51.4 кв.м
26-12-022308-604,141.4 кв.м
26-12-022315-101,99.8 кв.м
26-12-022308-800,122.8 кв.м
26-12-022308-602,133.7 кв.м
26-12-022308-600,139.4 кв.м
26-12-022308-606,142.3 кв.м
26-12-022308-608,56.2 кв.м
26-12-022308-601,138.9 кв.м
26-12-022308-609,76.9 кв.м
26-12-022308-605,122.8 кв.м
26-12-022308-607,129.2 кв.м
26-12-022308-599,128.9 кв.м
26-12-022308-762,73.9 кв.м
26-12-022315-57,1966.2 кв.м
26-12-022403-1007,148.4 кв.м
26-12-022403-1403,33.1 кв.м
26-12-022318-526,36.3 кв.м
26-12-022318-190,291.6 кв.м
26-12-022318-647,40.5 кв.м
26-12-022318-529,24.6 кв.м
26-12-022403-1132,12.9 кв.м
26-12-022318-649,17.9 кв.м
26-12-022318-650,14.6 кв.м
26-12-022318-525,42.5 кв.м
26-12-022318-530,22.1 кв.м
26-12-022318-532,42.6 кв.м
26-12-022318-527,31.1 кв.м
26-12-022318-528,31.4 кв.м
26-12-022318-533,26.2 кв.м
26-12-022318-535,40.6 кв.м
26-12-022405-1544,"101,7 кв.м"
26-12-022318-524,21.6 кв.м
26-12-022308-111,575 кв.м
26-12-022405-1566,"44,2 кв.м"
26-12-022308-267,42.8 кв.м
26-12-022318-531,47.2 кв.м
26-12-022308-779,141.3 кв.м
26-12-022318-534,25.7 кв.м
26-12-022405-1479,"102,1 кв.м"
26-12-022308-269,27.2 кв.м
26-12-022308-276,36.3 кв.м
26-12-022308-273,42.1 кв.м
26-12-022308-278,41.8 кв.м
26-12-022308-272,43.7 кв.м
26-12-022405-1533,"44,2 кв.м"
26-12-022405-1610,"92,9 кв.м"
26-12-022405-1501,"43,9 кв.м"
26-12-022316-19,55.9 кв.м
26-12-022308-277,72 кв.м
26-12-022308-274,69.9 кв.м
26-12-022308-275,31 кв.м
26-12-022316-10,280.4 кв.м
26-12-022405-1599,"72,5 кв.м"
26-12-022405-1467,"12294,2 кв.м"
26-12-022318-626,58 кв.м
26-12-022318-449,59.9 кв.м
26-12-022318-470,60.3 кв.м
26-12-022318-480,54.9 кв.м
26-12-022318-406,60.7 кв.м
26-12-022405-1577,"50,1 кв.м"
26-12-022318-608,90.6 кв.м
26-12-022318-482,55.7 кв.м
26-12-022318-591,55.7 кв.м
26-12-022318-182,5622.9 кв.м
26-12-022318-451,59.4 кв.м
26-12-022318-472,59.1 кв.м
26-12-022318-571,58.5 кв.м
26-12-022405-1555,"46,9 кв.м"
26-12-022318-573,57.2 кв.м
26-12-022318-622,59.7 кв.м
26-12-022318-450,56.1 кв.м
26-12-022318-468,60.2 кв.м
26-12-022318-481,58.4 кв.м
26-12-022318-471,55.9 кв.м
26-12-022318-426,56 кв.м
26-12-022318-469,56.1 кв.м
26-12-022318-572,55.5 кв.м
26-12-022318-424,61.3 кв.м
26-12-022318-447,59.5 кв.м
26-12-022318-446,59.9 кв.м
26-12-022318-478,58.9 кв.м
26-12-022318-584,53.7 кв.м
26-12-022318-563,53.2 кв.м
26-12-022318-607,46.9 кв.м
26-12-022318-425,57.2 кв.м
26-12-022318-464,59.4 кв.м
26-12-022318-444,93 кв.м
26-12-022318-463,52.8 кв.м
26-12-022318-585,60 кв.м
26-12-022403-1307,46.5 кв.м
26-12-022318-443,46.9 кв.м
26-12-022318-420,57.6 кв.м
26-12-022318-467,45.3 кв.м
26-12-022318-462,60 кв.м
26-12-022318-445,48.6 кв.м
26-12-022318-422,87.8 кв.м
26-12-022318-417,77.3 кв.м
26-12-022318-423,48.2 кв.м
26-12-022318-560,97.1 кв.м
26-12-022318-551,231.9 кв.м
26-12-022318-439,80.9 кв.м
26-12-022318-603,78.9 кв.м
26-12-022318-583,58.2 кв.м
26-12-022318-437,56.4 кв.м
26-12-022318-418,60 кв.м
26-12-022318-581,101.4 кв.м
26-12-022318-414,58.1 кв.м
26-12-022318-596,62 кв.м
26-12-022318-476,57.2 кв.м
26-12-022318-458,56.5 кв.м
26-12-022318-435,71.6 кв.м
26-12-022318-460,100.6 кв.м
26-12-022318-576,62 кв.м
26-12-022318-559,58.1 кв.м
26-12-022318-436,56.5 кв.м
26-12-022318-457,72.5 кв.м
26-12-022318-459,60 кв.м
26-12-022318-431,80.1 кв.м
26-12-022318-552,62.2 кв.м
26-12-022318-455,57.9 кв.м
26-12-022318-413,71.4 кв.м
26-12-022318-433,57.8 кв.м
26-12-022318-456,58.1 кв.м
26-12-022318-434,56.9 кв.м
26-12-022318-477,58 кв.м
26-12-022318-410,57.4 кв.м
26-12-022318-618,61.1 кв.м
26-12-022318-553,53.9 кв.м
26-12-022318-473,81 кв.м
26-12-022318-411,78.8 кв.м
26-12-022318-452,80.3 кв.м
26-12-022318-412,60.4 кв.м
26-12-022318-595,60.9 кв.м
26-12-022318-474,60.3 кв.м
26-12-022318-430,61 кв.м
26-12-022404-184,394 кв.м
26-12-022404-1055,"107,1 кв.м"
26-12-022318-335,31.4 кв.м
26-12-022318-314,56 кв.м
26-12-022318-310,41.2 кв.м
26-12-022318-240,42.3 кв.м
26-12-022318-342,31 кв.м
26-12-022318-703,44.9 кв.м
26-12-022318-351,40.9 кв.м
26-12-022318-292,41.4 кв.м
26-12-022318-271,57.3 кв.м
26-12-022318-255,64.4 кв.м
26-12-022318-309,31.9 кв.м
26-12-022318-324,62.6 кв.м
26-12-022318-327,43.3 кв.м
26-12-022318-274,41 кв.м
26-12-022318-323,41.1 кв.м
26-12-022318-349,56.3 кв.м
26-12-022318-338,30 кв.м
26-12-022318-273,62.8 кв.м
26-12-022318-242,43.1 кв.м
26-12-022318-307,38.7 кв.м
26-12-022318-311,64 кв.м
26-12-022318-254,31.7 кв.м
26-12-022318-306,55 кв.м
26-12-022318-138,3538.8 кв.м
26-12-022318-330,42.7 кв.м
26-12-022318-317,30.5 кв.м
26-12-022318-239,47.7 кв.м
26-12-022318-265,75.4 кв.м
26-12-022318-325,46.2 кв.м
26-12-022318-241,25.7 кв.м
26-12-022318-305,37.2 кв.м
26-12-022318-308,17.8 кв.м
26-12-022318-328,45.3 кв.м
26-12-022318-326,44.7 кв.м
26-12-022318-267,46.3 кв.м
26-12-022318-331,32.4 кв.м
26-12-022318-346,52.6 кв.м
26-12-022318-341,30.3 кв.м
26-12-022318-290,75.7 кв.м
26-12-022318-320,50.2 кв.м
26-12-022318-297,43.5 кв.м
26-12-022318-356,29.9 кв.м
26-12-022318-245,37.6 кв.м
26-12-022318-353,36.6 кв.м
26-12-022318-333,37.1 кв.м
26-12-022318-262,75.6 кв.м
26-12-022318-332,51.4 кв.м
26-12-022318-315,33.1 кв.м
26-12-022704-343,83.4 кв.м
26-12-022318-289,36.9 кв.м
26-12-022318-754,99.5 кв.м
26-12-022704-471,39.5 кв.м
26-12-022318-302,230.4 кв.м
26-12-022704-470,43.9 кв.м
26-12-021509-151,33.6 кв.м
26-12-000000-3442,24.7 кв.м
26-12-022318-334,78.5 кв.м
26-12-022318-345,37 кв.м
26-12-000000-2368,26.8 кв.м
26-12-021509-516,33.1 кв.м
26-12-022318-782,67.5 кв.м
26-12-022608-92,48.1 кв.м
26-12-022608-36,109.6 кв.м
26-12-022704-346,48.7 кв.м
26-12-021509-679,39.5 кв.м
26-12-021509-366,33.6 кв.м
26-12-021509-517,37 кв.м
26-12-022704-512,48.7 кв.м
26-12-021509-680,24.4 кв.м
