202170000012300342,https://zakupki.gov.ruОтсутсвует
202170000012300341,https://zakupki.gov.ruОтсутсвует
202170000012300337,https://zakupki.gov.ruОтсутсвует
202170000012300336,https://zakupki.gov.ruОтсутсвует
202170000012300334,https://zakupki.gov.ruОтсутсвует
202170000012300322,https://zakupki.gov.ru/epz/order/notice/ea615/view/protocol/protocol-main-info.html?regNumber=202170000012300322&protocolId=43304898
202170000012300321,https://zakupki.gov.ru/epz/order/notice/ea615/view/protocol/protocol-main-info.html?regNumber=202170000012300321&protocolId=43304797
202170000012300320,https://zakupki.gov.ru/epz/order/notice/ea615/view/protocol/protocol-main-info.html?regNumber=202170000012300320&protocolId=43304757
202170000012300319,https://zakupki.gov.ru/epz/order/notice/ea615/view/protocol/protocol-main-info.html?regNumber=202170000012300319&protocolId=43304715
202170000012300318,https://zakupki.gov.ru/epz/order/notice/ea615/view/protocol/protocol-main-info.html?regNumber=202170000012300318&protocolId=43268117
202170000012300317,https://zakupki.gov.ru/epz/order/notice/ea615/view/protocol/protocol-main-info.html?regNumber=202170000012300317&protocolId=43211724
202170000012300316,https://zakupki.gov.ru/epz/order/notice/ea615/view/protocol/protocol-main-info.html?regNumber=202170000012300316&protocolId=43211715
202170000012300315,https://zakupki.gov.ru/epz/order/notice/ea615/view/protocol/protocol-main-info.html?regNumber=202170000012300315&protocolId=43211700
202170000012300314,https://zakupki.gov.ru/epz/order/notice/ea615/view/protocol/protocol-main-info.html?regNumber=202170000012300314&protocolId=43211690
202170000012300310,https://zakupki.gov.ru/epz/order/notice/ea615/view/protocol/protocol-main-info.html?regNumber=202170000012300310&protocolId=43171481
202170000012300312,https://zakupki.gov.ru/epz/order/notice/ea615/view/protocol/protocol-main-info.html?regNumber=202170000012300312&protocolId=43168047
202170000012300311,https://zakupki.gov.ru/epz/order/notice/ea615/view/protocol/protocol-main-info.html?regNumber=202170000012300311&protocolId=43167961
202170000012300309,https://zakupki.gov.ru/epz/order/notice/ea615/view/protocol/protocol-main-info.html?regNumber=202170000012300309&protocolId=43167728
202170000012300307,https://zakupki.gov.ru/epz/order/notice/ea615/view/protocol/protocol-main-info.html?regNumber=202170000012300307&protocolId=43118135
202170000012300306,https://zakupki.gov.ru/epz/order/notice/ea615/view/protocol/protocol-main-info.html?regNumber=202170000012300306&protocolId=43118027
202170000012300304,https://zakupki.gov.ru/epz/order/notice/ea615/view/protocol/protocol-main-info.html?regNumber=202170000012300304&protocolId=43105390
202170000012300303,https://zakupki.gov.ru/epz/order/notice/ea615/view/protocol/protocol-main-info.html?regNumber=202170000012300303&protocolId=43105370
202170000012300305,https://zakupki.gov.ru/epz/order/notice/ea615/view/protocol/protocol-main-info.html?regNumber=202170000012300305&protocolId=43069287
202170000012300297,https://zakupki.gov.ru/epz/order/notice/ea615/view/protocol/protocol-main-info.html?regNumber=202170000012300297&protocolId=42974669
202170000012300302,https://zakupki.gov.ru/epz/order/notice/ea615/view/protocol/protocol-main-info.html?regNumber=202170000012300302&protocolId=42961300
202170000012300301,https://zakupki.gov.ru/epz/order/notice/ea615/view/protocol/protocol-main-info.html?regNumber=202170000012300301&protocolId=42961267
202170000012300300,https://zakupki.gov.ru/epz/order/notice/ea615/view/protocol/protocol-main-info.html?regNumber=202170000012300300&protocolId=42961222
202170000012300299,https://zakupki.gov.ru/epz/order/notice/ea615/view/protocol/protocol-main-info.html?regNumber=202170000012300299&protocolId=42961159
202170000012300298,https://zakupki.gov.ru/epz/order/notice/ea615/view/protocol/protocol-main-info.html?regNumber=202170000012300298&protocolId=42960640
202170000012300294,https://zakupki.gov.ru/epz/order/notice/ea615/view/protocol/protocol-main-info.html?regNumber=202170000012300294&protocolId=42919552
202170000012300295,https://zakupki.gov.ru/epz/order/notice/ea615/view/protocol/protocol-main-info.html?regNumber=202170000012300295&protocolId=42919466
202170000012300292,https://zakupki.gov.ru/epz/order/notice/ea615/view/protocol/protocol-main-info.html?regNumber=202170000012300292&protocolId=42909090
202170000012300290,https://zakupki.gov.ru/epz/order/notice/ea615/view/protocol/protocol-main-info.html?regNumber=202170000012300290&protocolId=42845849
202170000012300288,https://zakupki.gov.ru/epz/order/notice/ea615/view/protocol/protocol-main-info.html?regNumber=202170000012300288&protocolId=42845792
202170000012300287,https://zakupki.gov.ru/epz/order/notice/ea615/view/protocol/protocol-main-info.html?regNumber=202170000012300287&protocolId=42845751
202170000012300286,https://zakupki.gov.ru/epz/order/notice/ea615/view/protocol/protocol-main-info.html?regNumber=202170000012300286&protocolId=42845679
202170000012300289,https://zakupki.gov.ru/epz/order/notice/ea615/view/protocol/protocol-main-info.html?regNumber=202170000012300289&protocolId=42845556
202170000012300285,https://zakupki.gov.ru/epz/order/notice/ea615/view/protocol/protocol-main-info.html?regNumber=202170000012300285&protocolId=42845501
202170000012300284,https://zakupki.gov.ru/epz/order/notice/ea615/view/protocol/protocol-main-info.html?regNumber=202170000012300284&protocolId=42845396
202170000012300291,https://zakupki.gov.ru/epz/order/notice/ea615/view/protocol/protocol-main-info.html?regNumber=202170000012300291&protocolId=42835097
202170000012300277,https://zakupki.gov.ru/epz/order/notice/ea615/view/protocol/protocol-main-info.html?regNumber=202170000012300277&protocolId=42821569
202170000012300276,https://zakupki.gov.ru/epz/order/notice/ea615/view/protocol/protocol-main-info.html?regNumber=202170000012300276&protocolId=42821545
202170000012300275,https://zakupki.gov.ru/epz/order/notice/ea615/view/protocol/protocol-main-info.html?regNumber=202170000012300275&protocolId=42821520
202170000012300274,https://zakupki.gov.ru/epz/order/notice/ea615/view/protocol/protocol-main-info.html?regNumber=202170000012300274&protocolId=42821495
202170000012300273,https://zakupki.gov.ru/epz/order/notice/ea615/view/protocol/protocol-main-info.html?regNumber=202170000012300273&protocolId=42821465
202170000012300272,https://zakupki.gov.ru/epz/order/notice/ea615/view/protocol/protocol-main-info.html?regNumber=202170000012300272&protocolId=42821449
202170000012300271,https://zakupki.gov.ru/epz/order/notice/ea615/view/protocol/protocol-main-info.html?regNumber=202170000012300271&protocolId=42821408
202170000012300283,https://zakupki.gov.ru/epz/order/notice/ea615/view/protocol/protocol-main-info.html?regNumber=202170000012300283&protocolId=42817288
202170000012300281,https://zakupki.gov.ru/epz/order/notice/ea615/view/protocol/protocol-main-info.html?regNumber=202170000012300281&protocolId=42798637
202170000012300279,https://zakupki.gov.ru/epz/order/notice/ea615/view/protocol/protocol-main-info.html?regNumber=202170000012300279&protocolId=42798487
202170000012300282,https://zakupki.gov.ru/epz/order/notice/ea615/view/protocol/protocol-main-info.html?regNumber=202170000012300282&protocolId=42789737
202170000012300280,https://zakupki.gov.ru/epz/order/notice/ea615/view/protocol/protocol-main-info.html?regNumber=202170000012300280&protocolId=42789695
202170000012300278,https://zakupki.gov.ru/epz/order/notice/ea615/view/protocol/protocol-main-info.html?regNumber=202170000012300278&protocolId=42774337
202170000012300269,https://zakupki.gov.ru/epz/order/notice/ea615/view/protocol/protocol-main-info.html?regNumber=202170000012300269&protocolId=42735503
202170000012300267,https://zakupki.gov.ru/epz/order/notice/ea615/view/protocol/protocol-main-info.html?regNumber=202170000012300267&protocolId=42735323
202170000012300265,https://zakupki.gov.ru/epz/order/notice/ea615/view/protocol/protocol-main-info.html?regNumber=202170000012300265&protocolId=42690597
202170000012300268,https://zakupki.gov.ru/epz/order/notice/ea615/view/protocol/protocol-main-info.html?regNumber=202170000012300268&protocolId=42690580
202170000012300266,https://zakupki.gov.ru/epz/order/notice/ea615/view/protocol/protocol-main-info.html?regNumber=202170000012300266&protocolId=42690302
202170000012300264,https://zakupki.gov.ru/epz/order/notice/ea615/view/protocol/protocol-main-info.html?regNumber=202170000012300264&protocolId=42673875
202170000012300259,https://zakupki.gov.ru/epz/order/notice/ea615/view/protocol/protocol-main-info.html?regNumber=202170000012300259&protocolId=42639363
202170000012300260,https://zakupki.gov.ru/epz/order/notice/ea615/view/protocol/protocol-main-info.html?regNumber=202170000012300260&protocolId=42639313
202170000012300261,https://zakupki.gov.ru/epz/order/notice/ea615/view/protocol/protocol-main-info.html?regNumber=202170000012300261&protocolId=42639290
202170000012300262,https://zakupki.gov.ru/epz/order/notice/ea615/view/protocol/protocol-main-info.html?regNumber=202170000012300262&protocolId=42639183
202170000012300258,https://zakupki.gov.ru/epz/order/notice/ea615/view/protocol/protocol-main-info.html?regNumber=202170000012300258&protocolId=42634582
202170000012300256,https://zakupki.gov.ru/epz/order/notice/ea615/view/protocol/protocol-main-info.html?regNumber=202170000012300256&protocolId=42634573
202170000012300255,https://zakupki.gov.ru/epz/order/notice/ea615/view/protocol/protocol-main-info.html?regNumber=202170000012300255&protocolId=42634571
202170000012300254,https://zakupki.gov.ru/epz/order/notice/ea615/view/protocol/protocol-main-info.html?regNumber=202170000012300254&protocolId=42634563
202170000012300257,https://zakupki.gov.ru/epz/order/notice/ea615/view/protocol/protocol-main-info.html?regNumber=202170000012300257&protocolId=42623670
202170000012300225,https://zakupki.gov.ru/epz/order/notice/ea615/view/protocol/protocol-main-info.html?regNumber=202170000012300225&protocolId=42623665
202170000012300203,https://zakupki.gov.ru/epz/order/notice/ea615/view/protocol/protocol-main-info.html?regNumber=202170000012300203&protocolId=42601072
202170000012300253,https://zakupki.gov.ru/epz/order/notice/ea615/view/protocol/protocol-main-info.html?regNumber=202170000012300253&protocolId=42578728
202170000012300252,https://zakupki.gov.ru/epz/order/notice/ea615/view/protocol/protocol-main-info.html?regNumber=202170000012300252&protocolId=42578713
202170000012300251,https://zakupki.gov.ru/epz/order/notice/ea615/view/protocol/protocol-main-info.html?regNumber=202170000012300251&protocolId=42578706
202170000012300250,https://zakupki.gov.ru/epz/order/notice/ea615/view/protocol/protocol-main-info.html?regNumber=202170000012300250&protocolId=42578703
202170000012300249,https://zakupki.gov.ru/epz/order/notice/ea615/view/protocol/protocol-main-info.html?regNumber=202170000012300249&protocolId=42576819
202170000012300248,https://zakupki.gov.ru/epz/order/notice/ea615/view/protocol/protocol-main-info.html?regNumber=202170000012300248&protocolId=42576815
202170000012300247,https://zakupki.gov.ru/epz/order/notice/ea615/view/protocol/protocol-main-info.html?regNumber=202170000012300247&protocolId=42576804
202170000012300246,https://zakupki.gov.ru/epz/order/notice/ea615/view/protocol/protocol-main-info.html?regNumber=202170000012300246&protocolId=42576781
202170000012300245,https://zakupki.gov.ru/epz/order/notice/ea615/view/protocol/protocol-main-info.html?regNumber=202170000012300245&protocolId=42576768
202170000012300200,https://zakupki.gov.ru/epz/order/notice/ea615/view/protocol/protocol-main-info.html?regNumber=202170000012300200&protocolId=42568099
202170000012300242,https://zakupki.gov.ru/epz/order/notice/ea615/view/protocol/protocol-main-info.html?regNumber=202170000012300242&protocolId=42482559
202170000012300236,https://zakupki.gov.ru/epz/order/notice/ea615/view/protocol/protocol-main-info.html?regNumber=202170000012300236&protocolId=42473601
202170000012300235,https://zakupki.gov.ru/epz/order/notice/ea615/view/protocol/protocol-main-info.html?regNumber=202170000012300235&protocolId=42472976
202170000012300229,https://zakupki.gov.ru/epz/order/notice/ea615/view/protocol/protocol-main-info.html?regNumber=202170000012300229&protocolId=42471827
202170000012300241,https://zakupki.gov.ru/epz/order/notice/ea615/view/protocol/protocol-main-info.html?regNumber=202170000012300241&protocolId=42460839
202170000012300221,https://zakupki.gov.ru/epz/order/notice/ea615/view/protocol/protocol-main-info.html?regNumber=202170000012300221&protocolId=42460840
202170000012300240,https://zakupki.gov.ru/epz/order/notice/ea615/view/protocol/protocol-main-info.html?regNumber=202170000012300240&protocolId=42460763
202170000012300237,https://zakupki.gov.ru/epz/order/notice/ea615/view/protocol/protocol-main-info.html?regNumber=202170000012300237&protocolId=42450428
202170000012300238,https://zakupki.gov.ru/epz/order/notice/ea615/view/protocol/protocol-main-info.html?regNumber=202170000012300238&protocolId=42450377
202170000012300239,https://zakupki.gov.ru/epz/order/notice/ea615/view/protocol/protocol-main-info.html?regNumber=202170000012300239&protocolId=42450348
202170000012300230,https://zakupki.gov.ru/epz/order/notice/ea615/view/protocol/protocol-main-info.html?regNumber=202170000012300230&protocolId=42445088
202170000012300231,https://zakupki.gov.ru/epz/order/notice/ea615/view/protocol/protocol-main-info.html?regNumber=202170000012300231&protocolId=42445075
202170000012300232,https://zakupki.gov.ru/epz/order/notice/ea615/view/protocol/protocol-main-info.html?regNumber=202170000012300232&protocolId=42445067
202170000012300233,https://zakupki.gov.ru/epz/order/notice/ea615/view/protocol/protocol-main-info.html?regNumber=202170000012300233&protocolId=42445048
202170000012300234,https://zakupki.gov.ru/epz/order/notice/ea615/view/protocol/protocol-main-info.html?regNumber=202170000012300234&protocolId=42444996
202170000012300227,https://zakupki.gov.ru/epz/order/notice/ea615/view/protocol/protocol-main-info.html?regNumber=202170000012300227&protocolId=42435065
202170000012300226,https://zakupki.gov.ru/epz/order/notice/ea615/view/protocol/protocol-main-info.html?regNumber=202170000012300226&protocolId=42435057
202170000012300224,https://zakupki.gov.ru/epz/order/notice/ea615/view/protocol/protocol-main-info.html?regNumber=202170000012300224&protocolId=42435038
202170000012300223,https://zakupki.gov.ru/epz/order/notice/ea615/view/protocol/protocol-main-info.html?regNumber=202170000012300223&protocolId=42435031
202170000012300222,https://zakupki.gov.ru/epz/order/notice/ea615/view/protocol/protocol-main-info.html?regNumber=202170000012300222&protocolId=42434998
202170000012300228,https://zakupki.gov.ru/epz/order/notice/ea615/view/protocol/protocol-main-info.html?regNumber=202170000012300228&protocolId=42433645
202170000012300212,https://zakupki.gov.ru/epz/order/notice/ea615/view/protocol/protocol-main-info.html?regNumber=202170000012300212&protocolId=42423561
202170000012300209,https://zakupki.gov.ru/epz/order/notice/ea615/view/protocol/protocol-main-info.html?regNumber=202170000012300209&protocolId=42412489
202170000012300220,https://zakupki.gov.ru/epz/order/notice/ea615/view/protocol/protocol-main-info.html?regNumber=202170000012300220&protocolId=42406282
202170000012300219,https://zakupki.gov.ru/epz/order/notice/ea615/view/protocol/protocol-main-info.html?regNumber=202170000012300219&protocolId=42406190
202170000012300218,https://zakupki.gov.ru/epz/order/notice/ea615/view/protocol/protocol-main-info.html?regNumber=202170000012300218&protocolId=42406048
202170000012300217,https://zakupki.gov.ru/epz/order/notice/ea615/view/protocol/protocol-main-info.html?regNumber=202170000012300217&protocolId=42405819
202170000012300211,https://zakupki.gov.ru/epz/order/notice/ea615/view/protocol/protocol-main-info.html?regNumber=202170000012300211&protocolId=42367991
202170000012300215,https://zakupki.gov.ru/epz/order/notice/ea615/view/protocol/protocol-main-info.html?regNumber=202170000012300215&protocolId=42361328
202170000012300214,https://zakupki.gov.ru/epz/order/notice/ea615/view/protocol/protocol-main-info.html?regNumber=202170000012300214&protocolId=42360774
202170000012300205,https://zakupki.gov.ru/epz/order/notice/ea615/view/protocol/protocol-main-info.html?regNumber=202170000012300205&protocolId=42352439
202170000012300216,https://zakupki.gov.ru/epz/order/notice/ea615/view/protocol/protocol-main-info.html?regNumber=202170000012300216&protocolId=42348474
202170000012300210,https://zakupki.gov.ru/epz/order/notice/ea615/view/protocol/protocol-main-info.html?regNumber=202170000012300210&protocolId=42326399
202170000012300213,https://zakupki.gov.ru/epz/order/notice/ea615/view/protocol/protocol-main-info.html?regNumber=202170000012300213&protocolId=42321331
202170000012300191,https://zakupki.gov.ru/epz/order/notice/ea615/view/protocol/protocol-main-info.html?regNumber=202170000012300191&protocolId=42309655
202170000012300195,https://zakupki.gov.ru/epz/order/notice/ea615/view/protocol/protocol-main-info.html?regNumber=202170000012300195&protocolId=42293401
202170000012300196,https://zakupki.gov.ru/epz/order/notice/ea615/view/protocol/protocol-main-info.html?regNumber=202170000012300196&protocolId=42293230
202170000012300190,https://zakupki.gov.ru/epz/order/notice/ea615/view/protocol/protocol-main-info.html?regNumber=202170000012300190&protocolId=42293037
202170000012300189,https://zakupki.gov.ru/epz/order/notice/ea615/view/protocol/protocol-main-info.html?regNumber=202170000012300189&protocolId=42292481
202170000012300207,https://zakupki.gov.ru/epz/order/notice/ea615/view/protocol/protocol-main-info.html?regNumber=202170000012300207&protocolId=42291970
202170000012300206,https://zakupki.gov.ru/epz/order/notice/ea615/view/protocol/protocol-main-info.html?regNumber=202170000012300206&protocolId=42285999
202170000012300188,https://zakupki.gov.ru/epz/order/notice/ea615/view/protocol/protocol-main-info.html?regNumber=202170000012300188&protocolId=42285965
202170000012300187,https://zakupki.gov.ru/epz/order/notice/ea615/view/protocol/protocol-main-info.html?regNumber=202170000012300187&protocolId=42285928
202170000012300202,https://zakupki.gov.ru/epz/order/notice/ea615/view/protocol/protocol-main-info.html?regNumber=202170000012300202&protocolId=42263222
202170000012300178,https://zakupki.gov.ru/epz/order/notice/ea615/view/protocol/protocol-main-info.html?regNumber=202170000012300178&protocolId=42245173
202170000012300182,https://zakupki.gov.ru/epz/order/notice/ea615/view/protocol/protocol-main-info.html?regNumber=202170000012300182&protocolId=42220406
202170000012300186,https://zakupki.gov.ru/epz/order/notice/ea615/view/protocol/protocol-main-info.html?regNumber=202170000012300186&protocolId=42233031
202170000012300184,https://zakupki.gov.ru/epz/order/notice/ea615/view/protocol/protocol-main-info.html?regNumber=202170000012300184&protocolId=42232261
202170000012300192,https://zakupki.gov.ru/epz/order/notice/ea615/view/protocol/protocol-main-info.html?regNumber=202170000012300192&protocolId=42210874
202170000012300177,https://zakupki.gov.ru/epz/order/notice/ea615/view/protocol/protocol-main-info.html?regNumber=202170000012300177&protocolId=42210642
202170000012300194,https://zakupki.gov.ru/epz/order/notice/ea615/view/protocol/protocol-main-info.html?regNumber=202170000012300194&protocolId=42192553
202170000012300185,https://zakupki.gov.ru/epz/order/notice/ea615/view/protocol/protocol-main-info.html?regNumber=202170000012300185&protocolId=42192535
202170000012300193,https://zakupki.gov.ru/epz/order/notice/ea615/view/protocol/protocol-main-info.html?regNumber=202170000012300193&protocolId=42177675
202170000012300201,https://zakupki.gov.ru/epz/order/notice/ea615/view/protocol/protocol-main-info.html?regNumber=202170000012300201&protocolId=42173666
202170000012300181,https://zakupki.gov.ru/epz/order/notice/ea615/view/protocol/protocol-main-info.html?regNumber=202170000012300181&protocolId=42173579
202170000012300176,https://zakupki.gov.ru/epz/order/notice/ea615/view/protocol/protocol-main-info.html?regNumber=202170000012300176&protocolId=42173458
202170000012300175,https://zakupki.gov.ru/epz/order/notice/ea615/view/protocol/protocol-main-info.html?regNumber=202170000012300175&protocolId=42173433
202170000012300173,https://zakupki.gov.ru/epz/order/notice/ea615/view/protocol/protocol-main-info.html?regNumber=202170000012300173&protocolId=42173275
202170000012300172,https://zakupki.gov.ru/epz/order/notice/ea615/view/protocol/protocol-main-info.html?regNumber=202170000012300172&protocolId=42173149
202170000012300171,https://zakupki.gov.ru/epz/order/notice/ea615/view/protocol/protocol-main-info.html?regNumber=202170000012300171&protocolId=42173017
202170000012300161,https://zakupki.gov.ru/epz/order/notice/ea615/view/protocol/protocol-main-info.html?regNumber=202170000012300161&protocolId=42161888
202170000012300199,https://zakupki.gov.ru/epz/order/notice/ea615/view/protocol/protocol-main-info.html?regNumber=202170000012300199&protocolId=42155416
202170000012300197,https://zakupki.gov.ru/epz/order/notice/ea615/view/protocol/protocol-main-info.html?regNumber=202170000012300197&protocolId=42155390
202170000012300198,https://zakupki.gov.ru/epz/order/notice/ea615/view/protocol/protocol-main-info.html?regNumber=202170000012300198&protocolId=42148447
202170000012300204,https://zakupki.gov.ru/epz/order/notice/ea615/view/protocol/protocol-main-info.html?regNumber=202170000012300204&protocolId=42143359
202170000012300183,https://zakupki.gov.ru/epz/order/notice/ea615/view/protocol/protocol-main-info.html?regNumber=202170000012300183&protocolId=42106408
202170000012300180,https://zakupki.gov.ru/epz/order/notice/ea615/view/protocol/protocol-main-info.html?regNumber=202170000012300180&protocolId=42106281
202170000012300155,https://zakupki.gov.ru/epz/order/notice/ea615/view/protocol/protocol-main-info.html?regNumber=202170000012300155&protocolId=42106049
202170000012300179,https://zakupki.gov.ru/epz/order/notice/ea615/view/protocol/protocol-main-info.html?regNumber=202170000012300179&protocolId=42017052
202170000012300163,https://zakupki.gov.ru/epz/order/notice/ea615/view/protocol/protocol-main-info.html?regNumber=202170000012300163&protocolId=42017043
202170000012300174,https://zakupki.gov.ru/epz/order/notice/ea615/view/protocol/protocol-main-info.html?regNumber=202170000012300174&protocolId=42004213
202170000012300167,https://zakupki.gov.ru/epz/order/notice/ea615/view/protocol/protocol-main-info.html?regNumber=202170000012300167&protocolId=41999449
202170000012300170,https://zakupki.gov.ru/epz/order/notice/ea615/view/protocol/protocol-main-info.html?regNumber=202170000012300170&protocolId=41998402
202170000012300160,https://zakupki.gov.ru/epz/order/notice/ea615/view/protocol/protocol-main-info.html?regNumber=202170000012300160&protocolId=41996690
202170000012300158,https://zakupki.gov.ru/epz/order/notice/ea615/view/protocol/protocol-main-info.html?regNumber=202170000012300158&protocolId=41983041
202170000012300153,https://zakupki.gov.ru/epz/order/notice/ea615/view/protocol/protocol-main-info.html?regNumber=202170000012300153&protocolId=41982564
202170000012300131,https://zakupki.gov.ru/epz/order/notice/ea615/view/protocol/protocol-main-info.html?regNumber=202170000012300131&protocolId=41977203
202170000012300169,https://zakupki.gov.ru/epz/order/notice/ea615/view/protocol/protocol-main-info.html?regNumber=202170000012300169&protocolId=41975638
202170000012300165,https://zakupki.gov.ru/epz/order/notice/ea615/view/protocol/protocol-main-info.html?regNumber=202170000012300165&protocolId=41963531
202170000012300166,https://zakupki.gov.ru/epz/order/notice/ea615/view/protocol/protocol-main-info.html?regNumber=202170000012300166&protocolId=41963526
202170000012300164,https://zakupki.gov.ru/epz/order/notice/ea615/view/protocol/protocol-main-info.html?regNumber=202170000012300164&protocolId=41961011
202170000012300118,https://zakupki.gov.ru/epz/order/notice/ea615/view/protocol/protocol-main-info.html?regNumber=202170000012300118&protocolId=41960935
202170000012300162,https://zakupki.gov.ru/epz/order/notice/ea615/view/protocol/protocol-main-info.html?regNumber=202170000012300162&protocolId=41946209
202170000012300159,https://zakupki.gov.ru/epz/order/notice/ea615/view/protocol/protocol-main-info.html?regNumber=202170000012300159&protocolId=41946202
202170000012300156,https://zakupki.gov.ru/epz/order/notice/ea615/view/protocol/protocol-main-info.html?regNumber=202170000012300156&protocolId=41945981
202170000012300117,https://zakupki.gov.ru/epz/order/notice/ea615/view/protocol/protocol-main-info.html?regNumber=202170000012300117&protocolId=41945416
202170000012300157,https://zakupki.gov.ru/epz/order/notice/ea615/view/protocol/protocol-main-info.html?regNumber=202170000012300157&protocolId=41928653
202170000012300154,https://zakupki.gov.ru/epz/order/notice/ea615/view/protocol/protocol-main-info.html?regNumber=202170000012300154&protocolId=41928607
202170000012300152,https://zakupki.gov.ru/epz/order/notice/ea615/view/protocol/protocol-main-info.html?regNumber=202170000012300152&protocolId=41928591
202170000012300126,https://zakupki.gov.ru/epz/order/notice/ea615/view/protocol/protocol-main-info.html?regNumber=202170000012300126&protocolId=41928568
202170000012300151,https://zakupki.gov.ru/epz/order/notice/ea615/view/protocol/protocol-main-info.html?regNumber=202170000012300151&protocolId=41837313
202170000012300149,https://zakupki.gov.ru/epz/order/notice/ea615/view/protocol/protocol-main-info.html?regNumber=202170000012300149&protocolId=41836850
202170000012300147,https://zakupki.gov.ru/epz/order/notice/ea615/view/protocol/protocol-main-info.html?regNumber=202170000012300147&protocolId=41836823
202170000012300114,https://zakupki.gov.ru/epz/order/notice/ea615/view/protocol/protocol-main-info.html?regNumber=202170000012300114&protocolId=41825073
202170000012300143,https://zakupki.gov.ru/epz/order/notice/ea615/view/protocol/protocol-main-info.html?regNumber=202170000012300143&protocolId=41821862
202170000012300150,https://zakupki.gov.ru/epz/order/notice/ea615/view/protocol/protocol-main-info.html?regNumber=202170000012300150&protocolId=41802909
202170000012300145,https://zakupki.gov.ru/epz/order/notice/ea615/view/protocol/protocol-main-info.html?regNumber=202170000012300145&protocolId=41802905
202170000012300148,https://zakupki.gov.ru/epz/order/notice/ea615/view/protocol/protocol-main-info.html?regNumber=202170000012300148&protocolId=41787821
202170000012300146,https://zakupki.gov.ru/epz/order/notice/ea615/view/protocol/protocol-main-info.html?regNumber=202170000012300146&protocolId=41787788
202170000012300144,https://zakupki.gov.ru/epz/order/notice/ea615/view/protocol/protocol-main-info.html?regNumber=202170000012300144&protocolId=41787476
202170000012300141,https://zakupki.gov.ru/epz/order/notice/ea615/view/protocol/protocol-main-info.html?regNumber=202170000012300141&protocolId=41787419
202170000012300139,https://zakupki.gov.ru/epz/order/notice/ea615/view/protocol/protocol-main-info.html?regNumber=202170000012300139&protocolId=41782034
202170000012300137,https://zakupki.gov.ru/epz/order/notice/ea615/view/protocol/protocol-main-info.html?regNumber=202170000012300137&protocolId=41781975
202170000012300142,https://zakupki.gov.ru/epz/order/notice/ea615/view/protocol/protocol-main-info.html?regNumber=202170000012300142&protocolId=41781719
202170000012300140,https://zakupki.gov.ru/epz/order/notice/ea615/view/protocol/protocol-main-info.html?regNumber=202170000012300140&protocolId=41781718
202170000012300136,https://zakupki.gov.ru/epz/order/notice/ea615/view/protocol/protocol-main-info.html?regNumber=202170000012300136&protocolId=41781717
202170000012300135,https://zakupki.gov.ru/epz/order/notice/ea615/view/protocol/protocol-main-info.html?regNumber=202170000012300135&protocolId=41781716
202170000012300138,https://zakupki.gov.ru/epz/order/notice/ea615/view/protocol/protocol-main-info.html?regNumber=202170000012300138&protocolId=41781711
202170000012300133,https://zakupki.gov.ru/epz/order/notice/ea615/view/protocol/protocol-main-info.html?regNumber=202170000012300133&protocolId=41761356
202170000012300124,https://zakupki.gov.ru/epz/order/notice/ea615/view/protocol/protocol-main-info.html?regNumber=202170000012300124&protocolId=41750374
202170000012300123,https://zakupki.gov.ru/epz/order/notice/ea615/view/protocol/protocol-main-info.html?regNumber=202170000012300123&protocolId=41750363
202170000012300130,https://zakupki.gov.ru/epz/order/notice/ea615/view/protocol/protocol-main-info.html?regNumber=202170000012300130&protocolId=41722655
202170000012300122,https://zakupki.gov.ru/epz/order/notice/ea615/view/protocol/protocol-main-info.html?regNumber=202170000012300122&protocolId=41722560
202170000012300132,https://zakupki.gov.ru/epz/order/notice/ea615/view/protocol/protocol-main-info.html?regNumber=202170000012300132&protocolId=41710442
202170000012300129,https://zakupki.gov.ru/epz/order/notice/ea615/view/protocol/protocol-main-info.html?regNumber=202170000012300129&protocolId=41710407
202170000012300120,https://zakupki.gov.ru/epz/order/notice/ea615/view/protocol/protocol-main-info.html?regNumber=202170000012300120&protocolId=41710377
202170000012300119,https://zakupki.gov.ru/epz/order/notice/ea615/view/protocol/protocol-main-info.html?regNumber=202170000012300119&protocolId=41710314
202170000012300121,https://zakupki.gov.ruОтсутсвует
202170000012300128,https://zakupki.gov.ru/epz/order/notice/ea615/view/protocol/protocol-main-info.html?regNumber=202170000012300128&protocolId=41694208
202170000012300127,https://zakupki.gov.ru/epz/order/notice/ea615/view/protocol/protocol-main-info.html?regNumber=202170000012300127&protocolId=41674699
202170000012300125,https://zakupki.gov.ru/epz/order/notice/ea615/view/protocol/protocol-main-info.html?regNumber=202170000012300125&protocolId=41674668
202170000012300108,https://zakupki.gov.ru/epz/order/notice/ea615/view/protocol/protocol-main-info.html?regNumber=202170000012300108&protocolId=41583391
202170000012300112,https://zakupki.gov.ru/epz/order/notice/ea615/view/protocol/protocol-main-info.html?regNumber=202170000012300112&protocolId=41570866
202170000012300116,https://zakupki.gov.ru/epz/order/notice/ea615/view/protocol/protocol-main-info.html?regNumber=202170000012300116&protocolId=41553655
202170000012300115,https://zakupki.gov.ru/epz/order/notice/ea615/view/protocol/protocol-main-info.html?regNumber=202170000012300115&protocolId=41535726
202170000012300113,https://zakupki.gov.ru/epz/order/notice/ea615/view/protocol/protocol-main-info.html?regNumber=202170000012300113&protocolId=41535620
202170000012300111,https://zakupki.gov.ru/epz/order/notice/ea615/view/protocol/protocol-main-info.html?regNumber=202170000012300111&protocolId=41460579
202170000012300110,https://zakupki.gov.ru/epz/order/notice/ea615/view/protocol/protocol-main-info.html?regNumber=202170000012300110&protocolId=41414759
202170000012300109,https://zakupki.gov.ru/epz/order/notice/ea615/view/protocol/protocol-main-info.html?regNumber=202170000012300109&protocolId=41402158
202170000012300097,https://zakupki.gov.ru/epz/order/notice/ea615/view/protocol/protocol-main-info.html?regNumber=202170000012300097&protocolId=41393186
202170000012300076,https://zakupki.gov.ru/epz/order/notice/ea615/view/protocol/protocol-main-info.html?regNumber=202170000012300076&protocolId=41380698
202170000012300088,https://zakupki.gov.ru/epz/order/notice/ea615/view/protocol/protocol-main-info.html?regNumber=202170000012300088&protocolId=41367394
202170000012300087,https://zakupki.gov.ru/epz/order/notice/ea615/view/protocol/protocol-main-info.html?regNumber=202170000012300087&protocolId=41367374
202170000012300085,https://zakupki.gov.ru/epz/order/notice/ea615/view/protocol/protocol-main-info.html?regNumber=202170000012300085&protocolId=41353187
202170000012300082,https://zakupki.gov.ru/epz/order/notice/ea615/view/protocol/protocol-main-info.html?regNumber=202170000012300082&protocolId=41336576
202170000012300074,https://zakupki.gov.ru/epz/order/notice/ea615/view/protocol/protocol-main-info.html?regNumber=202170000012300074&protocolId=41297829
202170000012300107,https://zakupki.gov.ru/epz/order/notice/ea615/view/protocol/protocol-main-info.html?regNumber=202170000012300107&protocolId=41286029
202170000012300105,https://zakupki.gov.ru/epz/order/notice/ea615/view/protocol/protocol-main-info.html?regNumber=202170000012300105&protocolId=41285351
202170000012300106,https://zakupki.gov.ru/epz/order/notice/ea615/view/protocol/protocol-main-info.html?regNumber=202170000012300106&protocolId=41247119
202170000012300100,https://zakupki.gov.ru/epz/order/notice/ea615/view/protocol/protocol-main-info.html?regNumber=202170000012300100&protocolId=41239371
202170000012300099,https://zakupki.gov.ru/epz/order/notice/ea615/view/protocol/protocol-main-info.html?regNumber=202170000012300099&protocolId=41189980
202170000012300096,https://zakupki.gov.ru/epz/order/notice/ea615/view/protocol/protocol-main-info.html?regNumber=202170000012300096&protocolId=41189938
202170000012300095,https://zakupki.gov.ru/epz/order/notice/ea615/view/protocol/protocol-main-info.html?regNumber=202170000012300095&protocolId=41189937
202170000012300098,https://zakupki.gov.ru/epz/order/notice/ea615/view/protocol/protocol-main-info.html?regNumber=202170000012300098&protocolId=41176051
202170000012300075,https://zakupki.gov.ru/epz/order/notice/ea615/view/protocol/protocol-main-info.html?regNumber=202170000012300075&protocolId=41164112
202170000012300094,https://zakupki.gov.ru/epz/order/notice/ea615/view/protocol/protocol-main-info.html?regNumber=202170000012300094&protocolId=41122752
202170000012300092,https://zakupki.gov.ru/epz/order/notice/ea615/view/protocol/protocol-main-info.html?regNumber=202170000012300092&protocolId=41117985
202170000012300090,https://zakupki.gov.ru/epz/order/notice/ea615/view/protocol/protocol-main-info.html?regNumber=202170000012300090&protocolId=41117387
202170000012300086,https://zakupki.gov.ru/epz/order/notice/ea615/view/protocol/protocol-main-info.html?regNumber=202170000012300086&protocolId=41116774
202170000012300093,https://zakupki.gov.ru/epz/order/notice/ea615/view/protocol/protocol-main-info.html?regNumber=202170000012300093&protocolId=41106175
202170000012300083,https://zakupki.gov.ru/epz/order/notice/ea615/view/protocol/protocol-main-info.html?regNumber=202170000012300083&protocolId=41099445
202170000012300080,https://zakupki.gov.ru/epz/order/notice/ea615/view/protocol/protocol-main-info.html?regNumber=202170000012300080&protocolId=41081777
202170000012300091,https://zakupki.gov.ru/epz/order/notice/ea615/view/protocol/protocol-main-info.html?regNumber=202170000012300091&protocolId=41081450
202170000012300089,https://zakupki.gov.ru/epz/order/notice/ea615/view/protocol/protocol-main-info.html?regNumber=202170000012300089&protocolId=41081365
202170000012300084,https://zakupki.gov.ru/epz/order/notice/ea615/view/protocol/protocol-main-info.html?regNumber=202170000012300084&protocolId=41052918
202170000012300081,https://zakupki.gov.ru/epz/order/notice/ea615/view/protocol/protocol-main-info.html?regNumber=202170000012300081&protocolId=41032608
202170000012300078,https://zakupki.gov.ru/epz/order/notice/ea615/view/protocol/protocol-main-info.html?regNumber=202170000012300078&protocolId=41032209
202170000012300077,https://zakupki.gov.ru/epz/order/notice/ea615/view/protocol/protocol-main-info.html?regNumber=202170000012300077&protocolId=41032196
202170000012300070,https://zakupki.gov.ru/epz/order/notice/ea615/view/protocol/protocol-main-info.html?regNumber=202170000012300070&protocolId=41027182
202170000012300071,https://zakupki.gov.ru/epz/order/notice/ea615/view/protocol/protocol-main-info.html?regNumber=202170000012300071&protocolId=41026819
202170000012300079,https://zakupki.gov.ru/epz/order/notice/ea615/view/protocol/protocol-main-info.html?regNumber=202170000012300079&protocolId=41019187
202170000012300044,https://zakupki.gov.ru/epz/order/notice/ea615/view/protocol/protocol-main-info.html?regNumber=202170000012300044&protocolId=41019174
202170000012300020,https://zakupki.gov.ru/epz/order/notice/ea615/view/protocol/protocol-main-info.html?regNumber=202170000012300020&protocolId=41013911
202170000012300019,https://zakupki.gov.ru/epz/order/notice/ea615/view/protocol/protocol-main-info.html?regNumber=202170000012300019&protocolId=41013737
202170000012300073,https://zakupki.gov.ru/epz/order/notice/ea615/view/protocol/protocol-main-info.html?regNumber=202170000012300073&protocolId=41007117
202170000012300072,https://zakupki.gov.ru/epz/order/notice/ea615/view/protocol/protocol-main-info.html?regNumber=202170000012300072&protocolId=41006792
202170000012300062,https://zakupki.gov.ru/epz/order/notice/ea615/view/protocol/protocol-main-info.html?regNumber=202170000012300062&protocolId=40963403
202170000012300069,https://zakupki.gov.ru/epz/order/notice/ea615/view/protocol/protocol-main-info.html?regNumber=202170000012300069&protocolId=40943548
202170000012300068,https://zakupki.gov.ru/epz/order/notice/ea615/view/protocol/protocol-main-info.html?regNumber=202170000012300068&protocolId=40943116
202170000012300067,https://zakupki.gov.ru/epz/order/notice/ea615/view/protocol/protocol-main-info.html?regNumber=202170000012300067&protocolId=40942868
202170000012300066,https://zakupki.gov.ru/epz/order/notice/ea615/view/protocol/protocol-main-info.html?regNumber=202170000012300066&protocolId=40942357
202170000012300065,https://zakupki.gov.ru/epz/order/notice/ea615/view/protocol/protocol-main-info.html?regNumber=202170000012300065&protocolId=40941862
202170000012300064,https://zakupki.gov.ru/epz/order/notice/ea615/view/protocol/protocol-main-info.html?regNumber=202170000012300064&protocolId=40941582
202170000012300060,https://zakupki.gov.ru/epz/order/notice/ea615/view/protocol/protocol-main-info.html?regNumber=202170000012300060&protocolId=40939918
202170000012300058,https://zakupki.gov.ru/epz/order/notice/ea615/view/protocol/protocol-main-info.html?regNumber=202170000012300058&protocolId=40939359
202170000012300057,https://zakupki.gov.ru/epz/order/notice/ea615/view/protocol/protocol-main-info.html?regNumber=202170000012300057&protocolId=40938886
202170000012300056,https://zakupki.gov.ru/epz/order/notice/ea615/view/protocol/protocol-main-info.html?regNumber=202170000012300056&protocolId=40938557
202170000012300053,https://zakupki.gov.ru/epz/order/notice/ea615/view/protocol/protocol-main-info.html?regNumber=202170000012300053&protocolId=40920173
202170000012300052,https://zakupki.gov.ru/epz/order/notice/ea615/view/protocol/protocol-main-info.html?regNumber=202170000012300052&protocolId=40919661
202170000012300051,https://zakupki.gov.ru/epz/order/notice/ea615/view/protocol/protocol-main-info.html?regNumber=202170000012300051&protocolId=40919304
202170000012300063,https://zakupki.gov.ru/epz/order/notice/ea615/view/protocol/protocol-main-info.html?regNumber=202170000012300063&protocolId=40918919
202170000012300050,https://zakupki.gov.ru/epz/order/notice/ea615/view/protocol/protocol-main-info.html?regNumber=202170000012300050&protocolId=40918888
202170000012300049,https://zakupki.gov.ru/epz/order/notice/ea615/view/protocol/protocol-main-info.html?regNumber=202170000012300049&protocolId=40918396
202170000012300048,https://zakupki.gov.ru/epz/order/notice/ea615/view/protocol/protocol-main-info.html?regNumber=202170000012300048&protocolId=40918180
202170000012300047,https://zakupki.gov.ru/epz/order/notice/ea615/view/protocol/protocol-main-info.html?regNumber=202170000012300047&protocolId=40918043
202170000012300061,https://zakupki.gov.ru/epz/order/notice/ea615/view/protocol/protocol-main-info.html?regNumber=202170000012300061&protocolId=40907024
202170000012300059,https://zakupki.gov.ru/epz/order/notice/ea615/view/protocol/protocol-main-info.html?regNumber=202170000012300059&protocolId=40905631
202170000012300046,https://zakupki.gov.ru/epz/order/notice/ea615/view/protocol/protocol-main-info.html?regNumber=202170000012300046&protocolId=40899478
202170000012300055,https://zakupki.gov.ru/epz/order/notice/ea615/view/protocol/protocol-main-info.html?regNumber=202170000012300055&protocolId=40884440
202170000012300054,https://zakupki.gov.ru/epz/order/notice/ea615/view/protocol/protocol-main-info.html?regNumber=202170000012300054&protocolId=40884383
202170000012300045,https://zakupki.gov.ru/epz/order/notice/ea615/view/protocol/protocol-main-info.html?regNumber=202170000012300045&protocolId=40822270
202170000012300043,https://zakupki.gov.ru/epz/order/notice/ea615/view/protocol/protocol-main-info.html?regNumber=202170000012300043&protocolId=40809524
202170000012300042,https://zakupki.gov.ru/epz/order/notice/ea615/view/protocol/protocol-main-info.html?regNumber=202170000012300042&protocolId=40809522
202170000012300041,https://zakupki.gov.ru/epz/order/notice/ea615/view/protocol/protocol-main-info.html?regNumber=202170000012300041&protocolId=40809394
202170000012300040,https://zakupki.gov.ru/epz/order/notice/ea615/view/protocol/protocol-main-info.html?regNumber=202170000012300040&protocolId=40807597
202170000012300039,https://zakupki.gov.ru/epz/order/notice/ea615/view/protocol/protocol-main-info.html?regNumber=202170000012300039&protocolId=40807510
202170000012300021,https://zakupki.gov.ru/epz/order/notice/ea615/view/protocol/protocol-main-info.html?regNumber=202170000012300021&protocolId=40807473
202170000012300022,https://zakupki.gov.ru/epz/order/notice/ea615/view/protocol/protocol-main-info.html?regNumber=202170000012300022&protocolId=40807420
202170000012300038,https://zakupki.gov.ru/epz/order/notice/ea615/view/protocol/protocol-main-info.html?regNumber=202170000012300038&protocolId=40781421
202170000012300037,https://zakupki.gov.ru/epz/order/notice/ea615/view/protocol/protocol-main-info.html?regNumber=202170000012300037&protocolId=40781365
202170000012300036,https://zakupki.gov.ru/epz/order/notice/ea615/view/protocol/protocol-main-info.html?regNumber=202170000012300036&protocolId=40781342
202170000012300035,https://zakupki.gov.ru/epz/order/notice/ea615/view/protocol/protocol-main-info.html?regNumber=202170000012300035&protocolId=40781292
202170000012300034,https://zakupki.gov.ru/epz/order/notice/ea615/view/protocol/protocol-main-info.html?regNumber=202170000012300034&protocolId=40781238
202170000012300033,https://zakupki.gov.ru/epz/order/notice/ea615/view/protocol/protocol-main-info.html?regNumber=202170000012300033&protocolId=40781166
202170000012300032,https://zakupki.gov.ru/epz/order/notice/ea615/view/protocol/protocol-main-info.html?regNumber=202170000012300032&protocolId=40781124
202170000012300031,https://zakupki.gov.ru/epz/order/notice/ea615/view/protocol/protocol-main-info.html?regNumber=202170000012300031&protocolId=40780995
202170000012300030,https://zakupki.gov.ru/epz/order/notice/ea615/view/protocol/protocol-main-info.html?regNumber=202170000012300030&protocolId=40771824
202170000012300029,https://zakupki.gov.ru/epz/order/notice/ea615/view/protocol/protocol-main-info.html?regNumber=202170000012300029&protocolId=40771762
202170000012300028,https://zakupki.gov.ru/epz/order/notice/ea615/view/protocol/protocol-main-info.html?regNumber=202170000012300028&protocolId=40771699
202170000012300027,https://zakupki.gov.ru/epz/order/notice/ea615/view/protocol/protocol-main-info.html?regNumber=202170000012300027&protocolId=40771666
202170000012300026,https://zakupki.gov.ru/epz/order/notice/ea615/view/protocol/protocol-main-info.html?regNumber=202170000012300026&protocolId=40771653
202170000012300024,https://zakupki.gov.ru/epz/order/notice/ea615/view/protocol/protocol-main-info.html?regNumber=202170000012300024&protocolId=40771611
202170000012300025,https://zakupki.gov.ru/epz/order/notice/ea615/view/protocol/protocol-main-info.html?regNumber=202170000012300025&protocolId=40771574
202170000012300023,https://zakupki.gov.ru/epz/order/notice/ea615/view/protocol/protocol-main-info.html?regNumber=202170000012300023&protocolId=40771465
202170000012300014,https://zakupki.gov.ru/epz/order/notice/ea615/view/protocol/protocol-main-info.html?regNumber=202170000012300014&protocolId=40695773
202170000012300008,https://zakupki.gov.ru/epz/order/notice/ea615/view/protocol/protocol-main-info.html?regNumber=202170000012300008&protocolId=40658301
202170000012300018,https://zakupki.gov.ru/epz/order/notice/ea615/view/protocol/protocol-main-info.html?regNumber=202170000012300018&protocolId=40634797
202170000012300011,https://zakupki.gov.ru/epz/order/notice/ea615/view/protocol/protocol-main-info.html?regNumber=202170000012300011&protocolId=40596790
202170000012300017,https://zakupki.gov.ru/epz/order/notice/ea615/view/protocol/protocol-main-info.html?regNumber=202170000012300017&protocolId=40589281
202170000012300016,https://zakupki.gov.ru/epz/order/notice/ea615/view/protocol/protocol-main-info.html?regNumber=202170000012300016&protocolId=40589251
202170000012300015,https://zakupki.gov.ru/epz/order/notice/ea615/view/protocol/protocol-main-info.html?regNumber=202170000012300015&protocolId=40508777
202170000012300010,https://zakupki.gov.ru/epz/order/notice/ea615/view/protocol/protocol-main-info.html?regNumber=202170000012300010&protocolId=40482240
202170000012300005,https://zakupki.gov.ru/epz/order/notice/ea615/view/protocol/protocol-main-info.html?regNumber=202170000012300005&protocolId=40470595
202170000012300003,https://zakupki.gov.ru/epz/order/notice/ea615/view/protocol/protocol-main-info.html?regNumber=202170000012300003&protocolId=40470539
202170000012300002,https://zakupki.gov.ru/epz/order/notice/ea615/view/protocol/protocol-main-info.html?regNumber=202170000012300002&protocolId=40470497
202170000012300013,https://zakupki.gov.ru/epz/order/notice/ea615/view/protocol/protocol-main-info.html?regNumber=202170000012300013&protocolId=40408316
202170000012300012,https://zakupki.gov.ru/epz/order/notice/ea615/view/protocol/protocol-main-info.html?regNumber=202170000012300012&protocolId=40408297
202170000012300007,https://zakupki.gov.ru/epz/order/notice/ea615/view/protocol/protocol-main-info.html?regNumber=202170000012300007&protocolId=40362561
202170000012300001,https://zakupki.gov.ru/epz/order/notice/ea615/view/protocol/protocol-main-info.html?regNumber=202170000012300001&protocolId=40335707
202170000012300006,https://zakupki.gov.ru/epz/order/notice/ea615/view/protocol/protocol-main-info.html?regNumber=202170000012300006&protocolId=40253837
202170000012200433,https://zakupki.gov.ru/epz/order/notice/ea615/view/protocol/protocol-main-info.html?regNumber=202170000012200433&protocolId=40110003
202170000012200432,https://zakupki.gov.ru/epz/order/notice/ea615/view/protocol/protocol-main-info.html?regNumber=202170000012200432&protocolId=40103578
202170000012200424,https://zakupki.gov.ru/epz/order/notice/ea615/view/protocol/protocol-main-info.html?regNumber=202170000012200424&protocolId=39979118
202170000012200423,https://zakupki.gov.ru/epz/order/notice/ea615/view/protocol/protocol-main-info.html?regNumber=202170000012200423&protocolId=39979028
202170000012200431,https://zakupki.gov.ru/epz/order/notice/ea615/view/protocol/protocol-main-info.html?regNumber=202170000012200431&protocolId=40081429
202170000012200428,https://zakupki.gov.ru/epz/order/notice/ea615/view/protocol/protocol-main-info.html?regNumber=202170000012200428&protocolId=40072929
202170000012200421,https://zakupki.gov.ru/epz/order/notice/ea615/view/protocol/protocol-main-info.html?regNumber=202170000012200421&protocolId=40067722
202170000012200430,https://zakupki.gov.ru/epz/order/notice/ea615/view/protocol/protocol-main-info.html?regNumber=202170000012200430&protocolId=40067672
202170000012200417,https://zakupki.gov.ru/epz/order/notice/ea615/view/protocol/protocol-main-info.html?regNumber=202170000012200417&protocolId=40063304
202170000012200416,https://zakupki.gov.ru/epz/order/notice/ea615/view/protocol/protocol-main-info.html?regNumber=202170000012200416&protocolId=40061683
202170000012200429,https://zakupki.gov.ru/epz/order/notice/ea615/view/protocol/protocol-main-info.html?regNumber=202170000012200429&protocolId=40048720
202170000012200427,https://zakupki.gov.ru/epz/order/notice/ea615/view/protocol/protocol-main-info.html?regNumber=202170000012200427&protocolId=40048645
202170000012200410,https://zakupki.gov.ru/epz/order/notice/ea615/view/protocol/protocol-main-info.html?regNumber=202170000012200410&protocolId=40048562
202170000012200420,https://zakupki.gov.ru/epz/order/notice/ea615/view/protocol/protocol-main-info.html?regNumber=202170000012200420&protocolId=40042931
202170000012200409,https://zakupki.gov.ru/epz/order/notice/ea615/view/protocol/protocol-main-info.html?regNumber=202170000012200409&protocolId=40042876
202170000012200401,https://zakupki.gov.ru/epz/order/notice/ea615/view/protocol/protocol-main-info.html?regNumber=202170000012200401&protocolId=40042856
202170000012200426,https://zakupki.gov.ru/epz/order/notice/ea615/view/protocol/protocol-main-info.html?regNumber=202170000012200426&protocolId=39990730
202170000012200425,https://zakupki.gov.ru/epz/order/notice/ea615/view/protocol/protocol-main-info.html?regNumber=202170000012200425&protocolId=39990566
202170000012200391,https://zakupki.gov.ru/epz/order/notice/ea615/view/protocol/protocol-main-info.html?regNumber=202170000012200391&protocolId=39977727
202170000012200381,https://zakupki.gov.ru/epz/order/notice/ea615/view/protocol/protocol-main-info.html?regNumber=202170000012200381&protocolId=39789824
202170000012200382,https://zakupki.gov.ru/epz/order/notice/ea615/view/protocol/protocol-main-info.html?regNumber=202170000012200382&protocolId=39789818
202170000012200380,https://zakupki.gov.ru/epz/order/notice/ea615/view/protocol/protocol-main-info.html?regNumber=202170000012200380&protocolId=39789814
202170000012200379,https://zakupki.gov.ru/epz/order/notice/ea615/view/protocol/protocol-main-info.html?regNumber=202170000012200379&protocolId=39765487
202170000012200388,https://zakupki.gov.ruОтсутсвует
202170000012200387,https://zakupki.gov.ruОтсутсвует
202170000012200374,https://zakupki.gov.ruОтсутсвует
202170000012200395,https://zakupki.gov.ru/epz/order/notice/ea615/view/protocol/protocol-main-info.html?regNumber=202170000012200395&protocolId=39451854
202170000012200394,https://zakupki.gov.ru/epz/order/notice/ea615/view/protocol/protocol-main-info.html?regNumber=202170000012200394&protocolId=39442707
202170000012200390,https://zakupki.gov.ru/epz/order/notice/ea615/view/protocol/protocol-main-info.html?regNumber=202170000012200390&protocolId=39406485
202170000012200389,https://zakupki.gov.ru/epz/order/notice/ea615/view/protocol/protocol-main-info.html?regNumber=202170000012200389&protocolId=39406477
202170000012200385,https://zakupki.gov.ru/epz/order/notice/ea615/view/protocol/protocol-main-info.html?regNumber=202170000012200385&protocolId=39406452
202170000012200386,https://zakupki.gov.ru/epz/order/notice/ea615/view/protocol/protocol-main-info.html?regNumber=202170000012200386&protocolId=39387520
202170000012200384,https://zakupki.gov.ru/epz/order/notice/ea615/view/protocol/protocol-main-info.html?regNumber=202170000012200384&protocolId=39387476
202170000012200378,https://zakupki.gov.ru/epz/order/notice/ea615/view/protocol/protocol-main-info.html?regNumber=202170000012200378&protocolId=39254072
202170000012200377,https://zakupki.gov.ru/epz/order/notice/ea615/view/protocol/protocol-main-info.html?regNumber=202170000012200377&protocolId=39254071
202170000012200376,https://zakupki.gov.ru/epz/order/notice/ea615/view/protocol/protocol-main-info.html?regNumber=202170000012200376&protocolId=39254069
202170000012200371,https://zakupki.gov.ru/epz/order/notice/ea615/view/protocol/protocol-main-info.html?regNumber=202170000012200371&protocolId=39151949
202170000012200331,https://zakupki.gov.ru/epz/order/notice/ea615/view/protocol/protocol-main-info.html?regNumber=202170000012200331&protocolId=39111091
202170000012200333,https://zakupki.gov.ru/epz/order/notice/ea615/view/protocol/protocol-main-info.html?regNumber=202170000012200333&protocolId=39111048
202170000012200340,https://zakupki.gov.ru/epz/order/notice/ea615/view/protocol/protocol-main-info.html?regNumber=202170000012200340&protocolId=39109976
202170000012200338,https://zakupki.gov.ru/epz/order/notice/ea615/view/protocol/protocol-main-info.html?regNumber=202170000012200338&protocolId=39109905
202170000012200367,https://zakupki.gov.ru/epz/order/notice/ea615/view/protocol/protocol-main-info.html?regNumber=202170000012200367&protocolId=39109815
202170000012200370,https://zakupki.gov.ru/epz/order/notice/ea615/view/protocol/protocol-main-info.html?regNumber=202170000012200370&protocolId=39109590
202170000012200375,https://zakupki.gov.ruОтсутсвует
202170000012200332,https://zakupki.gov.ru/epz/order/notice/ea615/view/protocol/protocol-main-info.html?regNumber=202170000012200332&protocolId=39099033
202170000012200330,https://zakupki.gov.ru/epz/order/notice/ea615/view/protocol/protocol-main-info.html?regNumber=202170000012200330&protocolId=39099006
202170000012200339,https://zakupki.gov.ru/epz/order/notice/ea615/view/protocol/protocol-main-info.html?regNumber=202170000012200339&protocolId=39095107
202170000012200366,https://zakupki.gov.ru/epz/order/notice/ea615/view/protocol/protocol-main-info.html?regNumber=202170000012200366&protocolId=39094977
202170000012200337,https://zakupki.gov.ru/epz/order/notice/ea615/view/protocol/protocol-main-info.html?regNumber=202170000012200337&protocolId=39094890
202170000012200383,https://zakupki.gov.ru/epz/order/notice/ea615/view/protocol/protocol-main-info.html?regNumber=202170000012200383&protocolId=39094624
202170000012200356,https://zakupki.gov.ru/epz/order/notice/ea615/view/protocol/protocol-main-info.html?regNumber=202170000012200356&protocolId=39081449
202170000012200372,https://zakupki.gov.ru/epz/order/notice/ea615/view/protocol/protocol-main-info.html?regNumber=202170000012200372&protocolId=39069946
202170000012200355,https://zakupki.gov.ru/epz/order/notice/ea615/view/protocol/protocol-main-info.html?regNumber=202170000012200355&protocolId=39069734
202170000012200369,https://zakupki.gov.ru/epz/order/notice/ea615/view/protocol/protocol-main-info.html?regNumber=202170000012200369&protocolId=39042110
202170000012200352,https://zakupki.gov.ru/epz/order/notice/ea615/view/protocol/protocol-main-info.html?regNumber=202170000012200352&protocolId=39042106
202170000012200350,https://zakupki.gov.ru/epz/order/notice/ea615/view/protocol/protocol-main-info.html?regNumber=202170000012200350&protocolId=39029407
202170000012200373,https://zakupki.gov.ru/epz/order/notice/ea615/view/protocol/protocol-main-info.html?regNumber=202170000012200373&protocolId=39016647
202170000012200351,https://zakupki.gov.ru/epz/order/notice/ea615/view/protocol/protocol-main-info.html?regNumber=202170000012200351&protocolId=39015508
202170000012200349,https://zakupki.gov.ru/epz/order/notice/ea615/view/protocol/protocol-main-info.html?regNumber=202170000012200349&protocolId=39015311
202170000012200368,https://zakupki.gov.ru/epz/order/notice/ea615/view/protocol/protocol-main-info.html?regNumber=202170000012200368&protocolId=39004564
202170000012200304,https://zakupki.gov.ru/epz/order/notice/ea615/view/protocol/protocol-main-info.html?regNumber=202170000012200304&protocolId=38980598
202170000012200303,https://zakupki.gov.ru/epz/order/notice/ea615/view/protocol/protocol-main-info.html?regNumber=202170000012200303&protocolId=38964169
202170000012200347,https://zakupki.gov.ru/epz/order/notice/ea615/view/protocol/protocol-main-info.html?regNumber=202170000012200347&protocolId=38963382
202170000012200343,https://zakupki.gov.ru/epz/order/notice/ea615/view/protocol/protocol-main-info.html?regNumber=202170000012200343&protocolId=38935101
202170000012200363,https://zakupki.gov.ru/epz/order/notice/ea615/view/protocol/protocol-main-info.html?regNumber=202170000012200363&protocolId=38916760
202170000012200365,https://zakupki.gov.ru/epz/order/notice/ea615/view/protocol/protocol-main-info.html?regNumber=202170000012200365&protocolId=38910258
202170000012200362,https://zakupki.gov.ru/epz/order/notice/ea615/view/protocol/protocol-main-info.html?regNumber=202170000012200362&protocolId=38898234
202170000012200361,https://zakupki.gov.ru/epz/order/notice/ea615/view/protocol/protocol-main-info.html?regNumber=202170000012200361&protocolId=38898000
202170000012200360,https://zakupki.gov.ru/epz/order/notice/ea615/view/protocol/protocol-main-info.html?regNumber=202170000012200360&protocolId=38897764
202170000012200364,https://zakupki.gov.ru/epz/order/notice/ea615/view/protocol/protocol-main-info.html?regNumber=202170000012200364&protocolId=38875980
202170000012200354,https://zakupki.gov.ru/epz/order/notice/ea615/view/protocol/protocol-main-info.html?regNumber=202170000012200354&protocolId=38852782
202170000012200342,https://zakupki.gov.ru/epz/order/notice/ea615/view/protocol/protocol-main-info.html?regNumber=202170000012200342&protocolId=38852683
202170000012200341,https://zakupki.gov.ru/epz/order/notice/ea615/view/protocol/protocol-main-info.html?regNumber=202170000012200341&protocolId=38841773
202170000012200328,https://zakupki.gov.ru/epz/order/notice/ea615/view/protocol/protocol-main-info.html?regNumber=202170000012200328&protocolId=38815390
202170000012200334,https://zakupki.gov.ru/epz/order/notice/ea615/view/protocol/protocol-main-info.html?regNumber=202170000012200334&protocolId=38815152
202170000012200353,https://zakupki.gov.ru/epz/order/notice/ea615/view/protocol/protocol-main-info.html?regNumber=202170000012200353&protocolId=38814854
202170000012200359,https://zakupki.gov.ru/epz/order/notice/ea615/view/protocol/protocol-main-info.html?regNumber=202170000012200359&protocolId=38804378
202170000012200358,https://zakupki.gov.ru/epz/order/notice/ea615/view/protocol/protocol-main-info.html?regNumber=202170000012200358&protocolId=38804364
202170000012200357,https://zakupki.gov.ru/epz/order/notice/ea615/view/protocol/protocol-main-info.html?regNumber=202170000012200357&protocolId=38804347
202170000012200348,https://zakupki.gov.ru/epz/order/notice/ea615/view/protocol/protocol-main-info.html?regNumber=202170000012200348&protocolId=38782953
202170000012200326,https://zakupki.gov.ru/epz/order/notice/ea615/view/protocol/protocol-main-info.html?regNumber=202170000012200326&protocolId=38763762
202170000012200344,https://zakupki.gov.ru/epz/order/notice/ea615/view/protocol/protocol-main-info.html?regNumber=202170000012200344&protocolId=38763407
202170000012200327,https://zakupki.gov.ru/epz/order/notice/ea615/view/protocol/protocol-main-info.html?regNumber=202170000012200327&protocolId=38751127
202170000012200325,https://zakupki.gov.ru/epz/order/notice/ea615/view/protocol/protocol-main-info.html?regNumber=202170000012200325&protocolId=38751097
202170000012200322,https://zakupki.gov.ru/epz/order/notice/ea615/view/protocol/protocol-main-info.html?regNumber=202170000012200322&protocolId=38750991
202170000012200321,https://zakupki.gov.ru/epz/order/notice/ea615/view/protocol/protocol-main-info.html?regNumber=202170000012200321&protocolId=38750953
202170000012200319,https://zakupki.gov.ru/epz/order/notice/ea615/view/protocol/protocol-main-info.html?regNumber=202170000012200319&protocolId=38750917
202170000012200335,https://zakupki.gov.ru/epz/order/notice/ea615/view/protocol/protocol-main-info.html?regNumber=202170000012200335&protocolId=38714637
202170000012200301,https://zakupki.gov.ru/epz/order/notice/ea615/view/protocol/protocol-main-info.html?regNumber=202170000012200301&protocolId=38687010
202170000012200300,https://zakupki.gov.ru/epz/order/notice/ea615/view/protocol/protocol-main-info.html?regNumber=202170000012200300&protocolId=38686957
202170000012200299,https://zakupki.gov.ru/epz/order/notice/ea615/view/protocol/protocol-main-info.html?regNumber=202170000012200299&protocolId=38686911
202170000012200297,https://zakupki.gov.ru/epz/order/notice/ea615/view/protocol/protocol-main-info.html?regNumber=202170000012200297&protocolId=38662430
202170000012200298,https://zakupki.gov.ru/epz/order/notice/ea615/view/protocol/protocol-main-info.html?regNumber=202170000012200298&protocolId=38650114
202170000012200296,https://zakupki.gov.ru/epz/order/notice/ea615/view/protocol/protocol-main-info.html?regNumber=202170000012200296&protocolId=38650092
202170000012200346,https://zakupki.gov.ruОтсутсвует
202170000012200345,https://zakupki.gov.ruОтсутсвует
202170000012200295,https://zakupki.gov.ru/epz/order/notice/ea615/view/protocol/protocol-main-info.html?regNumber=202170000012200295&protocolId=38637358
202170000012200336,https://zakupki.gov.ru/epz/order/notice/ea615/view/protocol/protocol-main-info.html?regNumber=202170000012200336&protocolId=38600108
202170000012200329,https://zakupki.gov.ru/epz/order/notice/ea615/view/protocol/protocol-main-info.html?regNumber=202170000012200329&protocolId=38599986
202170000012200291,https://zakupki.gov.ru/epz/order/notice/ea615/view/protocol/protocol-main-info.html?regNumber=202170000012200291&protocolId=38599963
202170000012200289,https://zakupki.gov.ru/epz/order/notice/ea615/view/protocol/protocol-main-info.html?regNumber=202170000012200289&protocolId=38599886
202170000012200285,https://zakupki.gov.ru/epz/order/notice/ea615/view/protocol/protocol-main-info.html?regNumber=202170000012200285&protocolId=38599832
202170000012200290,https://zakupki.gov.ru/epz/order/notice/ea615/view/protocol/protocol-main-info.html?regNumber=202170000012200290&protocolId=38588629
202170000012200288,https://zakupki.gov.ru/epz/order/notice/ea615/view/protocol/protocol-main-info.html?regNumber=202170000012200288&protocolId=38588623
202170000012200284,https://zakupki.gov.ru/epz/order/notice/ea615/view/protocol/protocol-main-info.html?regNumber=202170000012200284&protocolId=38588608
202170000012200283,https://zakupki.gov.ru/epz/order/notice/ea615/view/protocol/protocol-main-info.html?regNumber=202170000012200283&protocolId=38588578
202170000012200266,https://zakupki.gov.ru/epz/order/notice/ea615/view/protocol/protocol-main-info.html?regNumber=202170000012200266&protocolId=38588518
202170000012200324,https://zakupki.gov.ru/epz/order/notice/ea615/view/protocol/protocol-main-info.html?regNumber=202170000012200324&protocolId=38579856
202170000012200323,https://zakupki.gov.ru/epz/order/notice/ea615/view/protocol/protocol-main-info.html?regNumber=202170000012200323&protocolId=38566319
202170000012200306,https://zakupki.gov.ru/epz/order/notice/ea615/view/protocol/protocol-main-info.html?regNumber=202170000012200306&protocolId=38555547
202170000012200305,https://zakupki.gov.ru/epz/order/notice/ea615/view/protocol/protocol-main-info.html?regNumber=202170000012200305&protocolId=38543916
202170000012200320,https://zakupki.gov.ru/epz/order/notice/ea615/view/protocol/protocol-main-info.html?regNumber=202170000012200320&protocolId=38536058
202170000012200318,https://zakupki.gov.ru/epz/order/notice/ea615/view/protocol/protocol-main-info.html?regNumber=202170000012200318&protocolId=38535528
202170000012200308,https://zakupki.gov.ru/epz/order/notice/ea615/view/protocol/protocol-main-info.html?regNumber=202170000012200308&protocolId=38529043
202170000012200311,https://zakupki.gov.ru/epz/order/notice/ea615/view/protocol/protocol-main-info.html?regNumber=202170000012200311&protocolId=38528910
202170000012200317,https://zakupki.gov.ru/epz/order/notice/ea615/view/protocol/protocol-main-info.html?regNumber=202170000012200317&protocolId=38519919
202170000012200313,https://zakupki.gov.ru/epz/order/notice/ea615/view/protocol/protocol-main-info.html?regNumber=202170000012200313&protocolId=38518958
202170000012200312,https://zakupki.gov.ru/epz/order/notice/ea615/view/protocol/protocol-main-info.html?regNumber=202170000012200312&protocolId=38505724
202170000012200310,https://zakupki.gov.ru/epz/order/notice/ea615/view/protocol/protocol-main-info.html?regNumber=202170000012200310&protocolId=38505669
202170000012200309,https://zakupki.gov.ru/epz/order/notice/ea615/view/protocol/protocol-main-info.html?regNumber=202170000012200309&protocolId=38505427
202170000012200307,https://zakupki.gov.ru/epz/order/notice/ea615/view/protocol/protocol-main-info.html?regNumber=202170000012200307&protocolId=38493947
202170000012200263,https://zakupki.gov.ru/epz/order/notice/ea615/view/protocol/protocol-main-info.html?regNumber=202170000012200263&protocolId=38487535
202170000012200264,https://zakupki.gov.ru/epz/order/notice/ea615/view/protocol/protocol-main-info.html?regNumber=202170000012200264&protocolId=38487343
202170000012200280,https://zakupki.gov.ru/epz/order/notice/ea615/view/protocol/protocol-main-info.html?regNumber=202170000012200280&protocolId=38469504
202170000012200294,https://zakupki.gov.ru/epz/order/notice/ea615/view/protocol/protocol-main-info.html?regNumber=202170000012200294&protocolId=38400022
202170000012200293,https://zakupki.gov.ru/epz/order/notice/ea615/view/protocol/protocol-main-info.html?regNumber=202170000012200293&protocolId=38392716
202170000012200292,https://zakupki.gov.ru/epz/order/notice/ea615/view/protocol/protocol-main-info.html?regNumber=202170000012200292&protocolId=38392692
202170000012200287,https://zakupki.gov.ru/epz/order/notice/ea615/view/protocol/protocol-main-info.html?regNumber=202170000012200287&protocolId=38374571
202170000012200262,https://zakupki.gov.ru/epz/order/notice/ea615/view/protocol/protocol-main-info.html?regNumber=202170000012200262&protocolId=38373476
202170000012200286,https://zakupki.gov.ru/epz/order/notice/ea615/view/protocol/protocol-main-info.html?regNumber=202170000012200286&protocolId=38365991
202170000012200279,https://zakupki.gov.ru/epz/order/notice/ea615/view/protocol/protocol-main-info.html?regNumber=202170000012200279&protocolId=38365955
202170000012200261,https://zakupki.gov.ru/epz/order/notice/ea615/view/protocol/protocol-main-info.html?regNumber=202170000012200261&protocolId=38365947
202170000012200282,https://zakupki.gov.ru/epz/order/notice/ea615/view/protocol/protocol-main-info.html?regNumber=202170000012200282&protocolId=38352015
202170000012200281,https://zakupki.gov.ru/epz/order/notice/ea615/view/protocol/protocol-main-info.html?regNumber=202170000012200281&protocolId=38351995
202170000012200259,https://zakupki.gov.ru/epz/order/notice/ea615/view/protocol/protocol-main-info.html?regNumber=202170000012200259&protocolId=38351852
202170000012200258,https://zakupki.gov.ru/epz/order/notice/ea615/view/protocol/protocol-main-info.html?regNumber=202170000012200258&protocolId=38351752
202170000012200278,https://zakupki.gov.ru/epz/order/notice/ea615/view/protocol/protocol-main-info.html?regNumber=202170000012200278&protocolId=38351591
202170000012200277,https://zakupki.gov.ru/epz/order/notice/ea615/view/protocol/protocol-main-info.html?regNumber=202170000012200277&protocolId=38351546
202170000012200275,https://zakupki.gov.ru/epz/order/notice/ea615/view/protocol/protocol-main-info.html?regNumber=202170000012200275&protocolId=38351461
202170000012200273,https://zakupki.gov.ru/epz/order/notice/ea615/view/protocol/protocol-main-info.html?regNumber=202170000012200273&protocolId=38351340
202170000012200271,https://zakupki.gov.ru/epz/order/notice/ea615/view/protocol/protocol-main-info.html?regNumber=202170000012200271&protocolId=38351283
202170000012200276,https://zakupki.gov.ru/epz/order/notice/ea615/view/protocol/protocol-main-info.html?regNumber=202170000012200276&protocolId=38338492
202170000012200274,https://zakupki.gov.ru/epz/order/notice/ea615/view/protocol/protocol-main-info.html?regNumber=202170000012200274&protocolId=38338366
202170000012200272,https://zakupki.gov.ru/epz/order/notice/ea615/view/protocol/protocol-main-info.html?regNumber=202170000012200272&protocolId=38338190
202170000012200270,https://zakupki.gov.ru/epz/order/notice/ea615/view/protocol/protocol-main-info.html?regNumber=202170000012200270&protocolId=38338022
202170000012200268,https://zakupki.gov.ru/epz/order/notice/ea615/view/protocol/protocol-main-info.html?regNumber=202170000012200268&protocolId=38331859
202170000012200269,https://zakupki.gov.ru/epz/order/notice/ea615/view/protocol/protocol-main-info.html?regNumber=202170000012200269&protocolId=38322619
202170000012200255,https://zakupki.gov.ru/epz/order/notice/ea615/view/protocol/protocol-main-info.html?regNumber=202170000012200255&protocolId=38299357
202170000012200265,https://zakupki.gov.ru/epz/order/notice/ea615/view/protocol/protocol-main-info.html?regNumber=202170000012200265&protocolId=38288618
202170000012200267,https://zakupki.gov.ru/epz/order/notice/ea615/view/protocol/protocol-main-info.html?regNumber=202170000012200267&protocolId=38288609
202170000012200251,https://zakupki.gov.ru/epz/order/notice/ea615/view/protocol/protocol-main-info.html?regNumber=202170000012200251&protocolId=38247533
202170000012200260,https://zakupki.gov.ru/epz/order/notice/ea615/view/protocol/protocol-main-info.html?regNumber=202170000012200260&protocolId=38246446
202170000012200257,https://zakupki.gov.ru/epz/order/notice/ea615/view/protocol/protocol-main-info.html?regNumber=202170000012200257&protocolId=38231086
202170000012200252,https://zakupki.gov.ru/epz/order/notice/ea615/view/protocol/protocol-main-info.html?regNumber=202170000012200252&protocolId=38230967
202170000012200250,https://zakupki.gov.ru/epz/order/notice/ea615/view/protocol/protocol-main-info.html?regNumber=202170000012200250&protocolId=38229416
202170000012200256,https://zakupki.gov.ru/epz/order/notice/ea615/view/protocol/protocol-main-info.html?regNumber=202170000012200256&protocolId=38221064
202170000012200249,https://zakupki.gov.ru/epz/order/notice/ea615/view/protocol/protocol-main-info.html?regNumber=202170000012200249&protocolId=38210824
202170000012200248,https://zakupki.gov.ru/epz/order/notice/ea615/view/protocol/protocol-main-info.html?regNumber=202170000012200248&protocolId=38210793
202170000012200246,https://zakupki.gov.ru/epz/order/notice/ea615/view/protocol/protocol-main-info.html?regNumber=202170000012200246&protocolId=38178949
202170000012200247,https://zakupki.gov.ru/epz/order/notice/ea615/view/protocol/protocol-main-info.html?regNumber=202170000012200247&protocolId=38178893
202170000012200245,https://zakupki.gov.ru/epz/order/notice/ea615/view/protocol/protocol-main-info.html?regNumber=202170000012200245&protocolId=38151272
202170000012200244,https://zakupki.gov.ru/epz/order/notice/ea615/view/protocol/protocol-main-info.html?regNumber=202170000012200244&protocolId=38150760
202170000012200240,https://zakupki.gov.ru/epz/order/notice/ea615/view/protocol/protocol-main-info.html?regNumber=202170000012200240&protocolId=38041764
202170000012200237,https://zakupki.gov.ru/epz/order/notice/ea615/view/protocol/protocol-main-info.html?regNumber=202170000012200237&protocolId=38022522
202170000012200236,https://zakupki.gov.ru/epz/order/notice/ea615/view/protocol/protocol-main-info.html?regNumber=202170000012200236&protocolId=38011011
202170000012200233,https://zakupki.gov.ru/epz/order/notice/ea615/view/protocol/protocol-main-info.html?regNumber=202170000012200233&protocolId=38010952
202170000012200232,https://zakupki.gov.ru/epz/order/notice/ea615/view/protocol/protocol-main-info.html?regNumber=202170000012200232&protocolId=38010840
202170000012200206,https://zakupki.gov.ru/epz/order/notice/ea615/view/protocol/protocol-main-info.html?regNumber=202170000012200206&protocolId=38003835
202170000012200204,https://zakupki.gov.ru/epz/order/notice/ea615/view/protocol/protocol-main-info.html?regNumber=202170000012200204&protocolId=38003729
202170000012200202,https://zakupki.gov.ru/epz/order/notice/ea615/view/protocol/protocol-main-info.html?regNumber=202170000012200202&protocolId=37988448
202170000012200200,https://zakupki.gov.ru/epz/order/notice/ea615/view/protocol/protocol-main-info.html?regNumber=202170000012200200&protocolId=37987815
202170000012200195,https://zakupki.gov.ru/epz/order/notice/ea615/view/protocol/protocol-main-info.html?regNumber=202170000012200195&protocolId=37987394
202170000012200188,https://zakupki.gov.ru/epz/order/notice/ea615/view/protocol/protocol-main-info.html?regNumber=202170000012200188&protocolId=37974594
202170000012200186,https://zakupki.gov.ru/epz/order/notice/ea615/view/protocol/protocol-main-info.html?regNumber=202170000012200186&protocolId=37974376
202170000012200207,https://zakupki.gov.ru/epz/order/notice/ea615/view/protocol/protocol-main-info.html?regNumber=202170000012200207&protocolId=37949203
202170000012200203,https://zakupki.gov.ru/epz/order/notice/ea615/view/protocol/protocol-main-info.html?regNumber=202170000012200203&protocolId=37948833
202170000012200205,https://zakupki.gov.ru/epz/order/notice/ea615/view/protocol/protocol-main-info.html?regNumber=202170000012200205&protocolId=37948745
202170000012200201,https://zakupki.gov.ru/epz/order/notice/ea615/view/protocol/protocol-main-info.html?regNumber=202170000012200201&protocolId=37944468
202170000012200199,https://zakupki.gov.ru/epz/order/notice/ea615/view/protocol/protocol-main-info.html?regNumber=202170000012200199&protocolId=37944428
202170000012200194,https://zakupki.gov.ru/epz/order/notice/ea615/view/protocol/protocol-main-info.html?regNumber=202170000012200194&protocolId=37944387
202170000012200180,https://zakupki.gov.ru/epz/order/notice/ea615/view/protocol/protocol-main-info.html?regNumber=202170000012200180&protocolId=37932164
202170000012200176,https://zakupki.gov.ru/epz/order/notice/ea615/view/protocol/protocol-main-info.html?regNumber=202170000012200176&protocolId=37931505
202170000012200174,https://zakupki.gov.ru/epz/order/notice/ea615/view/protocol/protocol-main-info.html?regNumber=202170000012200174&protocolId=37931510
202170000012200190,https://zakupki.gov.ru/epz/order/notice/ea615/view/protocol/protocol-main-info.html?regNumber=202170000012200190&protocolId=37894668
202170000012200187,https://zakupki.gov.ru/epz/order/notice/ea615/view/protocol/protocol-change-info.html?regNumber=202170000012200187&protocolId=37906642
202170000012200185,https://zakupki.gov.ru/epz/order/notice/ea615/view/protocol/protocol-change-info.html?regNumber=202170000012200185&protocolId=37906641
202170000012200182,https://zakupki.gov.ru/epz/order/notice/ea615/view/protocol/protocol-main-info.html?regNumber=202170000012200182&protocolId=37893622
202170000012200177,https://zakupki.gov.ru/epz/order/notice/ea615/view/protocol/protocol-main-info.html?regNumber=202170000012200177&protocolId=37867445
202170000012200179,https://zakupki.gov.ru/epz/order/notice/ea615/view/protocol/protocol-main-info.html?regNumber=202170000012200179&protocolId=37867394
202170000012200175,https://zakupki.gov.ru/epz/order/notice/ea615/view/protocol/protocol-main-info.html?regNumber=202170000012200175&protocolId=37867351
202170000012200173,https://zakupki.gov.ru/epz/order/notice/ea615/view/protocol/protocol-main-info.html?regNumber=202170000012200173&protocolId=37867350
202170000012200172,https://zakupki.gov.ru/epz/order/notice/ea615/view/protocol/protocol-main-info.html?regNumber=202170000012200172&protocolId=37855096
202170000012200171,https://zakupki.gov.ru/epz/order/notice/ea615/view/protocol/protocol-main-info.html?regNumber=202170000012200171&protocolId=37854088
202170000012200170,https://zakupki.gov.ru/epz/order/notice/ea615/view/protocol/protocol-main-info.html?regNumber=202170000012200170&protocolId=37853343
202170000012200238,https://zakupki.gov.ruОтсутсвует
202170000012200239,https://zakupki.gov.ruОтсутсвует
202170000012200241,https://zakupki.gov.ruОтсутсвует
202170000012200235,https://zakupki.gov.ruОтсутсвует
202170000012200234,https://zakupki.gov.ruОтсутсвует
202170000012200231,https://zakupki.gov.ruОтсутсвует
202170000012200230,https://zakupki.gov.ruОтсутсвует
202170000012200227,https://zakupki.gov.ruОтсутсвует
202170000012200226,https://zakupki.gov.ruОтсутсвует
202170000012200225,https://zakupki.gov.ruОтсутсвует
202170000012200223,https://zakupki.gov.ruОтсутсвует
202170000012200221,https://zakupki.gov.ruОтсутсвует
202170000012200224,https://zakupki.gov.ruОтсутсвует
202170000012200222,https://zakupki.gov.ruОтсутсвует
202170000012200220,https://zakupki.gov.ruОтсутсвует
202170000012200219,https://zakupki.gov.ruОтсутсвует
202170000012200218,https://zakupki.gov.ruОтсутсвует
202170000012200217,https://zakupki.gov.ruОтсутсвует
202170000012200216,https://zakupki.gov.ruОтсутсвует
202170000012200215,https://zakupki.gov.ruОтсутсвует
202170000012200208,https://zakupki.gov.ruОтсутсвует
202170000012200198,https://zakupki.gov.ruОтсутсвует
202170000012200196,https://zakupki.gov.ruОтсутсвует
202170000012200184,https://zakupki.gov.ruОтсутсвует
202170000012200168,https://zakupki.gov.ru/epz/order/notice/ea615/view/protocol/protocol-main-info.html?regNumber=202170000012200168&protocolId=37793095
202170000012200167,https://zakupki.gov.ru/epz/order/notice/ea615/view/protocol/protocol-main-info.html?regNumber=202170000012200167&protocolId=37792910
202170000012200169,https://zakupki.gov.ru/epz/order/notice/ea615/view/protocol/protocol-main-info.html?regNumber=202170000012200169&protocolId=37792776
202170000012200192,https://zakupki.gov.ruОтсутсвует
202170000012200191,https://zakupki.gov.ruОтсутсвует
202170000012200183,https://zakupki.gov.ruОтсутсвует
202170000012200181,https://zakupki.gov.ruОтсутсвует
202170000012200189,https://zakupki.gov.ruОтсутсвует
202170000012200165,https://zakupki.gov.ru/epz/order/notice/ea615/view/protocol/protocol-main-info.html?regNumber=202170000012200165&protocolId=37768879
202170000012200163,https://zakupki.gov.ru/epz/order/notice/ea615/view/protocol/protocol-main-info.html?regNumber=202170000012200163&protocolId=37770122
202170000012200161,https://zakupki.gov.ru/epz/order/notice/ea615/view/protocol/protocol-main-info.html?regNumber=202170000012200161&protocolId=37769133
202170000012200159,https://zakupki.gov.ru/epz/order/notice/ea615/view/protocol/protocol-main-info.html?regNumber=202170000012200159&protocolId=37768716
202170000012200157,https://zakupki.gov.ru/epz/order/notice/ea615/view/protocol/protocol-main-info.html?regNumber=202170000012200157&protocolId=37768061
202170000012200156,https://zakupki.gov.ru/epz/order/notice/ea615/view/protocol/protocol-main-info.html?regNumber=202170000012200156&protocolId=37767541
202170000012200153,https://zakupki.gov.ru/epz/order/notice/ea615/view/protocol/protocol-main-info.html?regNumber=202170000012200153&protocolId=37767831
202170000012200152,https://zakupki.gov.ru/epz/order/notice/ea615/view/protocol/protocol-main-info.html?regNumber=202170000012200152&protocolId=37767576
202170000012200151,https://zakupki.gov.ru/epz/order/notice/ea615/view/protocol/protocol-main-info.html?regNumber=202170000012200151&protocolId=37767228
202170000012200155,https://zakupki.gov.ru/epz/order/notice/ea615/view/protocol/protocol-main-info.html?regNumber=202170000012200155&protocolId=37767046
202170000012200162,https://zakupki.gov.ru/epz/order/notice/ea615/view/protocol/protocol-main-info.html?regNumber=202170000012200162&protocolId=37743717
202170000012200160,https://zakupki.gov.ru/epz/order/notice/ea615/view/protocol/protocol-main-info.html?regNumber=202170000012200160&protocolId=37743671
202170000012200158,https://zakupki.gov.ru/epz/order/notice/ea615/view/protocol/protocol-main-info.html?regNumber=202170000012200158&protocolId=37743600
202170000012200164,https://zakupki.gov.ru/epz/order/notice/ea615/view/protocol/protocol-main-info.html?regNumber=202170000012200164&protocolId=37739281
202170000012200150,https://zakupki.gov.ru/epz/order/notice/ea615/view/protocol/protocol-main-info.html?regNumber=202170000012200150&protocolId=37728521
202170000012200154,https://zakupki.gov.ru/epz/order/notice/ea615/view/protocol/protocol-main-info.html?regNumber=202170000012200154&protocolId=37728520
202170000012200149,https://zakupki.gov.ru/epz/order/notice/ea615/view/protocol/protocol-main-info.html?regNumber=202170000012200149&protocolId=37728519
202170000012200144,https://zakupki.gov.ru/epz/order/notice/ea615/view/protocol/protocol-main-info.html?regNumber=202170000012200144&protocolId=37684368
202170000012200142,https://zakupki.gov.ru/epz/order/notice/ea615/view/protocol/protocol-main-info.html?regNumber=202170000012200142&protocolId=37683845
202170000012200148,https://zakupki.gov.ru/epz/order/notice/ea615/view/protocol/protocol-main-info.html?regNumber=202170000012200148&protocolId=37682939
202170000012200140,https://zakupki.gov.ru/epz/order/notice/ea615/view/protocol/protocol-main-info.html?regNumber=202170000012200140&protocolId=37682894
202170000012200146,https://zakupki.gov.ru/epz/order/notice/ea615/view/protocol/protocol-main-info.html?regNumber=202170000012200146&protocolId=37682141
202170000012200143,https://zakupki.gov.ru/epz/order/notice/ea615/view/protocol/protocol-main-info.html?regNumber=202170000012200143&protocolId=37660644
202170000012200141,https://zakupki.gov.ru/epz/order/notice/ea615/view/protocol/protocol-main-info.html?regNumber=202170000012200141&protocolId=37660592
202170000012200147,https://zakupki.gov.ru/epz/order/notice/ea615/view/protocol/protocol-main-info.html?regNumber=202170000012200147&protocolId=37656044
202170000012200145,https://zakupki.gov.ru/epz/order/notice/ea615/view/protocol/protocol-main-info.html?regNumber=202170000012200145&protocolId=37655778
202170000012200139,https://zakupki.gov.ru/epz/order/notice/ea615/view/protocol/protocol-main-info.html?regNumber=202170000012200139&protocolId=37638313
202170000012200138,https://zakupki.gov.ru/epz/order/notice/ea615/view/protocol/protocol-main-info.html?regNumber=202170000012200138&protocolId=37628725
202170000012200137,https://zakupki.gov.ru/epz/order/notice/ea615/view/protocol/protocol-main-info.html?regNumber=202170000012200137&protocolId=37628583
202170000012200132,https://zakupki.gov.ru/epz/order/notice/ea615/view/protocol/protocol-main-info.html?regNumber=202170000012200132&protocolId=37606089
202170000012200130,https://zakupki.gov.ru/epz/order/notice/ea615/view/protocol/protocol-main-info.html?regNumber=202170000012200130&protocolId=37605508
202170000012200128,https://zakupki.gov.ru/epz/order/notice/ea615/view/protocol/protocol-main-info.html?regNumber=202170000012200128&protocolId=37605294
202170000012200115,https://zakupki.gov.ru/epz/order/notice/ea615/view/protocol/protocol-main-info.html?regNumber=202170000012200115&protocolId=37604794
202170000012200126,https://zakupki.gov.ru/epz/order/notice/ea615/view/protocol/protocol-main-info.html?regNumber=202170000012200126&protocolId=37604645
202170000012200113,https://zakupki.gov.ru/epz/order/notice/ea615/view/protocol/protocol-main-info.html?regNumber=202170000012200113&protocolId=37604413
202170000012200124,https://zakupki.gov.ru/epz/order/notice/ea615/view/protocol/protocol-main-info.html?regNumber=202170000012200124&protocolId=37604301
202170000012200111,https://zakupki.gov.ru/epz/order/notice/ea615/view/protocol/protocol-main-info.html?regNumber=202170000012200111&protocolId=37604218
202170000012200122,https://zakupki.gov.ru/epz/order/notice/ea615/view/protocol/protocol-main-info.html?regNumber=202170000012200122&protocolId=37603734
202170000012200118,https://zakupki.gov.ru/epz/order/notice/ea615/view/protocol/protocol-main-info.html?regNumber=202170000012200118&protocolId=37603420
202170000012200119,https://zakupki.gov.ru/epz/order/notice/ea615/view/protocol/protocol-main-info.html?regNumber=202170000012200119&protocolId=37591724
202170000012200133,https://zakupki.gov.ru/epz/order/notice/ea615/view/protocol/protocol-main-info.html?regNumber=202170000012200133&protocolId=37583917
202170000012200131,https://zakupki.gov.ru/epz/order/notice/ea615/view/protocol/protocol-main-info.html?regNumber=202170000012200131&protocolId=37583310
202170000012200129,https://zakupki.gov.ru/epz/order/notice/ea615/view/protocol/protocol-main-info.html?regNumber=202170000012200129&protocolId=37583300
202170000012200127,https://zakupki.gov.ru/epz/order/notice/ea615/view/protocol/protocol-main-info.html?regNumber=202170000012200127&protocolId=37583206
202170000012200125,https://zakupki.gov.ru/epz/order/notice/ea615/view/protocol/protocol-main-info.html?regNumber=202170000012200125&protocolId=37563140
202170000012200123,https://zakupki.gov.ru/epz/order/notice/ea615/view/protocol/protocol-main-info.html?regNumber=202170000012200123&protocolId=37563009
202170000012200121,https://zakupki.gov.ru/epz/order/notice/ea615/view/protocol/protocol-main-info.html?regNumber=202170000012200121&protocolId=37562941
202170000012200056,https://zakupki.gov.ru/epz/order/notice/ea615/view/protocol/protocol-main-info.html?regNumber=202170000012200056&protocolId=37386275
202170000012200114,https://zakupki.gov.ru/epz/order/notice/ea615/view/protocol/protocol-main-info.html?regNumber=202170000012200114&protocolId=37560462
202170000012200110,https://zakupki.gov.ru/epz/order/notice/ea615/view/protocol/protocol-main-info.html?regNumber=202170000012200110&protocolId=37557758
202170000012200117,https://zakupki.gov.ru/epz/order/notice/ea615/view/protocol/protocol-main-info.html?regNumber=202170000012200117&protocolId=37557143
202170000012200116,https://zakupki.gov.ru/epz/order/notice/ea615/view/protocol/protocol-main-info.html?regNumber=202170000012200116&protocolId=37556642
202170000012200112,https://zakupki.gov.ru/epz/order/notice/ea615/view/protocol/protocol-main-info.html?regNumber=202170000012200112&protocolId=37556187
202170000012200105,https://zakupki.gov.ru/epz/order/notice/ea615/view/protocol/protocol-main-info.html?regNumber=202170000012200105&protocolId=37547901
202170000012200095,https://zakupki.gov.ru/epz/order/notice/ea615/view/protocol/protocol-main-info.html?regNumber=202170000012200095&protocolId=37539001
202170000012200101,https://zakupki.gov.ru/epz/order/notice/ea615/view/protocol/protocol-main-info.html?regNumber=202170000012200101&protocolId=37543371
202170000012200109,https://zakupki.gov.ru/epz/order/notice/ea615/view/protocol/protocol-main-info.html?regNumber=202170000012200109&protocolId=37543216
202170000012200100,https://zakupki.gov.ru/epz/order/notice/ea615/view/protocol/protocol-main-info.html?regNumber=202170000012200100&protocolId=37543094
202170000012200107,https://zakupki.gov.ru/epz/order/notice/ea615/view/protocol/protocol-main-info.html?regNumber=202170000012200107&protocolId=37542277
202170000012200098,https://zakupki.gov.ru/epz/order/notice/ea615/view/protocol/protocol-main-info.html?regNumber=202170000012200098&protocolId=37542256
202170000012200097,https://zakupki.gov.ru/epz/order/notice/ea615/view/protocol/protocol-main-info.html?regNumber=202170000012200097&protocolId=37541881
202170000012200096,https://zakupki.gov.ru/epz/order/notice/ea615/view/protocol/protocol-main-info.html?regNumber=202170000012200096&protocolId=37541444
202170000012200093,https://zakupki.gov.ru/epz/order/notice/ea615/view/protocol/protocol-main-info.html?regNumber=202170000012200093&protocolId=37541127
202170000012200103,https://zakupki.gov.ru/epz/order/notice/ea615/view/protocol/protocol-main-info.html?regNumber=202170000012200103&protocolId=37539969
202170000012200088,https://zakupki.gov.ru/epz/order/notice/ea615/view/protocol/protocol-main-info.html?regNumber=202170000012200088&protocolId=37539306
202170000012200086,https://zakupki.gov.ru/epz/order/notice/ea615/view/protocol/protocol-main-info.html?regNumber=202170000012200086&protocolId=37539023
202170000012200094,https://zakupki.gov.ru/epz/order/notice/ea615/view/protocol/protocol-main-info.html?regNumber=202170000012200094&protocolId=37538644
202170000012200087,https://zakupki.gov.ru/epz/order/notice/ea615/view/protocol/protocol-main-info.html?regNumber=202170000012200087&protocolId=37538641
202170000012200084,https://zakupki.gov.ru/epz/order/notice/ea615/view/protocol/protocol-main-info.html?regNumber=202170000012200084&protocolId=37538040
202170000012200106,https://zakupki.gov.ru/epz/order/notice/ea615/view/protocol/protocol-main-info.html?regNumber=202170000012200106&protocolId=37514666
202170000012200102,https://zakupki.gov.ru/epz/order/notice/ea615/view/protocol/protocol-main-info.html?regNumber=202170000012200102&protocolId=37514618
202170000012200099,https://zakupki.gov.ru/epz/order/notice/ea615/view/protocol/protocol-main-info.html?regNumber=202170000012200099&protocolId=37514566
202170000012200092,https://zakupki.gov.ru/epz/order/notice/ea615/view/protocol/protocol-main-info.html?regNumber=202170000012200092&protocolId=37514123
202170000012200091,https://zakupki.gov.ru/epz/order/notice/ea615/view/protocol/protocol-main-info.html?regNumber=202170000012200091&protocolId=37514034
202170000012200090,https://zakupki.gov.ru/epz/order/notice/ea615/view/protocol/protocol-main-info.html?regNumber=202170000012200090&protocolId=37513921
202170000012200089,https://zakupki.gov.ru/epz/order/notice/ea615/view/protocol/protocol-main-info.html?regNumber=202170000012200089&protocolId=37513249
202170000012200108,https://zakupki.gov.ru/epz/order/notice/ea615/view/protocol/protocol-main-info.html?regNumber=202170000012200108&protocolId=37512246
202170000012200104,https://zakupki.gov.ru/epz/order/notice/ea615/view/protocol/protocol-main-info.html?regNumber=202170000012200104&protocolId=37512179
202170000012200085,https://zakupki.gov.ru/epz/order/notice/ea615/view/protocol/protocol-main-info.html?regNumber=202170000012200085&protocolId=37497227
202170000012200079,https://zakupki.gov.ru/epz/order/notice/ea615/view/protocol/protocol-main-info.html?regNumber=202170000012200079&protocolId=37487830
202170000012200078,https://zakupki.gov.ru/epz/order/notice/ea615/view/protocol/protocol-main-info.html?regNumber=202170000012200078&protocolId=37487513
202170000012200083,https://zakupki.gov.ru/epz/order/notice/ea615/view/protocol/protocol-main-info.html?regNumber=202170000012200083&protocolId=37486956
202170000012200082,https://zakupki.gov.ru/epz/order/notice/ea615/view/protocol/protocol-main-info.html?regNumber=202170000012200082&protocolId=37486511
202170000012200077,https://zakupki.gov.ru/epz/order/notice/ea615/view/protocol/protocol-main-info.html?regNumber=202170000012200077&protocolId=37487103
202170000012200076,https://zakupki.gov.ru/epz/order/notice/ea615/view/protocol/protocol-main-info.html?regNumber=202170000012200076&protocolId=37486825
202170000012200081,https://zakupki.gov.ru/epz/order/notice/ea615/view/protocol/protocol-main-info.html?regNumber=202170000012200081&protocolId=37486384
202170000012200075,https://zakupki.gov.ru/epz/order/notice/ea615/view/protocol/protocol-main-info.html?regNumber=202170000012200075&protocolId=37486302
202170000012200080,https://zakupki.gov.ru/epz/order/notice/ea615/view/protocol/protocol-main-info.html?regNumber=202170000012200080&protocolId=37485241
202170000012200072,https://zakupki.gov.ru/epz/order/notice/ea615/view/protocol/protocol-main-info.html?regNumber=202170000012200072&protocolId=37486051
202170000012200073,https://zakupki.gov.ru/epz/order/notice/ea615/view/protocol/protocol-main-info.html?regNumber=202170000012200073&protocolId=37484872
202170000012200074,https://zakupki.gov.ru/epz/order/notice/ea615/view/protocol/protocol-main-info.html?regNumber=202170000012200074&protocolId=37484949
202170000012200069,https://zakupki.gov.ru/epz/order/notice/ea615/view/protocol/protocol-main-info.html?regNumber=202170000012200069&protocolId=37438869
202170000012200071,https://zakupki.gov.ru/epz/order/notice/ea615/view/protocol/protocol-main-info.html?regNumber=202170000012200071&protocolId=37438711
202170000012200070,https://zakupki.gov.ru/epz/order/notice/ea615/view/protocol/protocol-main-info.html?regNumber=202170000012200070&protocolId=37438659
202170000012200067,https://zakupki.gov.ru/epz/order/notice/ea615/view/protocol/protocol-main-info.html?regNumber=202170000012200067&protocolId=37438538
202170000012200049,https://zakupki.gov.ru/epz/order/notice/ea615/view/protocol/protocol-main-info.html?regNumber=202170000012200049&protocolId=37426104
202170000012200047,https://zakupki.gov.ru/epz/order/notice/ea615/view/protocol/protocol-main-info.html?regNumber=202170000012200047&protocolId=37425544
202170000012200045,https://zakupki.gov.ru/epz/order/notice/ea615/view/protocol/protocol-main-info.html?regNumber=202170000012200045&protocolId=37424592
202170000012200031,https://zakupki.gov.ru/epz/order/notice/ea615/view/protocol/protocol-main-info.html?regNumber=202170000012200031&protocolId=37419837
202170000012200066,https://zakupki.gov.ru/epz/order/notice/ea615/view/protocol/protocol-main-info.html?regNumber=202170000012200066&protocolId=37418284
202170000012200065,https://zakupki.gov.ru/epz/order/notice/ea615/view/protocol/protocol-main-info.html?regNumber=202170000012200065&protocolId=37418250
202170000012200064,https://zakupki.gov.ru/epz/order/notice/ea615/view/protocol/protocol-main-info.html?regNumber=202170000012200064&protocolId=37418221
202170000012200041,https://zakupki.gov.ru/epz/order/notice/ea615/view/protocol/protocol-main-info.html?regNumber=202170000012200041&protocolId=37408366
202170000012200039,https://zakupki.gov.ru/epz/order/notice/ea615/view/protocol/protocol-main-info.html?regNumber=202170000012200039&protocolId=37408124
202170000012200043,https://zakupki.gov.ru/epz/order/notice/ea615/view/protocol/protocol-main-info.html?regNumber=202170000012200043&protocolId=37407476
202170000012200037,https://zakupki.gov.ru/epz/order/notice/ea615/view/protocol/protocol-main-info.html?regNumber=202170000012200037&protocolId=37407272
202170000012200060,https://zakupki.gov.ru/epz/order/notice/ea615/view/protocol/protocol-main-info.html?regNumber=202170000012200060&protocolId=37400245
202170000012200061,https://zakupki.gov.ru/epz/order/notice/ea615/view/protocol/protocol-main-info.html?regNumber=202170000012200061&protocolId=37400241
202170000012200062,https://zakupki.gov.ru/epz/order/notice/ea615/view/protocol/protocol-main-info.html?regNumber=202170000012200062&protocolId=37400227
202170000012200063,https://zakupki.gov.ru/epz/order/notice/ea615/view/protocol/protocol-main-info.html?regNumber=202170000012200063&protocolId=37400224
202170000012200059,https://zakupki.gov.ru/epz/order/notice/ea615/view/protocol/protocol-main-info.html?regNumber=202170000012200059&protocolId=37399044
202170000012200058,https://zakupki.gov.ru/epz/order/notice/ea615/view/protocol/protocol-main-info.html?regNumber=202170000012200058&protocolId=37399001
202170000012200035,https://zakupki.gov.ru/epz/order/notice/ea615/view/protocol/protocol-main-info.html?regNumber=202170000012200035&protocolId=37392787
202170000012200033,https://zakupki.gov.ru/epz/order/notice/ea615/view/protocol/protocol-main-info.html?regNumber=202170000012200033&protocolId=37392605
202170000012200029,https://zakupki.gov.ru/epz/order/notice/ea615/view/protocol/protocol-main-info.html?regNumber=202170000012200029&protocolId=37392603
202170000012200057,https://zakupki.gov.ru/epz/order/notice/ea615/view/protocol/protocol-main-info.html?regNumber=202170000012200057&protocolId=37386806
202170000012200055,https://zakupki.gov.ru/epz/order/notice/ea615/view/protocol/protocol-main-info.html?regNumber=202170000012200055&protocolId=37386748
202170000012200054,https://zakupki.gov.ru/epz/order/notice/ea615/view/protocol/protocol-main-info.html?regNumber=202170000012200054&protocolId=37386675
202170000012200053,https://zakupki.gov.ru/epz/order/notice/ea615/view/protocol/protocol-main-info.html?regNumber=202170000012200053&protocolId=37386607
202170000012200052,https://zakupki.gov.ru/epz/order/notice/ea615/view/protocol/protocol-main-info.html?regNumber=202170000012200052&protocolId=37386520
202170000012200120,https://zakupki.gov.ruОтсутсвует
202170000012200051,https://zakupki.gov.ru/epz/order/notice/ea615/view/protocol/protocol-main-info.html?regNumber=202170000012200051&protocolId=37368715
202170000012200050,https://zakupki.gov.ru/epz/order/notice/ea615/view/protocol/protocol-main-info.html?regNumber=202170000012200050&protocolId=37368647
202170000012200046,https://zakupki.gov.ru/epz/order/notice/ea615/view/protocol/protocol-main-info.html?regNumber=202170000012200046&protocolId=37368587
202170000012200048,https://zakupki.gov.ru/epz/order/notice/ea615/view/protocol/protocol-main-info.html?regNumber=202170000012200048&protocolId=37368432
202170000012200044,https://zakupki.gov.ru/epz/order/notice/ea615/view/protocol/protocol-main-info.html?regNumber=202170000012200044&protocolId=37368365
202170000012200042,https://zakupki.gov.ru/epz/order/notice/ea615/view/protocol/protocol-main-info.html?regNumber=202170000012200042&protocolId=37352479
202170000012200040,https://zakupki.gov.ru/epz/order/notice/ea615/view/protocol/protocol-main-info.html?regNumber=202170000012200040&protocolId=37352262
202170000012200038,https://zakupki.gov.ru/epz/order/notice/ea615/view/protocol/protocol-main-info.html?regNumber=202170000012200038&protocolId=37352095
202170000012200036,https://zakupki.gov.ru/epz/order/notice/ea615/view/protocol/protocol-main-info.html?regNumber=202170000012200036&protocolId=37351950
202170000012200027,https://zakupki.gov.ru/epz/order/notice/ea615/view/protocol/protocol-main-info.html?regNumber=202170000012200027&protocolId=37344555
202170000012200025,https://zakupki.gov.ru/epz/order/notice/ea615/view/protocol/protocol-main-info.html?regNumber=202170000012200025&protocolId=37343921
202170000012200023,https://zakupki.gov.ru/epz/order/notice/ea615/view/protocol/protocol-main-info.html?regNumber=202170000012200023&protocolId=37343067
202170000012200034,https://zakupki.gov.ru/epz/order/notice/ea615/view/protocol/protocol-main-info.html?regNumber=202170000012200034&protocolId=37337673
202170000012200032,https://zakupki.gov.ru/epz/order/notice/ea615/view/protocol/protocol-main-info.html?regNumber=202170000012200032&protocolId=37337638
202170000012200028,https://zakupki.gov.ru/epz/order/notice/ea615/view/protocol/protocol-main-info.html?regNumber=202170000012200028&protocolId=37337617
202170000012200030,https://zakupki.gov.ru/epz/order/notice/ea615/view/protocol/protocol-main-info.html?regNumber=202170000012200030&protocolId=37337574
202170000012200021,https://zakupki.gov.ru/epz/order/notice/ea615/view/protocol/protocol-main-info.html?regNumber=202170000012200021&protocolId=37310662
202170000012200026,https://zakupki.gov.ru/epz/order/notice/ea615/view/protocol/protocol-main-info.html?regNumber=202170000012200026&protocolId=37310385
202170000012200019,https://zakupki.gov.ru/epz/order/notice/ea615/view/protocol/protocol-main-info.html?regNumber=202170000012200019&protocolId=37309946
202170000012200017,https://zakupki.gov.ru/epz/order/notice/ea615/view/protocol/protocol-main-info.html?regNumber=202170000012200017&protocolId=37309339
202170000012200024,https://zakupki.gov.ru/epz/order/notice/ea615/view/protocol/protocol-main-info.html?regNumber=202170000012200024&protocolId=37283892
202170000012200022,https://zakupki.gov.ru/epz/order/notice/ea615/view/protocol/protocol-main-info.html?regNumber=202170000012200022&protocolId=37283764
202170000012200018,https://zakupki.gov.ru/epz/order/notice/ea615/view/protocol/protocol-main-info.html?regNumber=202170000012200018&protocolId=37254470
202170000012200016,https://zakupki.gov.ru/epz/order/notice/ea615/view/protocol/protocol-main-info.html?regNumber=202170000012200016&protocolId=37254404
202170000012200020,https://zakupki.gov.ru/epz/order/notice/ea615/view/protocol/protocol-main-info.html?regNumber=202170000012200020&protocolId=37254350
202170000012200014,https://zakupki.gov.ru/epz/order/notice/ea615/view/protocol/protocol-main-info.html?regNumber=202170000012200014&protocolId=37121334
202170000012200013,https://zakupki.gov.ru/epz/order/notice/ea615/view/protocol/protocol-main-info.html?regNumber=202170000012200013&protocolId=37121317
202170000012200009,https://zakupki.gov.ru/epz/order/notice/ea615/view/protocol/protocol-main-info.html?regNumber=202170000012200009&protocolId=36924151
202170000012200007,https://zakupki.gov.ru/epz/order/notice/ea615/view/protocol/protocol-main-info.html?regNumber=202170000012200007&protocolId=36891105
202170000012200006,https://zakupki.gov.ru/epz/order/notice/ea615/view/protocol/protocol-main-info.html?regNumber=202170000012200006&protocolId=36883433
202170000012200005,https://zakupki.gov.ru/epz/order/notice/ea615/view/protocol/protocol-main-info.html?regNumber=202170000012200005&protocolId=36806437
202170000012200004,https://zakupki.gov.ru/epz/order/notice/ea615/view/protocol/protocol-main-info.html?regNumber=202170000012200004&protocolId=36781602
202170000012200003,https://zakupki.gov.ru/epz/order/notice/ea615/view/protocol/protocol-main-info.html?regNumber=202170000012200003&protocolId=36770521
202170000012200002,https://zakupki.gov.ru/epz/order/notice/ea615/view/protocol/protocol-main-info.html?regNumber=202170000012200002&protocolId=36731399
202170000012200001,https://zakupki.gov.ru/epz/order/notice/ea615/view/protocol/protocol-main-info.html?regNumber=202170000012200001&protocolId=36707436
202170000012100132,https://zakupki.gov.ru/epz/order/notice/ea615/view/protocol/protocol-main-info.html?regNumber=202170000012100132&protocolId=36540776
202170000012100131,https://zakupki.gov.ru/epz/order/notice/ea615/view/protocol/protocol-main-info.html?regNumber=202170000012100131&protocolId=36540768
202170000012100130,https://zakupki.gov.ru/epz/order/notice/ea615/view/protocol/protocol-main-info.html?regNumber=202170000012100130&protocolId=36534585
202170000012100128,https://zakupki.gov.ru/epz/order/notice/ea615/view/protocol/protocol-main-info.html?regNumber=202170000012100128&protocolId=36534328
202170000012100126,https://zakupki.gov.ru/epz/order/notice/ea615/view/protocol/protocol-main-info.html?regNumber=202170000012100126&protocolId=36528487
202170000012100129,https://zakupki.gov.ru/epz/order/notice/ea615/view/protocol/protocol-main-info.html?regNumber=202170000012100129&protocolId=36511733
202170000012100127,https://zakupki.gov.ru/epz/order/notice/ea615/view/protocol/protocol-main-info.html?regNumber=202170000012100127&protocolId=36494658
202170000012100125,https://zakupki.gov.ru/epz/order/notice/ea615/view/protocol/protocol-main-info.html?regNumber=202170000012100125&protocolId=36478304
202170000012100124,https://zakupki.gov.ru/epz/order/notice/ea615/view/protocol/protocol-main-info.html?regNumber=202170000012100124&protocolId=36461663
202170000012100103,https://zakupki.gov.ru/epz/order/notice/ea615/view/protocol/protocol-main-info.html?regNumber=202170000012100103&protocolId=36381761
202170000012100115,https://zakupki.gov.ru/epz/order/notice/ea615/view/protocol/protocol-main-info.html?regNumber=202170000012100115&protocolId=36376318
202170000012100102,https://zakupki.gov.ru/epz/order/notice/ea615/view/protocol/protocol-main-info.html?regNumber=202170000012100102&protocolId=36358685
202170000012100097,https://zakupki.gov.ru/epz/order/notice/ea615/view/protocol/protocol-main-info.html?regNumber=202170000012100097&protocolId=36358646
202170000012100105,https://zakupki.gov.ru/epz/order/notice/ea615/view/protocol/protocol-main-info.html?regNumber=202170000012100105&protocolId=36358572
202170000012100106,https://zakupki.gov.ru/epz/order/notice/ea615/view/protocol/protocol-main-info.html?regNumber=202170000012100106&protocolId=36358521
202170000012100114,https://zakupki.gov.ru/epz/order/notice/ea615/view/protocol/protocol-main-info.html?regNumber=202170000012100114&protocolId=36308864
202170000012100100,https://zakupki.gov.ru/epz/order/notice/ea615/view/protocol/protocol-main-info.html?regNumber=202170000012100100&protocolId=36013842
202170000012100099,https://zakupki.gov.ru/epz/order/notice/ea615/view/protocol/protocol-main-info.html?regNumber=202170000012100099&protocolId=35867977
202170000012100098,https://zakupki.gov.ru/epz/order/notice/ea615/view/protocol/protocol-main-info.html?regNumber=202170000012100098&protocolId=35798476
202170000012100096,https://zakupki.gov.ru/epz/order/notice/ea615/view/protocol/protocol-main-info.html?regNumber=202170000012100096&protocolId=35487398
202170000012100095,https://zakupki.gov.ru/epz/order/notice/ea615/view/protocol/protocol-main-info.html?regNumber=202170000012100095&protocolId=35487205
202170000012100094,https://zakupki.gov.ru/epz/order/notice/ea615/view/protocol/protocol-main-info.html?regNumber=202170000012100094&protocolId=35147977
202170000012100092,https://zakupki.gov.ru/epz/order/notice/ea615/view/protocol/protocol-main-info.html?regNumber=202170000012100092&protocolId=35119091
202170000012100091,https://zakupki.gov.ru/epz/order/notice/ea615/view/protocol/protocol-main-info.html?regNumber=202170000012100091&protocolId=35085239
202170000012100090,https://zakupki.gov.ru/epz/order/notice/ea615/view/protocol/protocol-main-info.html?regNumber=202170000012100090&protocolId=35048918
202170000012100089,https://zakupki.gov.ru/epz/order/notice/ea615/view/protocol/protocol-main-info.html?regNumber=202170000012100089&protocolId=34996582
202170000012100088,https://zakupki.gov.ru/epz/order/notice/ea615/view/protocol/protocol-main-info.html?regNumber=202170000012100088&protocolId=34996352
202170000012100087,https://zakupki.gov.ru/epz/order/notice/ea615/view/protocol/protocol-main-info.html?regNumber=202170000012100087&protocolId=34996162
202170000012100086,https://zakupki.gov.ru/epz/order/notice/ea615/view/protocol/protocol-main-info.html?regNumber=202170000012100086&protocolId=34993021
202170000012100085,https://zakupki.gov.ru/epz/order/notice/ea615/view/protocol/protocol-main-info.html?regNumber=202170000012100085&protocolId=34964261
202170000012100083,https://zakupki.gov.ru/epz/order/notice/ea615/view/protocol/protocol-main-info.html?regNumber=202170000012100083&protocolId=34886722
202170000012100093,https://zakupki.gov.ruОтсутсвует
202170000012100082,https://zakupki.gov.ru/epz/order/notice/ea615/view/protocol/protocol-main-info.html?regNumber=202170000012100082&protocolId=34829294
202170000012100081,https://zakupki.gov.ru/epz/order/notice/ea615/view/protocol/protocol-main-info.html?regNumber=202170000012100081&protocolId=34751934
202170000012100080,https://zakupki.gov.ru/epz/order/notice/ea615/view/protocol/protocol-main-info.html?regNumber=202170000012100080&protocolId=34694255
202170000012100077,https://zakupki.gov.ru/epz/order/notice/ea615/view/protocol/protocol-main-info.html?regNumber=202170000012100077&protocolId=34666552
202170000012100079,https://zakupki.gov.ru/epz/order/notice/ea615/view/protocol/protocol-main-info.html?regNumber=202170000012100079&protocolId=34655797
202170000012100076,https://zakupki.gov.ru/epz/order/notice/ea615/view/protocol/protocol-main-info.html?regNumber=202170000012100076&protocolId=34602487
202170000012100078,https://zakupki.gov.ru/epz/order/notice/ea615/view/protocol/protocol-main-info.html?regNumber=202170000012100078&protocolId=34602441
202170000012100075,https://zakupki.gov.ru/epz/order/notice/ea615/view/protocol/protocol-main-info.html?regNumber=202170000012100075&protocolId=34486390
202170000012100073,https://zakupki.gov.ru/epz/order/notice/ea615/view/protocol/protocol-main-info.html?regNumber=202170000012100073&protocolId=34470516
202170000012100074,https://zakupki.gov.ru/epz/order/notice/ea615/view/protocol/protocol-main-info.html?regNumber=202170000012100074&protocolId=34470504
202170000012100072,https://zakupki.gov.ru/epz/order/notice/ea615/view/protocol/protocol-main-info.html?regNumber=202170000012100072&protocolId=34457599
202170000012100069,https://zakupki.gov.ru/epz/order/notice/ea615/view/protocol/protocol-main-info.html?regNumber=202170000012100069&protocolId=34210617
202170000012100065,https://zakupki.gov.ru/epz/order/notice/ea615/view/protocol/protocol-main-info.html?regNumber=202170000012100065&protocolId=34190460
202170000012100068,https://zakupki.gov.ru/epz/order/notice/ea615/view/protocol/protocol-main-info.html?regNumber=202170000012100068&protocolId=34163334
202170000012100064,https://zakupki.gov.ru/epz/order/notice/ea615/view/protocol/protocol-main-info.html?regNumber=202170000012100064&protocolId=34159525
202170000012100066,https://zakupki.gov.ru/epz/order/notice/ea615/view/protocol/protocol-main-info.html?regNumber=202170000012100066&protocolId=34159524
202170000012100060,https://zakupki.gov.ru/epz/order/notice/ea615/view/protocol/protocol-main-info.html?regNumber=202170000012100060&protocolId=34014817
202170000012100059,https://zakupki.gov.ru/epz/order/notice/ea615/view/protocol/protocol-main-info.html?regNumber=202170000012100059&protocolId=33902571
202170000012100057,https://zakupki.gov.ru/epz/order/notice/ea615/view/protocol/protocol-main-info.html?regNumber=202170000012100057&protocolId=33815055
202170000012100055,https://zakupki.gov.ru/epz/order/notice/ea615/view/protocol/protocol-main-info.html?regNumber=202170000012100055&protocolId=33781862
202170000012100053,https://zakupki.gov.ru/epz/order/notice/ea615/view/protocol/protocol-main-info.html?regNumber=202170000012100053&protocolId=33781235
202170000012100056,https://zakupki.gov.ru/epz/order/notice/ea615/view/protocol/protocol-main-info.html?regNumber=202170000012100056&protocolId=33756458
202170000012100062,https://zakupki.gov.ruОтсутсвует
202170000012100061,https://zakupki.gov.ruОтсутсвует
202170000012100054,https://zakupki.gov.ru/epz/order/notice/ea615/view/protocol/protocol-main-info.html?regNumber=202170000012100054&protocolId=33715163
202170000012100052,https://zakupki.gov.ru/epz/order/notice/ea615/view/protocol/protocol-main-info.html?regNumber=202170000012100052&protocolId=33715084
202170000012100032,https://zakupki.gov.ru/epz/order/notice/ea615/view/protocol/protocol-main-info.html?regNumber=202170000012100032&protocolId=33680581
202170000012100031,https://zakupki.gov.ru/epz/order/notice/ea615/view/protocol/protocol-main-info.html?regNumber=202170000012100031&protocolId=33661941
202170000012100047,https://zakupki.gov.ru/epz/order/notice/ea615/view/protocol/protocol-main-info.html?regNumber=202170000012100047&protocolId=33586860
202170000012100029,https://zakupki.gov.ru/epz/order/notice/ea615/view/protocol/protocol-main-info.html?regNumber=202170000012100029&protocolId=33586331
202170000012100040,https://zakupki.gov.ru/epz/order/notice/ea615/view/protocol/protocol-main-info.html?regNumber=202170000012100040&protocolId=33300518
202170000012100035,https://zakupki.gov.ru/epz/order/notice/ea615/view/protocol/protocol-main-info.html?regNumber=202170000012100035&protocolId=33289376
202170000012100039,https://zakupki.gov.ru/epz/order/notice/ea615/view/protocol/protocol-main-info.html?regNumber=202170000012100039&protocolId=33283960
202170000012100038,https://zakupki.gov.ru/epz/order/notice/ea615/view/protocol/protocol-main-info.html?regNumber=202170000012100038&protocolId=33232789
202170000012100034,https://zakupki.gov.ru/epz/order/notice/ea615/view/protocol/protocol-main-info.html?regNumber=202170000012100034&protocolId=33232605
202170000012100033,https://zakupki.gov.ru/epz/order/notice/ea615/view/protocol/protocol-main-info.html?regNumber=202170000012100033&protocolId=33232281
202170000012100030,https://zakupki.gov.ru/epz/order/notice/ea615/view/protocol/protocol-main-info.html?regNumber=202170000012100030&protocolId=33232139
202170000012100024,https://zakupki.gov.ru/epz/order/notice/ea615/view/protocol/protocol-main-info.html?regNumber=202170000012100024&protocolId=32825657
202170000012100025,https://zakupki.gov.ru/epz/order/notice/ea615/view/protocol/protocol-main-info.html?regNumber=202170000012100025&protocolId=32788955
202170000012100013,https://zakupki.gov.ru/epz/order/notice/ea615/view/protocol/protocol-main-info.html?regNumber=202170000012100013&protocolId=32744985
202170000012100023,https://zakupki.gov.ru/epz/order/notice/ea615/view/protocol/protocol-main-info.html?regNumber=202170000012100023&protocolId=32647610
202170000012100020,https://zakupki.gov.ru/epz/order/notice/ea615/view/protocol/protocol-main-info.html?regNumber=202170000012100020&protocolId=32647491
202170000012100021,https://zakupki.gov.ru/epz/order/notice/ea615/view/protocol/protocol-main-info.html?regNumber=202170000012100021&protocolId=32642131
202170000012100022,https://zakupki.gov.ru/epz/order/notice/ea615/view/protocol/protocol-main-info.html?regNumber=202170000012100022&protocolId=32622395
202170000012100019,https://zakupki.gov.ru/epz/order/notice/ea615/view/protocol/protocol-main-info.html?regNumber=202170000012100019&protocolId=32564296
202170000012100012,https://zakupki.gov.ru/epz/order/notice/ea615/view/protocol/protocol-main-info.html?regNumber=202170000012100012&protocolId=32518189
202170000012100017,https://zakupki.gov.ru/epz/order/notice/ea615/view/protocol/protocol-main-info.html?regNumber=202170000012100017&protocolId=32377517
202170000012100018,https://zakupki.gov.ruОтсутсвует
202170000012100016,https://zakupki.gov.ru/epz/order/notice/ea615/view/protocol/protocol-main-info.html?regNumber=202170000012100016&protocolId=32301757
202170000012100015,https://zakupki.gov.ru/epz/order/notice/ea615/view/protocol/protocol-main-info.html?regNumber=202170000012100015&protocolId=32271432
202170000012100014,https://zakupki.gov.ru/epz/order/notice/ea615/view/protocol/protocol-main-info.html?regNumber=202170000012100014&protocolId=32270435
202170000012100011,https://zakupki.gov.ru/epz/order/notice/ea615/view/protocol/protocol-main-info.html?regNumber=202170000012100011&protocolId=32218875
202170000012100007,https://zakupki.gov.ru/epz/order/notice/ea615/view/protocol/protocol-main-info.html?regNumber=202170000012100007&protocolId=32202801
202170000012100006,https://zakupki.gov.ru/epz/order/notice/ea615/view/protocol/protocol-main-info.html?regNumber=202170000012100006&protocolId=32151420
202170000012100004,https://zakupki.gov.ru/epz/order/notice/ea615/view/protocol/protocol-main-info.html?regNumber=202170000012100004&protocolId=32120435
202170000012100002,https://zakupki.gov.ru/epz/order/notice/ea615/view/protocol/protocol-main-info.html?regNumber=202170000012100002&protocolId=32119498
202170000012100001,https://zakupki.gov.ru/epz/order/notice/ea615/view/protocol/protocol-main-info.html?regNumber=202170000012100001&protocolId=32119020
202170000012100003,https://zakupki.gov.ru/epz/order/notice/ea615/view/protocol/protocol-main-info.html?regNumber=202170000012100003&protocolId=32063940
202170000012100009,https://zakupki.gov.ruОтсутсвует
